{
  "Spotbugs_id": "SQL_NONCONSTANT_STRING_PASSED_TO_EXECUTE",
  "Spotbugs_name": "SQL: Nonconstant string passed to execute or addBatch method on an",
  "Entries": [
    {
      "Entry_ID": "1",
      "Base": {
        "Commit_ID": "6e6f6348adcc826702986c4aa38f111385237742",
        "Message": "Fix findbugs SE_NO_SERIALVERSIONID and DC_DOUBLECHECK locking",
        "Bug_location": [
          {
            "File": "SQL_NONCONSTANT_STRING_PASSED_TO_EXECUTE/files/1/Base/LightsHandler.java",
            "Locations": [ "62:5-68:6", "75:13-76:47", "94:13-101:47" ]
          }
        ],
        "API_URL": "https://api.github.com/repos/ljdelight/lights-app/commits/6e6f6348adcc826702986c4aa38f111385237742",
        "HTML_URL": "https://github.com/ljdelight/lights-app/commit/6e6f6348adcc826702986c4aa38f111385237742"
      },
      "Fix": {
        "Commit_ID": "58c319300e6ad49ae3b76f5b6d4e35598d9b091a",
        "Message": "Resolve findbugs SQL_NONCONSTANT_STRING_PASSED_TO_EXECUTE",
        "Fix_location": [
          {
            "File": "SQL_NONCONSTANT_STRING_PASSED_TO_EXECUTE/files/1/Fix/LightsHandler.java",
            "Locations": [ "68:13-69:88", "87:13-96:54" ]
          }
        ],
        "API_URL": "https://api.github.com/repos/ljdelight/lights-app/commits/58c319300e6ad49ae3b76f5b6d4e35598d9b091a",
        "HTML_URL": "https://github.com/ljdelight/lights-app/commit/58c319300e6ad49ae3b76f5b6d4e35598d9b091a"
      }
    },
    {
      "Entry_ID": "2",
      "Base": {
        "Commit_ID": "a3c1e9dc78f4d09d2d65a2d3761ea406cf2b0689",
        "Message": "IDEMPIERE-455 Discover and fix FindBugs problems / Pattern SQL_NONCONSTANT_STRING_PASSED_TO_EXECUTE",
        "Bug_location": [
          {
            "File": "SQL_NONCONSTANT_STRING_PASSED_TO_EXECUTE/files/2/Base/SessionContextListener.java",
            "Locations": [ "319:13-319:29" ]
          }
        ],
        "API_URL": "https://api.github.com/repos/andcricardo/iDempiere/commits/a3c1e9dc78f4d09d2d65a2d3761ea406cf2b0689",
        "HTML_URL": "https://github.com/andcricardo/iDempiere/commit/a3c1e9dc78f4d09d2d65a2d3761ea406cf2b0689"
      },
      "Fix": {
        "Commit_ID": "db87b54563f72246bb3dc1e8da120f002eaf3720",
        "Message": "IDEMPIERE-293  List of active session / fix findbug pattern SQL_NONCONSTANT_STRING_PASSED_TO_EXECUTE",
        "Fix_location": [
          {
            "File": "SQL_NONCONSTANT_STRING_PASSED_TO_EXECUTE/files/2/Fix/SessionContextListener.java",
            "Locations": [ "319:13-319:31" ]
          }
        ],
        "API_URL": "https://api.github.com/repos/andcricardo/iDempiere/commits/db87b54563f72246bb3dc1e8da120f002eaf3720",
        "HTML_URL": "https://github.com/andcricardo/iDempiere/commit/db87b54563f72246bb3dc1e8da120f002eaf3720"
      }
    },
    {
      "Entry_ID": "3",
      "Base": {
        "Commit_ID": "a3c1e9dc78f4d09d2d65a2d3761ea406cf2b0689",
        "Message": "IDEMPIERE-455 Discover and fix FindBugs problems / Pattern SQL_NONCONSTANT_STRING_PASSED_TO_EXECUTE",
        "Bug_location": [
          {
            "File": "SQL_NONCONSTANT_STRING_PASSED_TO_EXECUTE/files/3/Base/SessionContextListener.java",
            "Locations": [ "334:13-334:29" ]
          }
        ],
        "API_URL": "https://api.github.com/repos/andcricardo/iDempiere/commits/a3c1e9dc78f4d09d2d65a2d3761ea406cf2b0689",
        "HTML_URL": "https://github.com/andcricardo/iDempiere/commit/a3c1e9dc78f4d09d2d65a2d3761ea406cf2b0689"
      },
      "Fix": {
        "Commit_ID": "db87b54563f72246bb3dc1e8da120f002eaf3720",
        "Message": "IDEMPIERE-293  List of active session / fix findbug pattern SQL_NONCONSTANT_STRING_PASSED_TO_EXECUTE",
        "Fix_location": [
          {
            "File": "SQL_NONCONSTANT_STRING_PASSED_TO_EXECUTE/files/3/Fix/SessionContextListener.java",
            "Locations": [ "334:13-334:31" ]
          }
        ],
        "API_URL": "https://api.github.com/repos/andcricardo/iDempiere/commits/db87b54563f72246bb3dc1e8da120f002eaf3720",
        "HTML_URL": "https://github.com/andcricardo/iDempiere/commit/db87b54563f72246bb3dc1e8da120f002eaf3720"
      }
    },
    {
      "Entry_ID": "4",
      "Base": {
        "Commit_ID": "ad61a5e63750593cee0b01b7e859897029326544",
        "Message": "IDEMPIERE-455 Discover and fix FindBugs problems / Pattern NS_DANGEROUS_NON_SHORT_CIRCUIT",
        "Bug_location": [
          {
            "File": "SQL_NONCONSTANT_STRING_PASSED_TO_EXECUTE/files/4/Base/LoggedSessionListener.java",
            "Locations": [ "58:9-64:10" , "69:5-85:6" ]
          }
        ],
        "API_URL": "https://api.github.com/repos/andcricardo/iDempiere/commits/ad61a5e63750593cee0b01b7e859897029326544",
        "HTML_URL": "https://github.com/andcricardo/iDempiere/commit/ad61a5e63750593cee0b01b7e859897029326544"
      },
      "Fix": {
        "Commit_ID": "a3c1e9dc78f4d09d2d65a2d3761ea406cf2b0689",
        "Message": "IDEMPIERE-455 Discover and fix FindBugs problems / Pattern SQL_NONCONSTANT_STRING_PASSED_TO_EXECUTE",
        "Fix_location": [
          {
            "File": "SQL_NONCONSTANT_STRING_PASSED_TO_EXECUTE/files/4/Fix/LoggedSessionListener.java",
            "Locations": [ "59:9-63:10", "68:5-77:6" ]
          }
        ],
        "API_URL": "https://api.github.com/repos/andcricardo/iDempiere/commits/a3c1e9dc78f4d09d2d65a2d3761ea406cf2b0689",
        "HTML_URL": "https://github.com/andcricardo/iDempiere/commit/a3c1e9dc78f4d09d2d65a2d3761ea406cf2b0689"
      }
    }
  ]
}