{
  "SonarQube_id": "S2384",
  "SonarQube_name": "Mutable members should not be stored or returned directly",
  "Entries": [
    {
      "Entry_ID": "1",
      "Base": {
        "Commit_ID": "89ad38409c50521b0d7668bd515d4a6a098712e8",
        "Message": "CCKEY-80 Implement key category <> user group entity relation",
        "Bug_location": [
          {
            "File": "S2384/files/1/Base/KeyCategory.java",
            "Locations": [ "102:5-104:6" ]
          }
        ],
        "API_URL": "https://api.github.com/repos/communicode/communikey-backend/commits/89ad38409c50521b0d7668bd515d4a6a098712e8",
        "HTML_URL": "https://github.com/communicode/communikey-backend/commit/89ad38409c50521b0d7668bd515d4a6a098712e8"
      },
      "Fix": {
        "Commit_ID": "d565ee98b91826782813486245b2514ad92bd90e",
        "Message": "CCKEY-80 Fix critical Sonar issues\n\nRules:\n  - squid:S2384",
        "Fix_location": [
          {
            "File": "S2384/files/1/Fix/KeyCategory.java",
            "Locations": [ "102:5-104:6" ]
          }
        ],
        "API_URL": "https://api.github.com/repos/communicode/communikey-backend/commits/d565ee98b91826782813486245b2514ad92bd90e",
        "HTML_URL": "https://github.com/communicode/communikey-backend/commit/d565ee98b91826782813486245b2514ad92bd90e"
      }
    },
    {
      "Entry_ID": "2",
      "Base": {
        "Commit_ID": "89ad38409c50521b0d7668bd515d4a6a098712e8",
        "Message": "CCKEY-80 Implement key category <> user group entity relation",
        "Bug_location": [
          {
            "File": "S2384/files/2/Base/KeyCategory.java",
            "Locations": [ "106:5-108:6" ]
          }
        ],
        "API_URL": "https://api.github.com/repos/communicode/communikey-backend/commits/89ad38409c50521b0d7668bd515d4a6a098712e8",
        "HTML_URL": "https://github.com/communicode/communikey-backend/commit/89ad38409c50521b0d7668bd515d4a6a098712e8"
      },
      "Fix": {
        "Commit_ID": "d565ee98b91826782813486245b2514ad92bd90e",
        "Message": "CCKEY-80 Fix critical Sonar issues\n\nRules:\n  - squid:S2384",
        "Fix_location": [
          {
            "File": "S2384/files/2/Fix/KeyCategory.java",
            "Locations": [ "106:5-108:6" ]
          }
        ],
        "API_URL": "https://api.github.com/repos/communicode/communikey-backend/commits/d565ee98b91826782813486245b2514ad92bd90e",
        "HTML_URL": "https://github.com/communicode/communikey-backend/commit/d565ee98b91826782813486245b2514ad92bd90e"
      }
    },
    {
      "Entry_ID": "3",
      "Base": {
        "Commit_ID": "89ad38409c50521b0d7668bd515d4a6a098712e8",
        "Message": "CCKEY-80 Implement key category <> user group entity relation",
        "Bug_location": [
          {
            "File": "S2384/files/3/Base/KeyCategory.java",
            "Locations": [ "118:5-120:6" ]
          }
        ],
        "API_URL": "https://api.github.com/repos/communicode/communikey-backend/commits/89ad38409c50521b0d7668bd515d4a6a098712e8",
        "HTML_URL": "https://github.com/communicode/communikey-backend/commit/89ad38409c50521b0d7668bd515d4a6a098712e8"
      },
      "Fix": {
        "Commit_ID": "d565ee98b91826782813486245b2514ad92bd90e",
        "Message": "CCKEY-80 Fix critical Sonar issues\n\nRules:\n  - squid:S2384",
        "Fix_location": [
          {
            "File": "S2384/files/3/Fix/KeyCategory.java",
            "Locations": [ "118:5-120:6" ]
          }
        ],
        "API_URL": "https://api.github.com/repos/communicode/communikey-backend/commits/d565ee98b91826782813486245b2514ad92bd90e",
        "HTML_URL": "https://github.com/communicode/communikey-backend/commit/d565ee98b91826782813486245b2514ad92bd90e"
      }
    },
    {
      "Entry_ID": "4",
      "Base": {
        "Commit_ID": "89ad38409c50521b0d7668bd515d4a6a098712e8",
        "Message": "CCKEY-80 Implement key category <> user group entity relation",
        "Bug_location": [
          {
            "File": "S2384/files/4/Base/KeyCategory.java",
            "Locations": [ "122:5-124:6" ]
          }
        ],
        "API_URL": "https://api.github.com/repos/communicode/communikey-backend/commits/89ad38409c50521b0d7668bd515d4a6a098712e8",
        "HTML_URL": "https://github.com/communicode/communikey-backend/commit/89ad38409c50521b0d7668bd515d4a6a098712e8"
      },
      "Fix": {
        "Commit_ID": "d565ee98b91826782813486245b2514ad92bd90e",
        "Message": "CCKEY-80 Fix critical Sonar issues\n\nRules:\n  - squid:S2384",
        "Fix_location": [
          {
            "File": "S2384/files/4/Fix/KeyCategory.java",
            "Locations": [ "122:5-124:6" ]
          }
        ],
        "API_URL": "https://api.github.com/repos/communicode/communikey-backend/commits/d565ee98b91826782813486245b2514ad92bd90e",
        "HTML_URL": "https://github.com/communicode/communikey-backend/commit/d565ee98b91826782813486245b2514ad92bd90e"
      }
    },
    {
      "Entry_ID": "5",
      "Base": {
        "Commit_ID": "89ad38409c50521b0d7668bd515d4a6a098712e8",
        "Message": "CCKEY-80 Implement key category <> user group entity relation",
        "Bug_location": [
          {
            "File": "S2384/files/5/Base/KeyCategory.java",
            "Locations": [ "134:5-136:6" ]
          }
        ],
        "API_URL": "https://api.github.com/repos/communicode/communikey-backend/commits/89ad38409c50521b0d7668bd515d4a6a098712e8",
        "HTML_URL": "https://github.com/communicode/communikey-backend/commit/89ad38409c50521b0d7668bd515d4a6a098712e8"
      },
      "Fix": {
        "Commit_ID": "d565ee98b91826782813486245b2514ad92bd90e",
        "Message": "CCKEY-80 Fix critical Sonar issues\n\nRules:\n  - squid:S2384",
        "Fix_location": [
          {
            "File": "S2384/files/5/Fix/KeyCategory.java",
            "Locations": [ "134:5-136:6" ]
          }
        ],
        "API_URL": "https://api.github.com/repos/communicode/communikey-backend/commits/d565ee98b91826782813486245b2514ad92bd90e",
        "HTML_URL": "https://github.com/communicode/communikey-backend/commit/d565ee98b91826782813486245b2514ad92bd90e"
      }
    },
    {
      "Entry_ID": "6",
      "Base": {
        "Commit_ID": "89ad38409c50521b0d7668bd515d4a6a098712e8",
        "Message": "CCKEY-80 Implement key category <> user group entity relation",
        "Bug_location": [
          {
            "File": "S2384/files/6/Base/KeyCategory.java",
            "Locations": [ "138:5-140:6" ]
          }
        ],
        "API_URL": "https://api.github.com/repos/communicode/communikey-backend/commits/89ad38409c50521b0d7668bd515d4a6a098712e8",
        "HTML_URL": "https://github.com/communicode/communikey-backend/commit/89ad38409c50521b0d7668bd515d4a6a098712e8"
      },
      "Fix": {
        "Commit_ID": "d565ee98b91826782813486245b2514ad92bd90e",
        "Message": "CCKEY-80 Fix critical Sonar issues\n\nRules:\n  - squid:S2384",
        "Fix_location": [
          {
            "File": "S2384/files/6/Fix/KeyCategory.java",
            "Locations": [ "138:5-140:6" ]
          }
        ],
        "API_URL": "https://api.github.com/repos/communicode/communikey-backend/commits/d565ee98b91826782813486245b2514ad92bd90e",
        "HTML_URL": "https://github.com/communicode/communikey-backend/commit/d565ee98b91826782813486245b2514ad92bd90e"
      }
    },
    {
      "Entry_ID": "7",
      "Base": {
        "Commit_ID": "89ad38409c50521b0d7668bd515d4a6a098712e8",
        "Message": "CCKEY-80 Implement key category <> user group entity relation",
        "Bug_location": [
          {
            "File": "S2384/files/7/Base/UserGroup.java",
            "Locations": [ "82:5-84:6" ]
          }
        ],
        "API_URL": "https://api.github.com/repos/communicode/communikey-backend/commits/89ad38409c50521b0d7668bd515d4a6a098712e8",
        "HTML_URL": "https://github.com/communicode/communikey-backend/commit/89ad38409c50521b0d7668bd515d4a6a098712e8"
      },
      "Fix": {
        "Commit_ID": "d565ee98b91826782813486245b2514ad92bd90e",
        "Message": "CCKEY-80 Fix critical Sonar issues\n\nRules:\n  - squid:S2384",
        "Fix_location": [
          {
            "File": "S2384/files/7/Fix/UserGroup.java",
            "Locations": [ "82:5-84:6" ]
          }
        ],
        "API_URL": "https://api.github.com/repos/communicode/communikey-backend/commits/d565ee98b91826782813486245b2514ad92bd90e",
        "HTML_URL": "https://github.com/communicode/communikey-backend/commit/d565ee98b91826782813486245b2514ad92bd90e"
      }
    },
    {
      "Entry_ID": "8",
      "Base": {
        "Commit_ID": "89ad38409c50521b0d7668bd515d4a6a098712e8",
        "Message": "CCKEY-80 Implement key category <> user group entity relation",
        "Bug_location": [
          {
            "File": "S2384/files/8/Base/UserGroup.java",
            "Locations": [ "86:5-88:6" ]
          }
        ],
        "API_URL": "https://api.github.com/repos/communicode/communikey-backend/commits/89ad38409c50521b0d7668bd515d4a6a098712e8",
        "HTML_URL": "https://github.com/communicode/communikey-backend/commit/89ad38409c50521b0d7668bd515d4a6a098712e8"
      },
      "Fix": {
        "Commit_ID": "d565ee98b91826782813486245b2514ad92bd90e",
        "Message": "CCKEY-80 Fix critical Sonar issues\n\nRules:\n  - squid:S2384",
        "Fix_location": [
          {
            "File": "S2384/files/8/Fix/UserGroup.java",
            "Locations": [ "86:5-88:6" ]
          }
        ],
        "API_URL": "https://api.github.com/repos/communicode/communikey-backend/commits/d565ee98b91826782813486245b2514ad92bd90e",
        "HTML_URL": "https://github.com/communicode/communikey-backend/commit/d565ee98b91826782813486245b2514ad92bd90e"
      }
    },
    {
      "Entry_ID": "9",
      "Base": {
        "Commit_ID": "89ad38409c50521b0d7668bd515d4a6a098712e8",
        "Message": "CCKEY-80 Implement key category <> user group entity relation",
        "Bug_location": [
          {
            "File": "S2384/files/9/Base/UserGroup.java",
            "Locations": [ "90:5-92:6" ]
          }
        ],
        "API_URL": "https://api.github.com/repos/communicode/communikey-backend/commits/89ad38409c50521b0d7668bd515d4a6a098712e8",
        "HTML_URL": "https://github.com/communicode/communikey-backend/commit/89ad38409c50521b0d7668bd515d4a6a098712e8"
      },
      "Fix": {
        "Commit_ID": "d565ee98b91826782813486245b2514ad92bd90e",
        "Message": "CCKEY-80 Fix critical Sonar issues\n\nRules:\n  - squid:S2384",
        "Fix_location": [
          {
            "File": "S2384/files/9/Fix/UserGroup.java",
            "Locations": [ "90:5-92:6" ]
          }
        ],
        "API_URL": "https://api.github.com/repos/communicode/communikey-backend/commits/d565ee98b91826782813486245b2514ad92bd90e",
        "HTML_URL": "https://github.com/communicode/communikey-backend/commit/d565ee98b91826782813486245b2514ad92bd90e"
      }
    },
    {
      "Entry_ID": "10",
      "Base": {
        "Commit_ID": "89ad38409c50521b0d7668bd515d4a6a098712e8",
        "Message": "CCKEY-80 Implement key category <> user group entity relation",
        "Bug_location": [
          {
            "File": "S2384/files/10/Base/UserGroup.java",
            "Locations": [ "94:5-96:6" ]
          }
        ],
        "API_URL": "https://api.github.com/repos/communicode/communikey-backend/commits/89ad38409c50521b0d7668bd515d4a6a098712e8",
        "HTML_URL": "https://github.com/communicode/communikey-backend/commit/89ad38409c50521b0d7668bd515d4a6a098712e8"
      },
      "Fix": {
        "Commit_ID": "d565ee98b91826782813486245b2514ad92bd90e",
        "Message": "CCKEY-80 Fix critical Sonar issues\n\nRules:\n  - squid:S2384",
        "Fix_location": [
          {
            "File": "S2384/files/10/Fix/UserGroup.java",
            "Locations": [ "94:5-96:6" ]
          }
        ],
        "API_URL": "https://api.github.com/repos/communicode/communikey-backend/commits/d565ee98b91826782813486245b2514ad92bd90e",
        "HTML_URL": "https://github.com/communicode/communikey-backend/commit/d565ee98b91826782813486245b2514ad92bd90e"
      }
    },
    {
      "Entry_ID": "11",
      "Base": {
        "Commit_ID": "efdacdb6747f60c0afe038e3ffebaada1462310a",
        "Message": "Performance - Method uses a FileInputStream constructor\n\nfb-contrib:IOI_USE_OF_FILE_STREAM_CONSTRUCTORS",
        "Bug_location": [
          {
            "File": "S2384/files/11/Base/CxxPreprocessor.java",
            "Locations": [ "145:5-150:6" ]
          }
        ],
        "API_URL": "https://api.github.com/repos/SonarOpenCommunity/sonar-cxx/commits/efdacdb6747f60c0afe038e3ffebaada1462310a",
        "HTML_URL": "https://github.com/SonarOpenCommunity/sonar-cxx/commit/efdacdb6747f60c0afe038e3ffebaada1462310a"
      },
      "Fix": {
        "Commit_ID": "4cb143540b4bdb555c6aa472f85f350ad175c683",
        "Message": "Mutable members should not be stored or returned directly\n\nsquid:S2384",
        "Fix_location": [
          {
            "File": "S2384/files/11/Fix/CxxPreprocessor.java",
            "Locations": [ "146:5-159:6" ]
          }
        ],
        "API_URL": "https://api.github.com/repos/SonarOpenCommunity/sonar-cxx/commits/4cb143540b4bdb555c6aa472f85f350ad175c683",
        "HTML_URL": "https://github.com/SonarOpenCommunity/sonar-cxx/commit/4cb143540b4bdb555c6aa472f85f350ad175c683"
      }
    },
    {
      "Entry_ID": "12",
      "Base": {
        "Commit_ID": "323d3d38dd4bad5eb6547e53cb18949fcad536f8",
        "Message": "Merge branch 'feature/renaming' into 'develop'\n\nFabric -> Factory\n\nSee merge request 65AppsAndroid/architecture-components!13",
        "Bug_location": [
          {
            "File": "S2384/files/12/Base/RxPermissionRequest.java",
            "Locations": [ "44:9-44:40" ]
          }
        ],
        "API_URL": "https://api.github.com/repos/ffuel/android-architecture-components/commits/323d3d38dd4bad5eb6547e53cb18949fcad536f8",
        "HTML_URL": "https://github.com/ffuel/android-architecture-components/commit/323d3d38dd4bad5eb6547e53cb18949fcad536f8"
      },
      "Fix": {
        "Commit_ID": "0febbf070df66da358c41f17f2973d9fbb9b0c1d",
        "Message": "\u0418\u0441\u043f\u0440\u0430\u0432\u043b\u0435\u043d\u044b \u043d\u0435\u043a\u043e\u0442\u043e\u0440\u044b\u0435 \u043f\u0440\u043e\u0431\u043b\u0435\u043c\u044b \u0431\u0435\u0437\u043e\u043f\u0430\u0441\u043d\u043e\u0441\u0442\u0438.\n\nhttp://sonar.65apps.com/sonar/coding_rules?activation=true&open=squid%3AS2384&qprofile=AWQ7ADPg2AtKWoCxBVAT&types=VULNERABILITY",
        "Fix_location": [
          {
            "File": "S2384/files/12/Fix/RxPermissionRequest.java",
            "Locations": [ "45:9-45:75" ]
          }
        ],
        "API_URL": "https://api.github.com/repos/ffuel/android-architecture-components/commits/0febbf070df66da358c41f17f2973d9fbb9b0c1d",
        "HTML_URL": "https://github.com/ffuel/android-architecture-components/commit/0febbf070df66da358c41f17f2973d9fbb9b0c1d"
      }
    },
    {
      "Entry_ID": "13",
      "Base": {
        "Commit_ID": "323d3d38dd4bad5eb6547e53cb18949fcad536f8",
        "Message": "Merge branch 'feature/renaming' into 'develop'\n\nFabric -> Factory\n\nSee merge request 65AppsAndroid/architecture-components!13",
        "Bug_location": [
          {
            "File": "S2384/files/13/Base/SubComponentBuilder.java",
            "Locations": [ "43:9-43:32" ]
          }
        ],
        "API_URL": "https://api.github.com/repos/ffuel/android-architecture-components/commits/323d3d38dd4bad5eb6547e53cb18949fcad536f8",
        "HTML_URL": "https://github.com/ffuel/android-architecture-components/commit/323d3d38dd4bad5eb6547e53cb18949fcad536f8"
      },
      "Fix": {
        "Commit_ID": "0febbf070df66da358c41f17f2973d9fbb9b0c1d",
        "Message": "\u0418\u0441\u043f\u0440\u0430\u0432\u043b\u0435\u043d\u044b \u043d\u0435\u043a\u043e\u0442\u043e\u0440\u044b\u0435 \u043f\u0440\u043e\u0431\u043b\u0435\u043c\u044b \u0431\u0435\u0437\u043e\u043f\u0430\u0441\u043d\u043e\u0441\u0442\u0438.\n\nhttp://sonar.65apps.com/sonar/coding_rules?activation=true&open=squid%3AS2384&qprofile=AWQ7ADPg2AtKWoCxBVAT&types=VULNERABILITY",
        "Fix_location": [
          {
            "File": "S2384/files/13/Fix/SubComponentBuilder.java",
            "Locations": [ "44:9-44:63" ]
          }
        ],
        "API_URL": "https://api.github.com/repos/ffuel/android-architecture-components/commits/0febbf070df66da358c41f17f2973d9fbb9b0c1d",
        "HTML_URL": "https://github.com/ffuel/android-architecture-components/commit/0febbf070df66da358c41f17f2973d9fbb9b0c1d"
      }
    },
    {
      "Entry_ID": "14",
      "Base": {
        "Commit_ID": "28b6fcd0aecd3f9f627c9705d378ffd958c00aef",
        "Message": "fix getValuesNext",
        "Bug_location": [
          {
            "File": "S2384/files/14/Base/WrappedByteArray.java",
            "Locations": [ "24:3-26:4" ]
          }
        ],
        "API_URL": "https://api.github.com/repos/litetokens-staging/java-tron/commits/28b6fcd0aecd3f9f627c9705d378ffd958c00aef",
        "HTML_URL": "https://github.com/litetokens-staging/java-tron/commit/28b6fcd0aecd3f9f627c9705d378ffd958c00aef"
      },
      "Fix": {
        "Commit_ID": "5f8d3e0d0d7cf53b9cf7b0c7a34d9690d0eb5e07",
        "Message": "resolve sonar squid:S2384",
        "Fix_location": [
          {
            "File": "S2384/files/14/Fix/WrappedByteArray.java",
            "Locations": [ "8:1-8:50" ]
          }
        ],
        "API_URL": "https://api.github.com/repos/litetokens-staging/java-tron/commits/5f8d3e0d0d7cf53b9cf7b0c7a34d9690d0eb5e07",
        "HTML_URL": "https://github.com/litetokens-staging/java-tron/commit/5f8d3e0d0d7cf53b9cf7b0c7a34d9690d0eb5e07"
      }
    },
    {
      "Entry_ID": "15",
      "Base": {
        "Commit_ID": "9d6f9d814d023b1e2af17cdf25058667ace7ee49",
        "Message": "solve Sonar issues (first draft)",
        "Bug_location": [
          {
            "File": "S2384/files/15/Base/CiPoliciesActivities.java",
            "Locations": [ "14:3-14:52", "61:3-63:4", "65:3-67:4" ]
          }
        ],
        "API_URL": "https://api.github.com/repos/boomerang-io/bosun.service.policy/commits/9d6f9d814d023b1e2af17cdf25058667ace7ee49",
        "HTML_URL": "https://github.com/boomerang-io/bosun.service.policy/commit/9d6f9d814d023b1e2af17cdf25058667ace7ee49"
      },
      "Fix": {
        "Commit_ID": "8fda75b0f2e9441d3d4f564a6b269e7ed282f9fe",
        "Message": "Sonar-fix, fix use list and date in order fo fix: Mutable members should not be stored or returned directly (squid:S2384)",
        "Fix_location": [
          {
            "File": "S2384/files/15/Fix/CiPoliciesActivities.java",
            "Locations": [ "14:3-14:52", "61:3-63:4", "65:3-67:4" ]
          }
        ],
        "API_URL": "https://api.github.com/repos/boomerang-io/bosun.service.policy/commits/8fda75b0f2e9441d3d4f564a6b269e7ed282f9fe",
        "HTML_URL": "https://github.com/boomerang-io/bosun.service.policy/commit/8fda75b0f2e9441d3d4f564a6b269e7ed282f9fe"
      }
    },
    {
      "Entry_ID": "16",
      "Base": {
        "Commit_ID": "9d6f9d814d023b1e2af17cdf25058667ace7ee49",
        "Message": "solve Sonar issues (first draft)",
        "Bug_location": [
          {
            "File": "S2384/files/16/Base/CiPolicy.java",
            "Locations": [ "23:3-23:31", "70:3-75:4", "77:3-79:4" ]
          }
        ],
        "API_URL": "https://api.github.com/repos/boomerang-io/bosun.service.policy/commits/9d6f9d814d023b1e2af17cdf25058667ace7ee49",
        "HTML_URL": "https://github.com/boomerang-io/bosun.service.policy/commit/9d6f9d814d023b1e2af17cdf25058667ace7ee49"
      },
      "Fix": {
        "Commit_ID": "8fda75b0f2e9441d3d4f564a6b269e7ed282f9fe",
        "Message": "Sonar-fix, fix use list and date in order fo fix: Mutable members should not be stored or returned directly (squid:S2384)",
        "Fix_location": [
          {
            "File": "S2384/files/16/Fix/CiPolicy.java",
            "Locations": [ "24:3-24:51", "67:3-69:4", "71:3-73:4" ]
          }
        ],
        "API_URL": "https://api.github.com/repos/boomerang-io/bosun.service.policy/commits/8fda75b0f2e9441d3d4f564a6b269e7ed282f9fe",
        "HTML_URL": "https://github.com/boomerang-io/bosun.service.policy/commit/8fda75b0f2e9441d3d4f564a6b269e7ed282f9fe"
      }
    },
    {
      "Entry_ID": "17",
      "Base": {
        "Commit_ID": "9d6f9d814d023b1e2af17cdf25058667ace7ee49",
        "Message": "solve Sonar issues (first draft)",
        "Bug_location": [
          {
            "File": "S2384/files/17/Base/CiPolicy.java",
            "Locations": [ "49:3-51:4", "53:3-55:4" ]
          }
        ],
        "API_URL": "https://api.github.com/repos/boomerang-io/bosun.service.policy/commits/9d6f9d814d023b1e2af17cdf25058667ace7ee49",
        "HTML_URL": "https://github.com/boomerang-io/bosun.service.policy/commit/9d6f9d814d023b1e2af17cdf25058667ace7ee49"
      },
      "Fix": {
        "Commit_ID": "8fda75b0f2e9441d3d4f564a6b269e7ed282f9fe",
        "Message": "Sonar-fix, fix use list and date in order fo fix: Mutable members should not be stored or returned directly (squid:S2384)",
        "Fix_location": [
          {
            "File": "S2384/files/17/Fix/CiPolicy.java",
            "Locations": [ "50:3-52:4", "54:3-56:4" ]
          }
        ],
        "API_URL": "https://api.github.com/repos/boomerang-io/bosun.service.policy/commits/8fda75b0f2e9441d3d4f564a6b269e7ed282f9fe",
        "HTML_URL": "https://github.com/boomerang-io/bosun.service.policy/commit/8fda75b0f2e9441d3d4f564a6b269e7ed282f9fe"
      }
    },
    {
      "Entry_ID": "18",
      "Base": {
        "Commit_ID": "9d6f9d814d023b1e2af17cdf25058667ace7ee49",
        "Message": "solve Sonar issues (first draft)",
        "Bug_location": [
          {
            "File": "S2384/files/18/Base/CiPolicy.java",
            "Locations": [ "57:3-59:4", "61:3-68:4" ]
          }
        ],
        "API_URL": "https://api.github.com/repos/boomerang-io/bosun.service.policy/commits/9d6f9d814d023b1e2af17cdf25058667ace7ee49",
        "HTML_URL": "https://github.com/boomerang-io/bosun.service.policy/commit/9d6f9d814d023b1e2af17cdf25058667ace7ee49"
      },
      "Fix": {
        "Commit_ID": "8fda75b0f2e9441d3d4f564a6b269e7ed282f9fe",
        "Message": "Sonar-fix, fix use list and date in order fo fix: Mutable members should not be stored or returned directly (squid:S2384)",
        "Fix_location": [
          {
            "File": "S2384/files/18/Fix/CiPolicy.java",
            "Locations": [ "58:3-60:4", "62:3-65:4" ]
          }
        ],
        "API_URL": "https://api.github.com/repos/boomerang-io/bosun.service.policy/commits/8fda75b0f2e9441d3d4f564a6b269e7ed282f9fe",
        "HTML_URL": "https://github.com/boomerang-io/bosun.service.policy/commit/8fda75b0f2e9441d3d4f564a6b269e7ed282f9fe"
      }
    },
    {
      "Entry_ID": "19",
      "Base": {
        "Commit_ID": "9d6f9d814d023b1e2af17cdf25058667ace7ee49",
        "Message": "solve Sonar issues (first draft)",
        "Bug_location": [
          {
            "File": "S2384/files/19/Base/CiPolicyActivitiesInsights.java",
            "Locations": [ "26:3-28:4", "30:3-33:4" ]
          }
        ],
        "API_URL": "https://api.github.com/repos/boomerang-io/bosun.service.policy/commits/9d6f9d814d023b1e2af17cdf25058667ace7ee49",
        "HTML_URL": "https://github.com/boomerang-io/bosun.service.policy/commit/9d6f9d814d023b1e2af17cdf25058667ace7ee49"
      },
      "Fix": {
        "Commit_ID": "8fda75b0f2e9441d3d4f564a6b269e7ed282f9fe",
        "Message": "Sonar-fix, fix use list and date in order fo fix: Mutable members should not be stored or returned directly (squid:S2384)",
        "Fix_location": [
          {
            "File": "S2384/files/19/Fix/CiPolicyActivitiesInsights.java",
            "Locations": [ "26:3-28:4", "30:3-33:4" ]
          }
        ],
        "API_URL": "https://api.github.com/repos/boomerang-io/bosun.service.policy/commits/8fda75b0f2e9441d3d4f564a6b269e7ed282f9fe",
        "HTML_URL": "https://github.com/boomerang-io/bosun.service.policy/commit/8fda75b0f2e9441d3d4f564a6b269e7ed282f9fe"
      }
    },
    {
      "Entry_ID": "20",
      "Base": {
        "Commit_ID": "9d6f9d814d023b1e2af17cdf25058667ace7ee49",
        "Message": "solve Sonar issues (first draft)",
        "Bug_location": [
          {
            "File": "S2384/files/20/Base/CiPolicyDefinition.java",
            "Locations": [ "63:3-65:4", "67:3-69:4" ]
          }
        ],
        "API_URL": "https://api.github.com/repos/boomerang-io/bosun.service.policy/commits/9d6f9d814d023b1e2af17cdf25058667ace7ee49",
        "HTML_URL": "https://github.com/boomerang-io/bosun.service.policy/commit/9d6f9d814d023b1e2af17cdf25058667ace7ee49"
      },
      "Fix": {
        "Commit_ID": "8fda75b0f2e9441d3d4f564a6b269e7ed282f9fe",
        "Message": "Sonar-fix, fix use list and date in order fo fix: Mutable members should not be stored or returned directly (squid:S2384)",
        "Fix_location": [
          {
            "File": "S2384/files/20/Fix/CiPolicyDefinition.java",
            "Locations": [ "65:3-67:4", "69:3-71:4" ]
          }
        ],
        "API_URL": "https://api.github.com/repos/boomerang-io/bosun.service.policy/commits/8fda75b0f2e9441d3d4f564a6b269e7ed282f9fe",
        "HTML_URL": "https://github.com/boomerang-io/bosun.service.policy/commit/8fda75b0f2e9441d3d4f564a6b269e7ed282f9fe"
      }
    },
    {
      "Entry_ID": "21",
      "Base": {
        "Commit_ID": "9d6f9d814d023b1e2af17cdf25058667ace7ee49",
        "Message": "solve Sonar issues (first draft)",
        "Bug_location": [
          {
            "File": "S2384/files/21/Base/CiPolicyInsights.java",
            "Locations": [ "37:3-39:4", "41:3-43:4" ]
          }
        ],
        "API_URL": "https://api.github.com/repos/boomerang-io/bosun.service.policy/commits/9d6f9d814d023b1e2af17cdf25058667ace7ee49",
        "HTML_URL": "https://github.com/boomerang-io/bosun.service.policy/commit/9d6f9d814d023b1e2af17cdf25058667ace7ee49"
      },
      "Fix": {
        "Commit_ID": "8fda75b0f2e9441d3d4f564a6b269e7ed282f9fe",
        "Message": "Sonar-fix, fix use list and date in order fo fix: Mutable members should not be stored or returned directly (squid:S2384)",
        "Fix_location": [
          {
            "File": "S2384/files/21/Fix/CiPolicyInsights.java",
            "Locations": [ "37:3-39:4", "41:3-43:4" ]
          }
        ],
        "API_URL": "https://api.github.com/repos/boomerang-io/bosun.service.policy/commits/8fda75b0f2e9441d3d4f564a6b269e7ed282f9fe",
        "HTML_URL": "https://github.com/boomerang-io/bosun.service.policy/commit/8fda75b0f2e9441d3d4f564a6b269e7ed282f9fe"
      }
    },
    {
      "Entry_ID": "22",
      "Base": {
        "Commit_ID": "9d6f9d814d023b1e2af17cdf25058667ace7ee49",
        "Message": "solve Sonar issues (first draft)",
        "Bug_location": [
          {
            "File": "S2384/files/22/Base/CiPolicyViolations.java",
            "Locations": [ "98:3-100:4", "102:3-104:4" ]
          }
        ],
        "API_URL": "https://api.github.com/repos/boomerang-io/bosun.service.policy/commits/9d6f9d814d023b1e2af17cdf25058667ace7ee49",
        "HTML_URL": "https://github.com/boomerang-io/bosun.service.policy/commit/9d6f9d814d023b1e2af17cdf25058667ace7ee49"
      },
      "Fix": {
        "Commit_ID": "8fda75b0f2e9441d3d4f564a6b269e7ed282f9fe",
        "Message": "Sonar-fix, fix use list and date in order fo fix: Mutable members should not be stored or returned directly (squid:S2384)",
        "Fix_location": [
          {
            "File": "S2384/files/22/Fix/CiPolicyViolations.java",
            "Locations": [ "98:3-100:4", "102:3-105:4" ]
          }
        ],
        "API_URL": "https://api.github.com/repos/boomerang-io/bosun.service.policy/commits/8fda75b0f2e9441d3d4f564a6b269e7ed282f9fe",
        "HTML_URL": "https://github.com/boomerang-io/bosun.service.policy/commit/8fda75b0f2e9441d3d4f564a6b269e7ed282f9fe"
      }
    },
    {
      "Entry_ID": "23",
      "Base": {
        "Commit_ID": "9d6f9d814d023b1e2af17cdf25058667ace7ee49",
        "Message": "solve Sonar issues (first draft)",
        "Bug_location": [
          {
            "File": "S2384/files/23/Base/DataRequestPolicy.java",
            "Locations": [ "28:3-28:43", "70:3-75:4", "77:3-79:4" ]
          }
        ],
        "API_URL": "https://api.github.com/repos/boomerang-io/bosun.service.policy/commits/9d6f9d814d023b1e2af17cdf25058667ace7ee49",
        "HTML_URL": "https://github.com/boomerang-io/bosun.service.policy/commit/9d6f9d814d023b1e2af17cdf25058667ace7ee49"
      },
      "Fix": {
        "Commit_ID": "8fda75b0f2e9441d3d4f564a6b269e7ed282f9fe",
        "Message": "Sonar-fix, fix use list and date in order fo fix: Mutable members should not be stored or returned directly (squid:S2384)",
        "Fix_location": [
          {
            "File": "S2384/files/23/Fix/DataRequestPolicy.java",
            "Locations": [ "29:3-29:63", "71:3-73:4", "75:3-77:4" ]
          }
        ],
        "API_URL": "https://api.github.com/repos/boomerang-io/bosun.service.policy/commits/8fda75b0f2e9441d3d4f564a6b269e7ed282f9fe",
        "HTML_URL": "https://github.com/boomerang-io/bosun.service.policy/commit/8fda75b0f2e9441d3d4f564a6b269e7ed282f9fe"
      }
    },
    {
      "Entry_ID": "24",
      "Base": {
        "Commit_ID": "9d6f9d814d023b1e2af17cdf25058667ace7ee49",
        "Message": "solve Sonar issues (first draft)",
        "Bug_location": [
          {
            "File": "S2384/files/24/Base/Artifact.java",
            "Locations": [ "15:3-15:30", "32:3-37:4", "39:3-41:4" ]
          }
        ],
        "API_URL": "https://api.github.com/repos/boomerang-io/bosun.service.policy/commits/9d6f9d814d023b1e2af17cdf25058667ace7ee49",
        "HTML_URL": "https://github.com/boomerang-io/bosun.service.policy/commit/9d6f9d814d023b1e2af17cdf25058667ace7ee49"
      },
      "Fix": {
        "Commit_ID": "8fda75b0f2e9441d3d4f564a6b269e7ed282f9fe",
        "Message": "Sonar-fix, fix use list and date in order fo fix: Mutable members should not be stored or returned directly (squid:S2384)",
        "Fix_location": [
          {
            "File": "S2384/files/24/Fix/Artifact.java",
            "Locations": [ "16:3-16:50", "33:3-35:4", "37:3-39:4" ]
          }
        ],
        "API_URL": "https://api.github.com/repos/boomerang-io/bosun.service.policy/commits/8fda75b0f2e9441d3d4f564a6b269e7ed282f9fe",
        "HTML_URL": "https://github.com/boomerang-io/bosun.service.policy/commit/8fda75b0f2e9441d3d4f564a6b269e7ed282f9fe"
      }
    },
    {
      "Entry_ID": "25",
      "Base": {
        "Commit_ID": "9d6f9d814d023b1e2af17cdf25058667ace7ee49",
        "Message": "solve Sonar issues (first draft)",
        "Bug_location": [
          {
            "File": "S2384/files/25/Base/Artifact.java",
            "Locations": [ "18:3-18:34", "43:3-48:4", "50:3-52:4" ]
          }
        ],
        "API_URL": "https://api.github.com/repos/boomerang-io/bosun.service.policy/commits/9d6f9d814d023b1e2af17cdf25058667ace7ee49",
        "HTML_URL": "https://github.com/boomerang-io/bosun.service.policy/commit/9d6f9d814d023b1e2af17cdf25058667ace7ee49"
      },
      "Fix": {
        "Commit_ID": "8fda75b0f2e9441d3d4f564a6b269e7ed282f9fe",
        "Message": "Sonar-fix, fix use list and date in order fo fix: Mutable members should not be stored or returned directly (squid:S2384)",
        "Fix_location": [
          {
            "File": "S2384/files/25/Fix/Artifact.java",
            "Locations": [ "19:3-19:54", "41:3-43:4", "45:3-47:4" ]
          }
        ],
        "API_URL": "https://api.github.com/repos/boomerang-io/bosun.service.policy/commits/8fda75b0f2e9441d3d4f564a6b269e7ed282f9fe",
        "HTML_URL": "https://github.com/boomerang-io/bosun.service.policy/commit/8fda75b0f2e9441d3d4f564a6b269e7ed282f9fe"
      }
    },
    {
      "Entry_ID": "26",
      "Base": {
        "Commit_ID": "9d6f9d814d023b1e2af17cdf25058667ace7ee49",
        "Message": "solve Sonar issues (first draft)",
        "Bug_location": [
          {
            "File": "S2384/files/26/Base/ArtifactSummary.java",
            "Locations": [ "12:3-12:36", "18:3-23:4", "25:3-27:4" ]
          }
        ],
        "API_URL": "https://api.github.com/repos/boomerang-io/bosun.service.policy/commits/9d6f9d814d023b1e2af17cdf25058667ace7ee49",
        "HTML_URL": "https://github.com/boomerang-io/bosun.service.policy/commit/9d6f9d814d023b1e2af17cdf25058667ace7ee49"
      },
      "Fix": {
        "Commit_ID": "8fda75b0f2e9441d3d4f564a6b269e7ed282f9fe",
        "Message": "Sonar-fix, fix use list and date in order fo fix: Mutable members should not be stored or returned directly (squid:S2384)",
        "Fix_location": [
          {
            "File": "S2384/files/26/Fix/ArtifactSummary.java",
            "Locations": [ "13:3-13:56", "19:3-21:4", "23:3-26:4" ]
          }
        ],
        "API_URL": "https://api.github.com/repos/boomerang-io/bosun.service.policy/commits/8fda75b0f2e9441d3d4f564a6b269e7ed282f9fe",
        "HTML_URL": "https://github.com/boomerang-io/bosun.service.policy/commit/8fda75b0f2e9441d3d4f564a6b269e7ed282f9fe"
      }
    },
    {
      "Entry_ID": "27",
      "Base": {
        "Commit_ID": "9d6f9d814d023b1e2af17cdf25058667ace7ee49",
        "Message": "solve Sonar issues (first draft)",
        "Bug_location": [
          {
            "File": "S2384/files/27/Base/Cfe.java",
            "Locations": [ "15:3-15:28", "35:3-40:4", "42:3-44:4" ]
          }
        ],
        "API_URL": "https://api.github.com/repos/boomerang-io/bosun.service.policy/commits/9d6f9d814d023b1e2af17cdf25058667ace7ee49",
        "HTML_URL": "https://github.com/boomerang-io/bosun.service.policy/commit/9d6f9d814d023b1e2af17cdf25058667ace7ee49"
      },
      "Fix": {
        "Commit_ID": "8fda75b0f2e9441d3d4f564a6b269e7ed282f9fe",
        "Message": "Sonar-fix, fix use list and date in order fo fix: Mutable members should not be stored or returned directly (squid:S2384)",
        "Fix_location": [
          {
            "File": "S2384/files/27/Fix/Cfe.java",
            "Locations": [ "16:3-16:48", "36:3-38:4", "40:3-42:4" ]
          }
        ],
        "API_URL": "https://api.github.com/repos/boomerang-io/bosun.service.policy/commits/8fda75b0f2e9441d3d4f564a6b269e7ed282f9fe",
        "HTML_URL": "https://github.com/boomerang-io/bosun.service.policy/commit/8fda75b0f2e9441d3d4f564a6b269e7ed282f9fe"
      }
    },
    {
      "Entry_ID": "28",
      "Base": {
        "Commit_ID": "9d6f9d814d023b1e2af17cdf25058667ace7ee49",
        "Message": "solve Sonar issues (first draft)",
        "Bug_location": [
          {
            "File": "S2384/files/28/Base/Component.java",
            "Locations": [ "24:3-24:38", "62:3-67:4", "69:3-71:4" ]
          }
        ],
        "API_URL": "https://api.github.com/repos/boomerang-io/bosun.service.policy/commits/9d6f9d814d023b1e2af17cdf25058667ace7ee49",
        "HTML_URL": "https://github.com/boomerang-io/bosun.service.policy/commit/9d6f9d814d023b1e2af17cdf25058667ace7ee49"
      },
      "Fix": {
        "Commit_ID": "8fda75b0f2e9441d3d4f564a6b269e7ed282f9fe",
        "Message": "Sonar-fix, fix use list and date in order fo fix: Mutable members should not be stored or returned directly (squid:S2384)",
        "Fix_location": [
          {
            "File": "S2384/files/28/Fix/Component.java",
            "Locations": [ "25:3-25:58", "63:3-65:4", "67:3-70:4" ]
          }
        ],
        "API_URL": "https://api.github.com/repos/boomerang-io/bosun.service.policy/commits/8fda75b0f2e9441d3d4f564a6b269e7ed282f9fe",
        "HTML_URL": "https://github.com/boomerang-io/bosun.service.policy/commit/8fda75b0f2e9441d3d4f564a6b269e7ed282f9fe"
      }
    },
    {
      "Entry_ID": "29",
      "Base": {
        "Commit_ID": "9d6f9d814d023b1e2af17cdf25058667ace7ee49",
        "Message": "solve Sonar issues (first draft)",
        "Bug_location": [
          {
            "File": "S2384/files/29/Base/DependencyGraph.java",
            "Locations": [ "15:3-15:38", "29:3-34:4", "36:3-38:4" ]
          }
        ],
        "API_URL": "https://api.github.com/repos/boomerang-io/bosun.service.policy/commits/9d6f9d814d023b1e2af17cdf25058667ace7ee49",
        "HTML_URL": "https://github.com/boomerang-io/bosun.service.policy/commit/9d6f9d814d023b1e2af17cdf25058667ace7ee49"
      },
      "Fix": {
        "Commit_ID": "8fda75b0f2e9441d3d4f564a6b269e7ed282f9fe",
        "Message": "Sonar-fix, fix use list and date in order fo fix: Mutable members should not be stored or returned directly (squid:S2384)",
        "Fix_location": [
          {
            "File": "S2384/files/29/Fix/DependencyGraph.java",
            "Locations": [ "16:3-16:58", "30:3-32:4", "34:3-37:4" ]
          }
        ],
        "API_URL": "https://api.github.com/repos/boomerang-io/bosun.service.policy/commits/8fda75b0f2e9441d3d4f564a6b269e7ed282f9fe",
        "HTML_URL": "https://github.com/boomerang-io/bosun.service.policy/commit/8fda75b0f2e9441d3d4f564a6b269e7ed282f9fe"
      }
    },
    {
      "Entry_ID": "30",
      "Base": {
        "Commit_ID": "9d6f9d814d023b1e2af17cdf25058667ace7ee49",
        "Message": "solve Sonar issues (first draft)",
        "Bug_location": [
          {
            "File": "S2384/files/30/Base/Issue.java",
            "Locations": [ "33:3-33:35", "95:3-97:4", "99:3-104:4" ]
          }
        ],
        "API_URL": "https://api.github.com/repos/boomerang-io/bosun.service.policy/commits/9d6f9d814d023b1e2af17cdf25058667ace7ee49",
        "HTML_URL": "https://github.com/boomerang-io/bosun.service.policy/commit/9d6f9d814d023b1e2af17cdf25058667ace7ee49"
      },
      "Fix": {
        "Commit_ID": "8fda75b0f2e9441d3d4f564a6b269e7ed282f9fe",
        "Message": "Sonar-fix, fix use list and date in order fo fix: Mutable members should not be stored or returned directly (squid:S2384)",
        "Fix_location": [
          {
            "File": "S2384/files/30/Fix/Issue.java",
            "Locations": [ "34:3-34:55", "96:3-98:4", "100:3-102:4" ]
          }
        ],
        "API_URL": "https://api.github.com/repos/boomerang-io/bosun.service.policy/commits/8fda75b0f2e9441d3d4f564a6b269e7ed282f9fe",
        "HTML_URL": "https://github.com/boomerang-io/bosun.service.policy/commit/8fda75b0f2e9441d3d4f564a6b269e7ed282f9fe"
      }
    },
    {
      "Entry_ID": "31",
      "Base": {
        "Commit_ID": "9d6f9d814d023b1e2af17cdf25058667ace7ee49",
        "Message": "solve Sonar issues (first draft)",
        "Bug_location": [
          {
            "File": "S2384/files/31/Base/Issue.java",
            "Locations": [ "79:3-81:4", "83:3-85:4" ]
          }
        ],
        "API_URL": "https://api.github.com/repos/boomerang-io/bosun.service.policy/commits/9d6f9d814d023b1e2af17cdf25058667ace7ee49",
        "HTML_URL": "https://github.com/boomerang-io/bosun.service.policy/commit/9d6f9d814d023b1e2af17cdf25058667ace7ee49"
      },
      "Fix": {
        "Commit_ID": "8fda75b0f2e9441d3d4f564a6b269e7ed282f9fe",
        "Message": "Sonar-fix, fix use list and date in order fo fix: Mutable members should not be stored or returned directly (squid:S2384)",
        "Fix_location": [
          {
            "File": "S2384/files/31/Fix/Issue.java",
            "Locations": [ "80:3-82:4", "84:3-86:4" ]
          }
        ],
        "API_URL": "https://api.github.com/repos/boomerang-io/bosun.service.policy/commits/8fda75b0f2e9441d3d4f564a6b269e7ed282f9fe",
        "HTML_URL": "https://github.com/boomerang-io/bosun.service.policy/commit/8fda75b0f2e9441d3d4f564a6b269e7ed282f9fe"
      }
    },
    {
      "Entry_ID": "32",
      "Base": {
        "Commit_ID": "9d6f9d814d023b1e2af17cdf25058667ace7ee49",
        "Message": "solve Sonar issues (first draft)",
        "Bug_location": [
          {
            "File": "S2384/files/32/Base/License.java",
            "Locations": [ "18:3-18:35", "43:3-48:4", "50:3-52:4" ]
          }
        ],
        "API_URL": "https://api.github.com/repos/boomerang-io/bosun.service.policy/commits/9d6f9d814d023b1e2af17cdf25058667ace7ee49",
        "HTML_URL": "https://github.com/boomerang-io/bosun.service.policy/commit/9d6f9d814d023b1e2af17cdf25058667ace7ee49"
      },
      "Fix": {
        "Commit_ID": "8fda75b0f2e9441d3d4f564a6b269e7ed282f9fe",
        "Message": "Sonar-fix, fix use list and date in order fo fix: Mutable members should not be stored or returned directly (squid:S2384)",
        "Fix_location": [
          {
            "File": "S2384/files/32/Fix/License.java",
            "Locations": [ "19:3-19:55", "44:3-46:4", "48:3-50:4" ]
          }
        ],
        "API_URL": "https://api.github.com/repos/boomerang-io/bosun.service.policy/commits/8fda75b0f2e9441d3d4f564a6b269e7ed282f9fe",
        "HTML_URL": "https://github.com/boomerang-io/bosun.service.policy/commit/8fda75b0f2e9441d3d4f564a6b269e7ed282f9fe"
      }
    },
    {
      "Entry_ID": "33",
      "Base": {
        "Commit_ID": "9d6f9d814d023b1e2af17cdf25058667ace7ee49",
        "Message": "solve Sonar issues (first draft)",
        "Bug_location": [
          {
            "File": "S2384/files/33/Base/License.java",
            "Locations": [ "21:3-21:36", "54:3-59:4", "61:3-63:4" ]
          }
        ],
        "API_URL": "https://api.github.com/repos/boomerang-io/bosun.service.policy/commits/9d6f9d814d023b1e2af17cdf25058667ace7ee49",
        "HTML_URL": "https://github.com/boomerang-io/bosun.service.policy/commit/9d6f9d814d023b1e2af17cdf25058667ace7ee49"
      },
      "Fix": {
        "Commit_ID": "8fda75b0f2e9441d3d4f564a6b269e7ed282f9fe",
        "Message": "Sonar-fix, fix use list and date in order fo fix: Mutable members should not be stored or returned directly (squid:S2384)",
        "Fix_location": [
          {
            "File": "S2384/files/33/Fix/License.java",
            "Locations": [ "22:3-22:56", "52:3-54:4", "56:3-58:4" ]
          }
        ],
        "API_URL": "https://api.github.com/repos/boomerang-io/bosun.service.policy/commits/8fda75b0f2e9441d3d4f564a6b269e7ed282f9fe",
        "HTML_URL": "https://github.com/boomerang-io/bosun.service.policy/commit/8fda75b0f2e9441d3d4f564a6b269e7ed282f9fe"
      }
    },
    {
      "Entry_ID": "34",
      "Base": {
        "Commit_ID": "9d6f9d814d023b1e2af17cdf25058667ace7ee49",
        "Message": "solve Sonar issues (first draft)",
        "Bug_location": [
          {
            "File": "S2384/files/34/Base/Paths.java",
            "Locations": [ "12:3-12:30", "18:3-23:4", "25:3-27:4" ]
          }
        ],
        "API_URL": "https://api.github.com/repos/boomerang-io/bosun.service.policy/commits/9d6f9d814d023b1e2af17cdf25058667ace7ee49",
        "HTML_URL": "https://github.com/boomerang-io/bosun.service.policy/commit/9d6f9d814d023b1e2af17cdf25058667ace7ee49"
      },
      "Fix": {
        "Commit_ID": "8fda75b0f2e9441d3d4f564a6b269e7ed282f9fe",
        "Message": "Sonar-fix, fix use list and date in order fo fix: Mutable members should not be stored or returned directly (squid:S2384)",
        "Fix_location": [
          {
            "File": "S2384/files/34/Fix/Paths.java",
            "Locations": [ "13:3-13:50", "19:3-21:4", "23:3-25:4" ]
          }
        ],
        "API_URL": "https://api.github.com/repos/boomerang-io/bosun.service.policy/commits/8fda75b0f2e9441d3d4f564a6b269e7ed282f9fe",
        "HTML_URL": "https://github.com/boomerang-io/bosun.service.policy/commit/8fda75b0f2e9441d3d4f564a6b269e7ed282f9fe"
      }
    },
    {
      "Entry_ID": "35",
      "Base": {
        "Commit_ID": "055202b5f0157adeef689bdbb8f9ec0877e08a67",
        "Message": "Enabling Users to build Experience Fragments - Added Empty XF Template Type and Sample Template and XFPage component (#12)\n\n* Added Empy XF Template Type and Sample Template and XFPage component\r\n\r\n* Updated xf template name to 'experience-fragment-web-variation-template'",
        "Bug_location": [
          {
            "File": "S2384/files/35/Base/BylineImpl.java",
            "Locations": [ "72:14-72:33" ]
          }
        ],
        "API_URL": "https://api.github.com/repositories/308454064/commits/055202b5f0157adeef689bdbb8f9ec0877e08a67",
        "HTML_URL": "https://github.com/Tavet/aem-first-steps/commit/055202b5f0157adeef689bdbb8f9ec0877e08a67"
      },
      "Fix": {
        "Commit_ID": "a4f7277a154d427f68d47d09e6c1f6d1a1b316a9",
        "Message": "fix for sonarQube rule squid:S2384 (#14)",
        "Fix_location": [
          {
            "File": "S2384/files/35/Fix/BylineImpl.java",
            "Locations": [ "73:24-73:56" ]
          }
        ],
        "API_URL": "https://api.github.com/repositories/308454064/commits/a4f7277a154d427f68d47d09e6c1f6d1a1b316a9",
        "HTML_URL": "https://github.com/Tavet/aem-first-steps/commit/a4f7277a154d427f68d47d09e6c1f6d1a1b316a9"
      }
    },
    {
      "Entry_ID": "36",
      "Base": {
        "Commit_ID": "c4bab0e09739442adc7126351472e017d5b65445",
        "Message": "fixing XXE vulnerabilities",
        "Bug_location": [
          {
            "File": "S2384/files/36/Base/NativesToLoad.java",
            "Locations": [ "14:5-21:6", "22:5-24:6" ]
          }
        ],
        "API_URL": "https://api.github.com/repos/qgears/opensource-utils/commits/c4bab0e09739442adc7126351472e017d5b65445",
        "HTML_URL": "https://github.com/qgears/opensource-utils/commit/c4bab0e09739442adc7126351472e017d5b65445"
      },
      "Fix": {
        "Commit_ID": "cdeedb74dd0ff152da8b9d2b4bc5568812950b0f",
        "Message": "API hardening according to 'squid:S2384' Sonar hits",
        "Fix_location": [
          {
            "File": "S2384/files/36/Fix/NativesToLoad.java",
            "Locations": [ "14:5-16:6", "18:5-20:6" ]
          }
        ],
        "API_URL": "https://api.github.com/repos/qgears/opensource-utils/commits/cdeedb74dd0ff152da8b9d2b4bc5568812950b0f",
        "HTML_URL": "https://github.com/qgears/opensource-utils/commit/cdeedb74dd0ff152da8b9d2b4bc5568812950b0f"
      }
    },
    {
      "Entry_ID": "37",
      "Base": {
        "Commit_ID": "c4bab0e09739442adc7126351472e017d5b65445",
        "Message": "fixing XXE vulnerabilities",
        "Bug_location": [
          {
            "File": "S2384/files/37/Base/XmlNativeLoader2.java",
            "Locations": [ "32:9-32:44", "52:33-52:51", "63:25-63:59", "172:9-172:38" ]
          }
        ],
        "API_URL": "https://api.github.com/repos/qgears/opensource-utils/commits/c4bab0e09739442adc7126351472e017d5b65445",
        "HTML_URL": "https://github.com/qgears/opensource-utils/commit/c4bab0e09739442adc7126351472e017d5b65445"
      },
      "Fix": {
        "Commit_ID": "cdeedb74dd0ff152da8b9d2b4bc5568812950b0f",
        "Message": "API hardening according to 'squid:S2384' Sonar hits",
        "Fix_location": [
          {
            "File": "S2384/files/37/Fix/XmlNativeLoader2.java",
            "Locations": [ "34:9-34:50", "54:33-54:67", "65:25-65:59", "84:9-86:10", "178:9-178:43" ]
          }
        ],
        "API_URL": "https://api.github.com/repos/qgears/opensource-utils/commits/cdeedb74dd0ff152da8b9d2b4bc5568812950b0f",
        "HTML_URL": "https://github.com/qgears/opensource-utils/commit/cdeedb74dd0ff152da8b9d2b4bc5568812950b0f"
      }
    },
    {
      "Entry_ID": "38",
      "Base": {
        "Commit_ID": "c4bab0e09739442adc7126351472e017d5b65445",
        "Message": "fixing XXE vulnerabilities",
        "Bug_location": [
          {
            "File": "S2384/files/38/Base/XmlNativeLoader2.java",
            "Locations": [ "86:9-86:37", "99:21-99:48", "145:9-145:26" ]
          }
        ],
        "API_URL": "https://api.github.com/repos/qgears/opensource-utils/commits/c4bab0e09739442adc7126351472e017d5b65445",
        "HTML_URL": "https://github.com/qgears/opensource-utils/commit/c4bab0e09739442adc7126351472e017d5b65445"
      },
      "Fix": {
        "Commit_ID": "cdeedb74dd0ff152da8b9d2b4bc5568812950b0f",
        "Message": "API hardening according to 'squid:S2384' Sonar hits",
        "Fix_location": [
          {
            "File": "S2384/files/38/Fix/XmlNativeLoader2.java",
            "Locations": [ "92:9-92:42", "105:21-105:48", "151:9-151:45" ]
          }
        ],
        "API_URL": "https://api.github.com/repos/qgears/opensource-utils/commits/cdeedb74dd0ff152da8b9d2b4bc5568812950b0f",
        "HTML_URL": "https://github.com/qgears/opensource-utils/commit/cdeedb74dd0ff152da8b9d2b4bc5568812950b0f"
      }
    },
    {
      "Entry_ID": "39",
      "Base": {
        "Commit_ID": "e5914403b7aba3ccfe3fe817a62c2838510136f7",
        "Message": "suppressing Sonar warning & more specific exception",
        "Bug_location": [
          {
            "File": "S2384/files/39/Base/Palette.java",
            "Locations": [ "19:9-19:30" ]
          }
        ],
        "API_URL": "https://api.github.com/repos/qgears/opensource-utils/commits/e5914403b7aba3ccfe3fe817a62c2838510136f7",
        "HTML_URL": "https://github.com/qgears/opensource-utils/commit/e5914403b7aba3ccfe3fe817a62c2838510136f7"
      },
      "Fix": {
        "Commit_ID": "0719c58b49f070e059b804ecdc3b4e2c33b4033a",
        "Message": "fixing squid:S2384",
        "Fix_location": [
          {
            "File": "S2384/files/39/Fix/Palette.java",
            "Locations": [ "21:9-21:60" ]
          }
        ],
        "API_URL": "https://api.github.com/repos/qgears/opensource-utils/commits/0719c58b49f070e059b804ecdc3b4e2c33b4033a",
        "HTML_URL": "https://github.com/qgears/opensource-utils/commit/0719c58b49f070e059b804ecdc3b4e2c33b4033a"
      }
    },
    {
      "Entry_ID": "40",
      "Base": {
        "Commit_ID": "dff03f7e9a540fe39230996262af1d74503c0483",
        "Message": "moving vulnerable utility classes to non-critical project\n\n- i. e. managing 'squid:S2658'",
        "Bug_location": [
          {
            "File": "S2384/files/40/Base/UtilProcess.java",
            "Locations": [ "72:9-80:10", "82:9-90:10" ]
          }
        ],
        "API_URL": "https://api.github.com/repos/qgears/opensource-utils/commits/dff03f7e9a540fe39230996262af1d74503c0483",
        "HTML_URL": "https://github.com/qgears/opensource-utils/commit/dff03f7e9a540fe39230996262af1d74503c0483"
      },
      "Fix": {
        "Commit_ID": "81c418707363281779d028368fedc6fd27065144",
        "Message": "fixing 'squid:S2384' vulnerability",
        "Fix_location": [
          {
            "File": "S2384/files/40/Fix/UtilProcess.java",
            "Locations": [ "74:9-86:10", "88:9-100:10" ]
          }
        ],
        "API_URL": "https://api.github.com/repos/qgears/opensource-utils/commits/81c418707363281779d028368fedc6fd27065144",
        "HTML_URL": "https://github.com/qgears/opensource-utils/commit/81c418707363281779d028368fedc6fd27065144"
      }
    }
  ]
}