{
  "Spotbugs_id": "NP_NULL_ON_SOME_PATH_EXCEPTION",
  "Spotbugs_name": "NP: Possible null pointer dereference in method on exception path",
  "Entries": [
    {
      "Entry_ID": "1",
      "Base": {
        "Commit_ID": "4183dfaba715654b10351733fa9aceafcee7af25",
        "Message": "fix \"find bugs\" for discovery modules",
        "Bug_location": [
          {
            "File": "NP_NULL_ON_SOME_PATH_EXCEPTION/files/1/Base/ActiveTerm.java",
            "Locations": [ "170:5-170:32", "174:13-174:14" ]
          }
        ],
        "API_URL": "https://api.github.com/repos/emilianbold/netbeans-releases/commits/4183dfaba715654b10351733fa9aceafcee7af25",
        "HTML_URL": "https://github.com/emilianbold/netbeans-releases/commit/4183dfaba715654b10351733fa9aceafcee7af25"
      },
      "Fix": {
        "Commit_ID": "c622aa04c6c465cde189a5cfbb36e9b669d0c23a",
        "Message": "NP_NULL_ON_SOME_PATH_EXCEPTION",
        "Fix_location": [
          {
            "File": "NP_NULL_ON_SOME_PATH_EXCEPTION/files/1/Fix/ActiveTerm.java",
            "Locations": [ "170:5-170:25", "174:13-174:63" ]
          }
        ],
        "API_URL": "https://api.github.com/repos/emilianbold/netbeans-releases/commits/c622aa04c6c465cde189a5cfbb36e9b669d0c23a",
        "HTML_URL": "https://github.com/emilianbold/netbeans-releases/commit/c622aa04c6c465cde189a5cfbb36e9b669d0c23a"
      }
    },
    {
      "Entry_ID": "2",
      "Base": {
        "Commit_ID": "4183dfaba715654b10351733fa9aceafcee7af25",
        "Message": "fix \"find bugs\" for discovery modules",
        "Bug_location": [
          {
            "File": "NP_NULL_ON_SOME_PATH_EXCEPTION/files/2/Base/ActiveTerm.java",
            "Locations": [ "193:9-193:41", "197:13-197:14" ]
          }
        ],
        "API_URL": "https://api.github.com/repos/emilianbold/netbeans-releases/commits/4183dfaba715654b10351733fa9aceafcee7af25",
        "HTML_URL": "https://github.com/emilianbold/netbeans-releases/commit/4183dfaba715654b10351733fa9aceafcee7af25"
      },
      "Fix": {
        "Commit_ID": "c622aa04c6c465cde189a5cfbb36e9b669d0c23a",
        "Message": "NP_NULL_ON_SOME_PATH_EXCEPTION",
        "Fix_location": [
          {
            "File": "NP_NULL_ON_SOME_PATH_EXCEPTION/files/2/Fix/ActiveTerm.java",
            "Locations": [ "194:9-194:34", "198:13-198:20" ]
          }
        ],
        "API_URL": "https://api.github.com/repos/emilianbold/netbeans-releases/commits/c622aa04c6c465cde189a5cfbb36e9b669d0c23a",
        "HTML_URL": "https://github.com/emilianbold/netbeans-releases/commit/c622aa04c6c465cde189a5cfbb36e9b669d0c23a"
      }
    },
    {
      "Entry_ID": "3",
      "Base": {
        "Commit_ID": "eec307511c80112274d27f2a840d9f96cda784d3",
        "Message": "[FIXED JENKINS-9913] At least print a diagnostic to the build log if we are waiting on a checkpoint.",
        "Bug_location": [
          {
            "File": "NP_NULL_ON_SOME_PATH_EXCEPTION/files/3/Base/Service.java",
            "Locations": [ "89:17-90:43", "92:21-92:93" ]
          }
        ],
        "API_URL": "https://api.github.com/repos/Davidunir/jenkinss/commits/eec307511c80112274d27f2a840d9f96cda784d3",
        "HTML_URL": "https://github.com/Davidunir/jenkinss/commit/eec307511c80112274d27f2a840d9f96cda784d3"
      },
      "Fix": {
        "Commit_ID": "3d3009db9b109f1b7434217600322440775884e6",
        "Message": "Fix potential NPE on exception path\n\nFindbug reported NP_NULL_ON_SOME_PATH_EXCEPTION, Priority: Normal",
        "Fix_location": [
          {
            "File": "NP_NULL_ON_SOME_PATH_EXCEPTION/files/3/Fix/Service.java",
            "Locations": [ "89:17-90:110" ]
          }
        ],
        "API_URL": "https://api.github.com/repos/Davidunir/jenkinss/commits/3d3009db9b109f1b7434217600322440775884e6",
        "HTML_URL": "https://github.com/Davidunir/jenkinss/commit/3d3009db9b109f1b7434217600322440775884e6"
      }
    },
    {
      "Entry_ID": "4",
      "Base": {
        "Commit_ID": "e7c2ca65b9d2bd8fc15b6d3c638269be021f6a21",
        "Message": "hg backout f4f8ef565103",
        "Bug_location": [
          {
            "File": "NP_NULL_ON_SOME_PATH_EXCEPTION/files/4/Base/ApplyMigrationScripts.java",
            "Locations": [ "159:25-159:38" ]
          }
        ],
        "API_URL": "https://api.github.com/repos/iDempiereOSGiERP/idempiere/commits/e7c2ca65b9d2bd8fc15b6d3c638269be021f6a21",
        "HTML_URL": "https://github.com/iDempiereOSGiERP/idempiere/commit/e7c2ca65b9d2bd8fc15b6d3c638269be021f6a21"
      },
      "Fix": {
        "Commit_ID": "9441e9ec6d97d3a9c0a28002b6a166cd047545c9",
        "Message": "IDEMPIERE-455 Discover and fix FindBugs problems / Pattern NP_NULL_ON_SOME_PATH_EXCEPTION",
        "Fix_location": [
          {
            "File": "NP_NULL_ON_SOME_PATH_EXCEPTION/files/4/Fix/ApplyMigrationScripts.java",
            "Locations": [ "159:25-159:55" ]
          }
        ],
        "API_URL": "https://api.github.com/repos/iDempiereOSGiERP/idempiere/commits/9441e9ec6d97d3a9c0a28002b6a166cd047545c9",
        "HTML_URL": "https://github.com/iDempiereOSGiERP/idempiere/commit/9441e9ec6d97d3a9c0a28002b6a166cd047545c9"
      }
    },
    {
      "Entry_ID": "5",
      "Base": {
        "Commit_ID": "e7c2ca65b9d2bd8fc15b6d3c638269be021f6a21",
        "Message": "hg backout f4f8ef565103",
        "Bug_location": [
          {
            "File": "NP_NULL_ON_SOME_PATH_EXCEPTION/files/5/Base/DefaultModelFactory.java",
            "Locations": [ "272:13-272:111" ]
          }
        ],
        "API_URL": "https://api.github.com/repos/iDempiereOSGiERP/idempiere/commits/e7c2ca65b9d2bd8fc15b6d3c638269be021f6a21",
        "HTML_URL": "https://github.com/iDempiereOSGiERP/idempiere/commit/e7c2ca65b9d2bd8fc15b6d3c638269be021f6a21"
      },
      "Fix": {
        "Commit_ID": "9441e9ec6d97d3a9c0a28002b6a166cd047545c9",
        "Message": "IDEMPIERE-455 Discover and fix FindBugs problems / Pattern NP_NULL_ON_SOME_PATH_EXCEPTION",
        "Fix_location": [
          {
            "File": "NP_NULL_ON_SOME_PATH_EXCEPTION/files/5/Fix/DefaultModelFactory.java",
            "Locations": [ "272:13-272:138" ]
          }
        ],
        "API_URL": "https://api.github.com/repos/iDempiereOSGiERP/idempiere/commits/9441e9ec6d97d3a9c0a28002b6a166cd047545c9",
        "HTML_URL": "https://github.com/iDempiereOSGiERP/idempiere/commit/9441e9ec6d97d3a9c0a28002b6a166cd047545c9"
      }
    },
    {
      "Entry_ID": "6",
      "Base": {
        "Commit_ID": "e7c2ca65b9d2bd8fc15b6d3c638269be021f6a21",
        "Message": "hg backout f4f8ef565103",
        "Bug_location": [
          {
            "File": "NP_NULL_ON_SOME_PATH_EXCEPTION/files/6/Base/PrintData.java",
            "Locations": [ "642:9-646:43" ]
          }
        ],
        "API_URL": "https://api.github.com/repos/iDempiereOSGiERP/idempiere/commits/e7c2ca65b9d2bd8fc15b6d3c638269be021f6a21",
        "HTML_URL": "https://github.com/iDempiereOSGiERP/idempiere/commit/e7c2ca65b9d2bd8fc15b6d3c638269be021f6a21"
      },
      "Fix": {
        "Commit_ID": "9441e9ec6d97d3a9c0a28002b6a166cd047545c9",
        "Message": "IDEMPIERE-455 Discover and fix FindBugs problems / Pattern NP_NULL_ON_SOME_PATH_EXCEPTION",
        "Fix_location": [
          {
            "File": "NP_NULL_ON_SOME_PATH_EXCEPTION/files/6/Fix/PrintData.java",
            "Locations": [ "642:9-648:10" ]
          }
        ],
        "API_URL": "https://api.github.com/repos/iDempiereOSGiERP/idempiere/commits/9441e9ec6d97d3a9c0a28002b6a166cd047545c9",
        "HTML_URL": "https://github.com/iDempiereOSGiERP/idempiere/commit/9441e9ec6d97d3a9c0a28002b6a166cd047545c9"
      }
    },
    {
      "Entry_ID": "7",
      "Base": {
        "Commit_ID": "e7c2ca65b9d2bd8fc15b6d3c638269be021f6a21",
        "Message": "hg backout f4f8ef565103",
        "Bug_location": [
          {
            "File": "NP_NULL_ON_SOME_PATH_EXCEPTION/files/7/Base/Ini.java",
            "Locations": [ "332:13-334:24" ]
          }
        ],
        "API_URL": "https://api.github.com/repos/iDempiereOSGiERP/idempiere/commits/e7c2ca65b9d2bd8fc15b6d3c638269be021f6a21",
        "HTML_URL": "https://github.com/iDempiereOSGiERP/idempiere/commit/e7c2ca65b9d2bd8fc15b6d3c638269be021f6a21"
      },
      "Fix": {
        "Commit_ID": "9441e9ec6d97d3a9c0a28002b6a166cd047545c9",
        "Message": "IDEMPIERE-455 Discover and fix FindBugs problems / Pattern NP_NULL_ON_SOME_PATH_EXCEPTION",
        "Fix_location": [
          {
            "File": "NP_NULL_ON_SOME_PATH_EXCEPTION/files/7/Fix/Ini.java",
            "Locations": [ "332:13-336:14" ]
          }
        ],
        "API_URL": "https://api.github.com/repos/iDempiereOSGiERP/idempiere/commits/9441e9ec6d97d3a9c0a28002b6a166cd047545c9",
        "HTML_URL": "https://github.com/iDempiereOSGiERP/idempiere/commit/9441e9ec6d97d3a9c0a28002b6a166cd047545c9"
      }
    },
    {
      "Entry_ID": "8",
      "Base": {
        "Commit_ID": "e7c2ca65b9d2bd8fc15b6d3c638269be021f6a21",
        "Message": "hg backout f4f8ef565103",
        "Bug_location": [
          {
            "File": "NP_NULL_ON_SOME_PATH_EXCEPTION/files/8/Base/Secure.java",
            "Locations": [ "341:5-366:6" ]
          }
        ],
        "API_URL": "https://api.github.com/repos/iDempiereOSGiERP/idempiere/commits/e7c2ca65b9d2bd8fc15b6d3c638269be021f6a21",
        "HTML_URL": "https://github.com/iDempiereOSGiERP/idempiere/commit/e7c2ca65b9d2bd8fc15b6d3c638269be021f6a21"
      },
      "Fix": {
        "Commit_ID": "9441e9ec6d97d3a9c0a28002b6a166cd047545c9",
        "Message": "IDEMPIERE-455 Discover and fix FindBugs problems / Pattern NP_NULL_ON_SOME_PATH_EXCEPTION",
        "Fix_location": [
          {
            "File": "NP_NULL_ON_SOME_PATH_EXCEPTION/files/8/Fix/Secure.java",
            "Locations": [ "341:5-369:6" ]
          }
        ],
        "API_URL": "https://api.github.com/repos/iDempiereOSGiERP/idempiere/commits/9441e9ec6d97d3a9c0a28002b6a166cd047545c9",
        "HTML_URL": "https://github.com/iDempiereOSGiERP/idempiere/commit/9441e9ec6d97d3a9c0a28002b6a166cd047545c9"
      }
    },
    {
      "Entry_ID": "9",
      "Base": {
        "Commit_ID": "e7c2ca65b9d2bd8fc15b6d3c638269be021f6a21",
        "Message": "hg backout f4f8ef565103",
        "Bug_location": [
          {
            "File": "NP_NULL_ON_SOME_PATH_EXCEPTION/files/9/Base/GridTab2PackExporter.java",
            "Locations": [ "106:13-106:112" ]
          }
        ],
        "API_URL": "https://api.github.com/repos/iDempiereOSGiERP/idempiere/commits/e7c2ca65b9d2bd8fc15b6d3c638269be021f6a21",
        "HTML_URL": "https://github.com/iDempiereOSGiERP/idempiere/commit/e7c2ca65b9d2bd8fc15b6d3c638269be021f6a21"
      },
      "Fix": {
        "Commit_ID": "9441e9ec6d97d3a9c0a28002b6a166cd047545c9",
        "Message": "IDEMPIERE-455 Discover and fix FindBugs problems / Pattern NP_NULL_ON_SOME_PATH_EXCEPTION",
        "Fix_location": [
          {
            "File": "NP_NULL_ON_SOME_PATH_EXCEPTION/files/9/Fix/GridTab2PackExporter.java",
            "Locations": [ "106:13-106:133" ]
          }
        ],
        "API_URL": "https://api.github.com/repos/iDempiereOSGiERP/idempiere/commits/9441e9ec6d97d3a9c0a28002b6a166cd047545c9",
        "HTML_URL": "https://github.com/iDempiereOSGiERP/idempiere/commit/9441e9ec6d97d3a9c0a28002b6a166cd047545c9"
      }
    },
    {
      "Entry_ID": "10",
      "Base": {
        "Commit_ID": "e7c2ca65b9d2bd8fc15b6d3c638269be021f6a21",
        "Message": "hg backout f4f8ef565103",
        "Bug_location": [
          {
            "File": "NP_NULL_ON_SOME_PATH_EXCEPTION/files/10/Base/DB_PostgreSQL.java",
            "Locations": [ "1035:21-1035:79" ]
          }
        ],
        "API_URL": "https://api.github.com/repos/iDempiereOSGiERP/idempiere/commits/e7c2ca65b9d2bd8fc15b6d3c638269be021f6a21",
        "HTML_URL": "https://github.com/iDempiereOSGiERP/idempiere/commit/e7c2ca65b9d2bd8fc15b6d3c638269be021f6a21"
      },
      "Fix": {
        "Commit_ID": "9441e9ec6d97d3a9c0a28002b6a166cd047545c9",
        "Message": "IDEMPIERE-455 Discover and fix FindBugs problems / Pattern NP_NULL_ON_SOME_PATH_EXCEPTION",
        "Fix_location": [
          {
            "File": "NP_NULL_ON_SOME_PATH_EXCEPTION/files/10/Fix/DB_PostgreSQL.java",
            "Locations": [ "1035:21-1035:93" ]
          }
        ],
        "API_URL": "https://api.github.com/repos/iDempiereOSGiERP/idempiere/commits/9441e9ec6d97d3a9c0a28002b6a166cd047545c9",
        "HTML_URL": "https://github.com/iDempiereOSGiERP/idempiere/commit/9441e9ec6d97d3a9c0a28002b6a166cd047545c9"
      }
    },
    {
      "Entry_ID": "11",
      "Base": {
        "Commit_ID": "06b8582433846dc2c319a219da44a24768ac7b71",
        "Message": "Fix FindBug Issue ##OS_OPEN_STREAM_EXCEPTION_PATH\n\nsvn path=/trunk/; revision=55626\n\n\nFormer-commit-id: 34fbd64bcfd477cb09fad26ab6df70c64a83a82b",
        "Bug_location": [
          {
            "File": "NP_NULL_ON_SOME_PATH_EXCEPTION/files/11/Base/HTTPInputArchive.java",
            "Locations": [ "88:5-88:46", "154:11-156:10", "316:9-318:10" ]
          }
        ],
        "API_URL": "https://api.github.com/repos/mudit000/glassfish/commits/06b8582433846dc2c319a219da44a24768ac7b71",
        "HTML_URL": "https://github.com/mudit000/glassfish/commit/06b8582433846dc2c319a219da44a24768ac7b71"
      },
      "Fix": {
        "Commit_ID": "34d21eb35df88d7963bd1fa38d760ac2e8fd7bb6",
        "Message": "Fix FindBug Issue ##NP_NULL_ON_SOME_PATH_EXCEPTION,##BX_UNBOXING_IMMEDIATELY_REBOXED\n\nsvn path=/trunk/; revision=55627\n\n\nFormer-commit-id: 80f1fd558ce9866a8da028733438189e91123896",
        "Fix_location": [
          {
            "File": "NP_NULL_ON_SOME_PATH_EXCEPTION/files/11/Fix/HTTPInputArchive.java",
            "Locations": [ "88:5-88:40", "150:9-150:32", "315:9-317:10" ]
          }
        ],
        "API_URL": "https://api.github.com/repos/mudit000/glassfish/commits/34d21eb35df88d7963bd1fa38d760ac2e8fd7bb6",
        "HTML_URL": "https://github.com/mudit000/glassfish/commit/34d21eb35df88d7963bd1fa38d760ac2e8fd7bb6"
      }
    },
    {
      "Entry_ID": "12",
      "Base": {
        "Commit_ID": "ed16fb1bf83a47b85923cef592b4347cc80c9a4d",
        "Message": "typo",
        "Bug_location": [
          {
            "File": "NP_NULL_ON_SOME_PATH_EXCEPTION/files/12/Base/SCLMSCM.java",
            "Locations": [ "546:9-550:10" ]
          }
        ],
        "API_URL": "https://api.github.com/repos/jenkinsci/zos-connector-plugin/commits/ed16fb1bf83a47b85923cef592b4347cc80c9a4d",
        "HTML_URL": "https://github.com/jenkinsci/zos-connector-plugin/commit/ed16fb1bf83a47b85923cef592b4347cc80c9a4d"
      },
      "Fix": {
        "Commit_ID": "e1573f6e8df63fcc72a2e96f6c8bb6fd9e6ea62b",
        "Message": "NP_NULL_ON_SOME_PATH_EXCEPTION\nST_WRITE_TO_STATIC_FROM_INSTANCE_METHOD\nRV_NEGATING_RESULT_OF_COMPARETO\nEI_EXPOSE_REP2",
        "Fix_location": [
          {
            "File": "NP_NULL_ON_SOME_PATH_EXCEPTION/files/12/Fix/SCLMSCM.java",
            "Locations": [ "546:9-551:10" ]
          }
        ],
        "API_URL": "https://api.github.com/repos/jenkinsci/zos-connector-plugin/commits/e1573f6e8df63fcc72a2e96f6c8bb6fd9e6ea62b",
        "HTML_URL": "https://github.com/jenkinsci/zos-connector-plugin/commit/e1573f6e8df63fcc72a2e96f6c8bb6fd9e6ea62b"
      }
    },
    {
      "Entry_ID": "13",
      "Base": {
        "Commit_ID": "ed16fb1bf83a47b85923cef592b4347cc80c9a4d",
        "Message": "typo",
        "Bug_location": [
          {
            "File": "NP_NULL_ON_SOME_PATH_EXCEPTION/files/13/Base/SCLMSCM.java",
            "Locations": [ "557:9-562:10" ]
          }
        ],
        "API_URL": "https://api.github.com/repos/jenkinsci/zos-connector-plugin/commits/ed16fb1bf83a47b85923cef592b4347cc80c9a4d",
        "HTML_URL": "https://github.com/jenkinsci/zos-connector-plugin/commit/ed16fb1bf83a47b85923cef592b4347cc80c9a4d"
      },
      "Fix": {
        "Commit_ID": "e1573f6e8df63fcc72a2e96f6c8bb6fd9e6ea62b",
        "Message": "NP_NULL_ON_SOME_PATH_EXCEPTION\nST_WRITE_TO_STATIC_FROM_INSTANCE_METHOD\nRV_NEGATING_RESULT_OF_COMPARETO\nEI_EXPOSE_REP2",
        "Fix_location": [
          {
            "File": "NP_NULL_ON_SOME_PATH_EXCEPTION/files/13/Fix/SCLMSCM.java",
            "Locations": [ "558:9-564:10" ]
          }
        ],
        "API_URL": "https://api.github.com/repos/jenkinsci/zos-connector-plugin/commits/e1573f6e8df63fcc72a2e96f6c8bb6fd9e6ea62b",
        "HTML_URL": "https://github.com/jenkinsci/zos-connector-plugin/commit/e1573f6e8df63fcc72a2e96f6c8bb6fd9e6ea62b"
      }
    },
    {
      "Entry_ID": "14",
      "Base": {
        "Commit_ID": "ed16fb1bf83a47b85923cef592b4347cc80c9a4d",
        "Message": "typo",
        "Bug_location": [
          {
            "File": "NP_NULL_ON_SOME_PATH_EXCEPTION/files/14/Base/SCLMSCMRevisionState.java",
            "Locations": [ "110:13-110:31" ]
          }
        ],
        "API_URL": "https://api.github.com/repos/jenkinsci/zos-connector-plugin/commits/ed16fb1bf83a47b85923cef592b4347cc80c9a4d",
        "HTML_URL": "https://github.com/jenkinsci/zos-connector-plugin/commit/ed16fb1bf83a47b85923cef592b4347cc80c9a4d"
      },
      "Fix": {
        "Commit_ID": "e1573f6e8df63fcc72a2e96f6c8bb6fd9e6ea62b",
        "Message": "NP_NULL_ON_SOME_PATH_EXCEPTION\nST_WRITE_TO_STATIC_FROM_INSTANCE_METHOD\nRV_NEGATING_RESULT_OF_COMPARETO\nEI_EXPOSE_REP2",
        "Fix_location": [
          {
            "File": "NP_NULL_ON_SOME_PATH_EXCEPTION/files/14/Fix/SCLMSCMRevisionState.java",
            "Locations": [ "110:13-110:29" ]
          }
        ],
        "API_URL": "https://api.github.com/repos/jenkinsci/zos-connector-plugin/commits/e1573f6e8df63fcc72a2e96f6c8bb6fd9e6ea62b",
        "HTML_URL": "https://github.com/jenkinsci/zos-connector-plugin/commit/e1573f6e8df63fcc72a2e96f6c8bb6fd9e6ea62b"
      }
    },
    {
      "Entry_ID": "15",
      "Base": {
        "Commit_ID": "319004c64994b96a6c4f00dd2c063d16e313613e",
        "Message": "sonar - fix findbugs:DMI_INVOKING_TOSTRING_ON_ARRAY",
        "Bug_location": [
          {
            "File": "NP_NULL_ON_SOME_PATH_EXCEPTION/files/15/Base/FileDownloadPanel.java",
            "Locations": [ "86:11-88:10" ]
          }
        ],
        "API_URL": "https://api.github.com/repos/igloo-project/igloo-parent/commits/319004c64994b96a6c4f00dd2c063d16e313613e",
        "HTML_URL": "https://github.com/igloo-project/igloo-parent/commit/319004c64994b96a6c4f00dd2c063d16e313613e"
      },
      "Fix": {
        "Commit_ID": "6cde01da926159500877853e5569faa3531f555a",
        "Message": "sonar - fix findbugs:NP_NULL_ON_SOME_PATH_EXCEPTION",
        "Fix_location": [
          {
            "File": "NP_NULL_ON_SOME_PATH_EXCEPTION/files/15/Fix/FileDownloadPanel.java",
            "Locations": [ "87:11-89:10" ]
          }
        ],
        "API_URL": "https://api.github.com/repos/igloo-project/igloo-parent/commits/6cde01da926159500877853e5569faa3531f555a",
        "HTML_URL": "https://github.com/igloo-project/igloo-parent/commit/6cde01da926159500877853e5569faa3531f555a"
      }
    },
    {
      "Entry_ID": "16",
      "Base": {
        "Commit_ID": "9e7b16b88ed6e9c2c3f53743bfe5c74098f2b8a4",
        "Message": "HBASE-18874, HMaster abort message will be skipped if Throwable is passed null\n\nSigned-off-by: tedyu <yuzhihong@gmail.com>",
        "Bug_location": [
          {
            "File": "NP_NULL_ON_SOME_PATH_EXCEPTION/files/16/Base/Canary.java",
            "Locations": [ "1031:11-1037:12" ]
          }
        ],
        "API_URL": "https://api.github.com/repos/Forever-Xiao/hbase/commits/9e7b16b88ed6e9c2c3f53743bfe5c74098f2b8a4",
        "HTML_URL": "https://github.com/Forever-Xiao/hbase/commit/9e7b16b88ed6e9c2c3f53743bfe5c74098f2b8a4"
      },
      "Fix": {
        "Commit_ID": "91e1f834bf93e4a33c253ad6bc86260add5bd6d9",
        "Message": "Amend HBASE-18830 TestCanaryTool does not check Canary monitor's error code\n\nAdjust exception control flow to fix findbugs warning\nNP_NULL_ON_SOME_PATH_EXCEPTION, Possible null pointer dereference of\nregionSink in org.apache.hadoop.hbase.tool.Canary$RegionMonitor.run()\non exception path",
        "Fix_location": [
          {
            "File": "NP_NULL_ON_SOME_PATH_EXCEPTION/files/16/Fix/Canary.java",
            "Locations": [ "1031:11-1031:56", "1038:15-1038:22", "1101:11-1103:6" ]
          }
        ],
        "API_URL": "https://api.github.com/repos/Forever-Xiao/hbase/commits/91e1f834bf93e4a33c253ad6bc86260add5bd6d9",
        "HTML_URL": "https://github.com/Forever-Xiao/hbase/commit/91e1f834bf93e4a33c253ad6bc86260add5bd6d9"
      }
    },
    {
      "Entry_ID": "17",
      "Base": {
        "Commit_ID": "0f4473cb65317dd664a109a5d808f13ad21a21a3",
        "Message": "core: Check result of \"listFiles\" in \"ContextSensitiveHelpMappingServlet\"\n\nThis is needed in order to avoid the following findbugs warning:\n\n  Possible null pointer dereference due to return value of called method\n\n  The return value from a method is dereferenced without a null check,\n  and the return value of that method is one that should generally be\n  checked for null. This may lead to a NullPointerException when the\n  code is executed.\n\n  Bug kind and pattern: NP - NP_NULL_ON_SOME_PATH_FROM_RETURN_VALUE\n\nChange-Id: I6fa5bf732c459c7e1dad0f69033f199662899ebd\nSigned-off-by: Juan Hernandez <juan.hernandez@redhat.com>",
        "Bug_location": [
          {
            "File": "NP_NULL_ON_SOME_PATH_EXCEPTION/files/17/Base/SSHDialog.java",
            "Locations": [ "247:9-254:10" ]
          }
        ],
        "API_URL": "https://api.github.com/repos/oVirt/ovirt-engine/commits/0f4473cb65317dd664a109a5d808f13ad21a21a3",
        "HTML_URL": "https://github.com/oVirt/ovirt-engine/commit/0f4473cb65317dd664a109a5d808f13ad21a21a3"
      },
      "Fix": {
        "Commit_ID": "58e4c4c84369530c17b6e749487e634dd7a1aa76",
        "Message": "core: Avoid potential NPE in \"SSHDialog\"\n\nThis is needed in order to avoid the following findbugs warning:\n\n  Possible null pointer dereference in method on exception path\n\n  A reference value which is null on some exception control path is\n  dereferenced here. This may lead to a NullPointerException when the\n  code is executed. Note that because FindBugs currently does not prune\n  infeasible exception paths, this may be a false warning.\n  Also note that FindBugs considers the default case of a switch statement\n  to be an exception path, since the default case is often infeasible.\n\n  Bug kind and pattern: NP - NP_NULL_ON_SOME_PATH_EXCEPTION\n\nChange-Id: I598c3c490a9b6c152ac0245b7b89842081b16b01\nSigned-off-by: Juan Hernandez <juan.hernandez@redhat.com>",
        "Fix_location": [
          {
            "File": "NP_NULL_ON_SOME_PATH_EXCEPTION/files/17/Fix/SSHDialog.java",
            "Locations": [ "247:9-261:10" ]
          }
        ],
        "API_URL": "https://api.github.com/repos/oVirt/ovirt-engine/commits/58e4c4c84369530c17b6e749487e634dd7a1aa76",
        "HTML_URL": "https://github.com/oVirt/ovirt-engine/commit/58e4c4c84369530c17b6e749487e634dd7a1aa76"
      }
    },
    {
      "Entry_ID": "18",
      "Base": {
        "Commit_ID": "2638ba5988d092011c7e4a0e5b13b05006f96dd7",
        "Message": "NOJIRA Update help docs (synchronize with IU KB)\n\ngit-svn-id: https://source.sakaiproject.org/svn/help/trunk@40553 66ffb92e-73f9-0310-93c1-f5514f145a0a",
        "Bug_location": [
          {
            "File": "NP_NULL_ON_SOME_PATH_EXCEPTION/files/18/Base/HelpManagerImpl.java",
            "Locations": [ "1008:9-1011:10" ]
          }
        ],
        "API_URL": "https://api.github.com/repos/frasese/sakai-oxford-edf/commits/2638ba5988d092011c7e4a0e5b13b05006f96dd7",
        "HTML_URL": "https://github.com/frasese/sakai-oxford-edf/commit/2638ba5988d092011c7e4a0e5b13b05006f96dd7"
      },
      "Fix": {
        "Commit_ID": "a3cab68887752251a9806f0c24ea632167b622a3",
        "Message": "SAK-12996 Minor code cleanup from static code review.\n\nNP_NULL_ON_SOME_PATH_EXCEPTION\t\norg.sakaiproject.component.app.help.HelpManagerImpl:1018\t\nPossible null pointer dereference of writer in org.sakaiproject.component.app.help.HelpManagerImpl.registerHelpContent() on exception path\n\nUWF_UNWRITTEN_FIELD\norg.sakaiproject.tool.help.ContentServlet:114\nUnwritten field: org.sakaiproject.tool.help.ContentServlet.helpManager\n\nDM_NUMBER_CTOR\norg.sakaiproject.component.app.help.HelpManagerImpl:1312\nMethod org.sakaiproject.component.app.help.HelpManagerImpl.recursiveExternalReg(Node, Category, Set) invokes inefficient new Integer(int) constructor; use Integer.valueOf(int) instead\n\nDM_STRING_VOID_CTOR\norg.sakaiproject.tool.help.ContentServlet:91\norg.sakaiproject.tool.help.ContentServlet.doGet(HttpServletRequest, HttpServletResponse) invokes inefficient new String() constructor\n\nRCN_REDUNDANT_NULLCHECK_OF_NULL_VALUE\norg.sakaiproject.component.app.help.HelpManagerImpl:1107\nRedundant nullcheck of bisCorpus which is known to be null in org.sakaiproject.component.app.help.HelpManagerImpl.registerExternalHelpContent(String)\n\nDLS_DEAD_LOCAL_STORE\norg.sakaiproject.jsf.help.HelpFrameSetRender:78\nDead store to helpUrl in org.sakaiproject.jsf.help.HelpFrameSetRender.encodeBegin(FacesContext, UIComponent)\n\nDLS_DEAD_LOCAL_STORE\norg.sakaiproject.jsf.help.HelpSetDefaultActionComponent:64\nDead store to formId in org.sakaiproject.jsf.help.HelpSetDefaultActionComponent.encodeEnd(FacesContext)\n\nDLS_DEAD_LOCAL_STORE\norg.sakaiproject.tool.help.TableOfContentsTool:93\nDead store to servletPath in org.sakaiproject.tool.help.TableOfContentsTool.getBaseUrl()\n\n\ngit-svn-id: https://source.sakaiproject.org/svn/help/trunk@41246 66ffb92e-73f9-0310-93c1-f5514f145a0a",
        "Fix_location": [
          {
            "File": "NP_NULL_ON_SOME_PATH_EXCEPTION/files/18/Fix/HelpManagerImpl.java",
            "Locations": [ "1011:11-1011:18" ]
          }
        ],
        "API_URL": "https://api.github.com/repos/frasese/sakai-oxford-edf/commits/a3cab68887752251a9806f0c24ea632167b622a3",
        "HTML_URL": "https://github.com/frasese/sakai-oxford-edf/commit/a3cab68887752251a9806f0c24ea632167b622a3"
      }
    }
  ]
}