{
  "Spotbugs_id": "MS_MUTABLE_COLLECTION",
  "Spotbugs_name": "MS: Field is a mutable collection",
  "Entries": [
    {
      "Entry_ID": "1",
      "Base": {
        "Commit_ID": "3abb136b4fbf9b1c13cbd3ad4bf056724062836e",
        "Message": "GUI: support automatic unlock in GUI mode",
        "Bug_location": [
          {
            "File": "MS_MUTABLE_COLLECTION/files/1/Base/FileUtil.java",
            "Locations": [ "27:5-29:27" ]
          }
        ],
        "API_URL": "https://api.github.com/repos/semuxproject/semux-core/commits/3abb136b4fbf9b1c13cbd3ad4bf056724062836e",
        "HTML_URL": "https://github.com/semuxproject/semux-core/commit/3abb136b4fbf9b1c13cbd3ad4bf056724062836e"
      },
      "Fix": {
        "Commit_ID": "f2c79e8b5196c697850808873170a366b4086101",
        "Message": "Trivial: fix MS_MUTABLE_COLLECTION of FileUtil#POSIX_SECURED_PERMISSIONS",
        "Fix_location": [
          {
            "File": "MS_MUTABLE_COLLECTION/files/1/Fix/FileUtil.java",
            "Locations": [ "28:5-29:85" ]
          }
        ],
        "API_URL": "https://api.github.com/repos/semuxproject/semux-core/commits/f2c79e8b5196c697850808873170a366b4086101",
        "HTML_URL": "https://github.com/semuxproject/semux-core/commit/f2c79e8b5196c697850808873170a366b4086101"
      }
    },
    {
      "Entry_ID": "2",
      "Base": {
        "Commit_ID": "f7eafa70c19d4a65b8bf3a89c510ce4438ee1e1d",
        "Message": "MCR-1115 #comment fixed all ES_COMPARING_STRINGS_WITH_EQ",
        "Bug_location": [
          {
            "File": "MS_MUTABLE_COLLECTION/files/2/Base/MCRCalendar.java",
            "Locations": [ "92:5-94:28" ]
          }
        ],
        "API_URL": "https://api.github.com/repos/npmcdn-to-unpkg-bot/mycore/commits/f7eafa70c19d4a65b8bf3a89c510ce4438ee1e1d",
        "HTML_URL": "https://github.com/npmcdn-to-unpkg-bot/mycore/commit/f7eafa70c19d4a65b8bf3a89c510ce4438ee1e1d"
      },
      "Fix": {
        "Commit_ID": "d19a65040aa4a6e3faf38de732e24eb844b6ce3a",
        "Message": "MCR-1115 #comment fixed MS_MUTABLE_COLLECTION",
        "Fix_location": [
          {
            "File": "MS_MUTABLE_COLLECTION/files/2/Fix/MCRCalendar.java",
            "Locations": [ "94:5-96:29" ]
          }
        ],
        "API_URL": "https://api.github.com/repos/npmcdn-to-unpkg-bot/mycore/commits/d19a65040aa4a6e3faf38de732e24eb844b6ce3a",
        "HTML_URL": "https://github.com/npmcdn-to-unpkg-bot/mycore/commit/d19a65040aa4a6e3faf38de732e24eb844b6ce3a"
      }
    },
    {
      "Entry_ID": "3",
      "Base": {
        "Commit_ID": "66bed1e906ea08f7bf0a9607f1b53796b241179b",
        "Message": "fix of find bugs warning MS_MUTABLE_ARRAY)",
        "Bug_location": [
          {
            "File": "MS_MUTABLE_COLLECTION/files/3/Base/MIMENames.java",
            "Locations": [ "152:9-153:128" ]
          }
        ],
        "API_URL": "https://api.github.com/repos/emilianbold/netbeans-releases/commits/66bed1e906ea08f7bf0a9607f1b53796b241179b",
        "HTML_URL": "https://github.com/emilianbold/netbeans-releases/commit/66bed1e906ea08f7bf0a9607f1b53796b241179b"
      },
      "Fix": {
        "Commit_ID": "8612aeb81af7f3ab2c688cc9285b665faedfa716",
        "Message": "fix of find bugs warning (MS_MUTABLE_COLLECTION)",
        "Fix_location": [
          {
            "File": "MS_MUTABLE_COLLECTION/files/3/Fix/MIMENames.java",
            "Locations": [ "153:9-154:128" ]
          }
        ],
        "API_URL": "https://api.github.com/repos/emilianbold/netbeans-releases/commits/8612aeb81af7f3ab2c688cc9285b665faedfa716",
        "HTML_URL": "https://github.com/emilianbold/netbeans-releases/commit/8612aeb81af7f3ab2c688cc9285b665faedfa716"
      }
    },
    {
      "Entry_ID": "4",
      "Base": {
        "Commit_ID": "66bed1e906ea08f7bf0a9607f1b53796b241179b",
        "Message": "fix of find bugs warning MS_MUTABLE_ARRAY)",
        "Bug_location": [
          {
            "File": "MS_MUTABLE_COLLECTION/files/4/Base/MIMENames.java",
            "Locations": [ "156:9-160:89" ]
          }
        ],
        "API_URL": "https://api.github.com/repos/emilianbold/netbeans-releases/commits/66bed1e906ea08f7bf0a9607f1b53796b241179b",
        "HTML_URL": "https://github.com/emilianbold/netbeans-releases/commit/66bed1e906ea08f7bf0a9607f1b53796b241179b"
      },
      "Fix": {
        "Commit_ID": "8612aeb81af7f3ab2c688cc9285b665faedfa716",
        "Message": "fix of find bugs warning (MS_MUTABLE_COLLECTION)",
        "Fix_location": [
          {
            "File": "MS_MUTABLE_COLLECTION/files/4/Fix/MIMENames.java",
            "Locations": [ "154:9-159:21" ]
          }
        ],
        "API_URL": "https://api.github.com/repos/emilianbold/netbeans-releases/commits/8612aeb81af7f3ab2c688cc9285b665faedfa716",
        "HTML_URL": "https://github.com/emilianbold/netbeans-releases/commit/8612aeb81af7f3ab2c688cc9285b665faedfa716"
      }
    },
    {
      "Entry_ID": "5",
      "Base": {
        "Commit_ID": "1410fe5cf972e1e7c86091603681f67b2a7613f3",
        "Message": "findbugs - SE_BAD_FIELD_STORE + LI_LAZY_INIT_UPDATE_STATIC\n\ngit-svn-id: http://josm.openstreetmap.de/svn/trunk@10214 0c6e7542-c601-0410-84e7-c038aed88b3b",
        "Bug_location": [
          {
            "File": "MS_MUTABLE_COLLECTION/files/5/Base/SystemOfMeasurement.java",
            "Locations": [ "68:5-75:6" ]
          }
        ],
        "API_URL": "https://api.github.com/repos/michaelzangl/josm/commits/1410fe5cf972e1e7c86091603681f67b2a7613f3",
        "HTML_URL": "https://github.com/michaelzangl/josm/commit/1410fe5cf972e1e7c86091603681f67b2a7613f3"
      },
      "Fix": {
        "Commit_ID": "d7f638693ad8db22a3702aad50d3daacb4986994",
        "Message": "findbugs - MS_MUTABLE_COLLECTION\n\ngit-svn-id: http://josm.openstreetmap.de/svn/trunk@10215 0c6e7542-c601-0410-84e7-c038aed88b3b",
        "Fix_location": [
          {
            "File": "MS_MUTABLE_COLLECTION/files/5/Fix/SystemOfMeasurement.java",
            "Locations": [ "69:5-77:6" ]
          }
        ],
        "API_URL": "https://api.github.com/repos/michaelzangl/josm/commits/d7f638693ad8db22a3702aad50d3daacb4986994",
        "HTML_URL": "https://github.com/michaelzangl/josm/commit/d7f638693ad8db22a3702aad50d3daacb4986994"
      }
    },
    {
      "Entry_ID": "6",
      "Base": {
        "Commit_ID": "1410fe5cf972e1e7c86091603681f67b2a7613f3",
        "Message": "findbugs - SE_BAD_FIELD_STORE + LI_LAZY_INIT_UPDATE_STATIC\n\ngit-svn-id: http://josm.openstreetmap.de/svn/trunk@10214 0c6e7542-c601-0410-84e7-c038aed88b3b",
        "Bug_location": [
          {
            "File": "MS_MUTABLE_COLLECTION/files/6/Base/GpxConstants.java",
            "Locations": [ "91:5-93:102" ]
          }
        ],
        "API_URL": "https://api.github.com/repos/michaelzangl/josm/commits/1410fe5cf972e1e7c86091603681f67b2a7613f3",
        "HTML_URL": "https://github.com/michaelzangl/josm/commit/1410fe5cf972e1e7c86091603681f67b2a7613f3"
      },
      "Fix": {
        "Commit_ID": "d7f638693ad8db22a3702aad50d3daacb4986994",
        "Message": "findbugs - MS_MUTABLE_COLLECTION\n\ngit-svn-id: http://josm.openstreetmap.de/svn/trunk@10215 0c6e7542-c601-0410-84e7-c038aed88b3b",
        "Fix_location": [
          {
            "File": "MS_MUTABLE_COLLECTION/files/6/Fix/GpxConstants.java",
            "Locations": [ "92:5-94:103" ]
          }
        ],
        "API_URL": "https://api.github.com/repos/michaelzangl/josm/commits/d7f638693ad8db22a3702aad50d3daacb4986994",
        "HTML_URL": "https://github.com/michaelzangl/josm/commit/d7f638693ad8db22a3702aad50d3daacb4986994"
      }
    },
    {
      "Entry_ID": "7",
      "Base": {
        "Commit_ID": "1410fe5cf972e1e7c86091603681f67b2a7613f3",
        "Message": "findbugs - SE_BAD_FIELD_STORE + LI_LAZY_INIT_UPDATE_STATIC\n\ngit-svn-id: http://josm.openstreetmap.de/svn/trunk@10214 0c6e7542-c601-0410-84e7-c038aed88b3b",
        "Bug_location": [
          {
            "File": "MS_MUTABLE_COLLECTION/files/7/Base/GpxConstants.java",
            "Locations": [ "98:5-99:99" ]
          }
        ],
        "API_URL": "https://api.github.com/repos/michaelzangl/josm/commits/1410fe5cf972e1e7c86091603681f67b2a7613f3",
        "HTML_URL": "https://github.com/michaelzangl/josm/commit/1410fe5cf972e1e7c86091603681f67b2a7613f3"
      },
      "Fix": {
        "Commit_ID": "d7f638693ad8db22a3702aad50d3daacb4986994",
        "Message": "findbugs - MS_MUTABLE_COLLECTION\n\ngit-svn-id: http://josm.openstreetmap.de/svn/trunk@10215 0c6e7542-c601-0410-84e7-c038aed88b3b",
        "Fix_location": [
          {
            "File": "MS_MUTABLE_COLLECTION/files/7/Fix/GpxConstants.java",
            "Locations": [ "99:5-100:100" ]
          }
        ],
        "API_URL": "https://api.github.com/repos/michaelzangl/josm/commits/d7f638693ad8db22a3702aad50d3daacb4986994",
        "HTML_URL": "https://github.com/michaelzangl/josm/commit/d7f638693ad8db22a3702aad50d3daacb4986994"
      }
    },
    {
      "Entry_ID": "8",
      "Base": {
        "Commit_ID": "1410fe5cf972e1e7c86091603681f67b2a7613f3",
        "Message": "findbugs - SE_BAD_FIELD_STORE + LI_LAZY_INIT_UPDATE_STATIC\n\ngit-svn-id: http://josm.openstreetmap.de/svn/trunk@10214 0c6e7542-c601-0410-84e7-c038aed88b3b",
        "Bug_location": [
          {
            "File": "MS_MUTABLE_COLLECTION/files/8/Base/GpxConstants.java",
            "Locations": [ "104:5-104:86" ]
          }
        ],
        "API_URL": "https://api.github.com/repos/michaelzangl/josm/commits/1410fe5cf972e1e7c86091603681f67b2a7613f3",
        "HTML_URL": "https://github.com/michaelzangl/josm/commit/1410fe5cf972e1e7c86091603681f67b2a7613f3"
      },
      "Fix": {
        "Commit_ID": "d7f638693ad8db22a3702aad50d3daacb4986994",
        "Message": "findbugs - MS_MUTABLE_COLLECTION\n\ngit-svn-id: http://josm.openstreetmap.de/svn/trunk@10215 0c6e7542-c601-0410-84e7-c038aed88b3b",
        "Fix_location": [
          {
            "File": "MS_MUTABLE_COLLECTION/files/8/Fix/GpxConstants.java",
            "Locations": [ "105:5-105:116" ]
          }
        ],
        "API_URL": "https://api.github.com/repos/michaelzangl/josm/commits/d7f638693ad8db22a3702aad50d3daacb4986994",
        "HTML_URL": "https://github.com/michaelzangl/josm/commit/d7f638693ad8db22a3702aad50d3daacb4986994"
      }
    },
    {
      "Entry_ID": "9",
      "Base": {
        "Commit_ID": "e8e29eec2a4cc32905df6834cfc1815f6bca5c88",
        "Message": "FindBugs - MS_MUTABLE_COLLECTION\n\ngit-svn-id: https://josm.openstreetmap.de/svn/trunk@11650 0c6e7542-c601-0410-84e7-c038aed88b3b",
        "Bug_location": [
          {
            "File": "MS_MUTABLE_COLLECTION/files/9/Base/OffsetBookmark.java",
            "Locations": [ "19:5-19:79" ]
          }
        ],
        "API_URL": "https://api.github.com/repos/wiktorn/myjosm/commits/e8e29eec2a4cc32905df6834cfc1815f6bca5c88",
        "HTML_URL": "https://github.com/wiktorn/myjosm/commit/e8e29eec2a4cc32905df6834cfc1815f6bca5c88"
      },
      "Fix": {
        "Commit_ID": "d346f5cfd844d8810a095f074565ebf966167b81",
        "Message": "FindBugs - MS_MUTABLE_COLLECTION\n\ngit-svn-id: https://josm.openstreetmap.de/svn/trunk@11651 0c6e7542-c601-0410-84e7-c038aed88b3b",
        "Fix_location": [
          {
            "File": "MS_MUTABLE_COLLECTION/files/9/Fix/OffsetBookmark.java",
            "Locations": [ "19:5-19:80", "101:5-144:6" ]
          }
        ],
        "API_URL": "https://api.github.com/repos/wiktorn/myjosm/commits/d346f5cfd844d8810a095f074565ebf966167b81",
        "HTML_URL": "https://github.com/wiktorn/myjosm/commit/d346f5cfd844d8810a095f074565ebf966167b81"
      }
    },
    {
      "Entry_ID": "10",
      "Base": {
        "Commit_ID": "1a968bc1c7057924f5884d04744caee5c0577fd0",
        "Message": "sonar - pmd:UseStringBufferForStringAppends\n\ngit-svn-id: https://josm.openstreetmap.de/svn/trunk@11649 0c6e7542-c601-0410-84e7-c038aed88b3b",
        "Bug_location": [
          {
            "File": "MS_MUTABLE_COLLECTION/files/10/Base/Main.java",
            "Locations": [ "160:5-160:79", "1390:5-1392:6" ]
          }
        ],
        "API_URL": "https://api.github.com/repos/wiktorn/myjosm/commits/1a968bc1c7057924f5884d04744caee5c0577fd0",
        "HTML_URL": "https://github.com/wiktorn/myjosm/commit/1a968bc1c7057924f5884d04744caee5c0577fd0"
      },
      "Fix": {
        "Commit_ID": "e8e29eec2a4cc32905df6834cfc1815f6bca5c88",
        "Message": "FindBugs - MS_MUTABLE_COLLECTION\n\ngit-svn-id: https://josm.openstreetmap.de/svn/trunk@11650 0c6e7542-c601-0410-84e7-c038aed88b3b",
        "Fix_location": [
          {
            "File": "MS_MUTABLE_COLLECTION/files/10/Fix/MainApplication.java",
            "Locations": [ "88:5-88:77", "135:5-137:6" ]
          }
        ],
        "API_URL": "https://api.github.com/repos/wiktorn/myjosm/commits/e8e29eec2a4cc32905df6834cfc1815f6bca5c88",
        "HTML_URL": "https://github.com/wiktorn/myjosm/commit/e8e29eec2a4cc32905df6834cfc1815f6bca5c88"
      }
    },
    {
      "Entry_ID": "11",
      "Base": {
        "Commit_ID": "1a968bc1c7057924f5884d04744caee5c0577fd0",
        "Message": "sonar - pmd:UseStringBufferForStringAppends\n\ngit-svn-id: https://josm.openstreetmap.de/svn/trunk@11649 0c6e7542-c601-0410-84e7-c038aed88b3b",
        "Bug_location": [
          {
            "File": "MS_MUTABLE_COLLECTION/files/11/Base/Main.java",
            "Locations": [ "214:5-214:84" ]
          }
        ],
        "API_URL": "https://api.github.com/repos/wiktorn/myjosm/commits/1a968bc1c7057924f5884d04744caee5c0577fd0",
        "HTML_URL": "https://github.com/wiktorn/myjosm/commit/1a968bc1c7057924f5884d04744caee5c0577fd0"
      },
      "Fix": {
        "Commit_ID": "e8e29eec2a4cc32905df6834cfc1815f6bca5c88",
        "Message": "FindBugs - MS_MUTABLE_COLLECTION\n\ngit-svn-id: https://josm.openstreetmap.de/svn/trunk@11650 0c6e7542-c601-0410-84e7-c038aed88b3b",
        "Fix_location": [
          {
            "File": "MS_MUTABLE_COLLECTION/files/11/Fix/Main.java",
            "Locations": [ "208:5-208:82" ]
          }
        ],
        "API_URL": "https://api.github.com/repos/wiktorn/myjosm/commits/e8e29eec2a4cc32905df6834cfc1815f6bca5c88",
        "HTML_URL": "https://github.com/wiktorn/myjosm/commit/e8e29eec2a4cc32905df6834cfc1815f6bca5c88"
      }
    }
  ]
}