{
  "Spotbugs_id": "MS_MUTABLE_COLLECTION_PKGPROTECT",
  "Spotbugs_name": "MS: Field is a mutable collection which should be package protected",
  "Entries": [
    {
      "Entry_ID": "1",
      "Base": {
        "Commit_ID": "f16f13cf619d52aee97d2f8229fa60ffd9c818f6",
        "Message": "Web console: Improve data loader styling, enforce stricter TS types (#8001)\n\n* add assets to auth exclude path\r\n\r\n* add frame to tile page\r\n\r\n* better empty filter state\r\n\r\n* strict TS\r\n\r\n* fix segments go to sql\r\n\r\n* add unavailable segments\r\n\r\n* factor out sugestable input\r\n\r\n* fix tests\r\n\r\n* update datasources sql\r\n\r\n* no depricated extend\r\n\r\n* add index spec to tuning configs\r\n\r\n* fix scss lint",
        "Bug_location": [
          {
            "File": "MS_MUTABLE_COLLECTION_PKGPROTECT/files/1/Base/HadoopIndexTask.java",
            "Locations": [ "531:5-536:7" ]
          }
        ],
        "API_URL": "https://api.github.com/repos/mcbrewster/test/commits/f16f13cf619d52aee97d2f8229fa60ffd9c818f6",
        "HTML_URL": "https://github.com/mcbrewster/test/commit/f16f13cf619d52aee97d2f8229fa60ffd9c818f6"
      },
      "Fix": {
        "Commit_ID": "e8dedb3de4e026b122357b3bbe26325271d03467",
        "Message": "Enable MS_MUTABLE_COLLECTION_PKGPROTECT (#7971)",
        "Fix_location": [
          {
            "File": "MS_MUTABLE_COLLECTION_PKGPROTECT/files/1/Fix/HadoopIndexTask.java",
            "Locations": [ "530:5-535:7" ]
          }
        ],
        "API_URL": "https://api.github.com/repos/mcbrewster/test/commits/e8dedb3de4e026b122357b3bbe26325271d03467",
        "HTML_URL": "https://github.com/mcbrewster/test/commit/e8dedb3de4e026b122357b3bbe26325271d03467"
      }
    },
    {
      "Entry_ID": "2",
      "Base": {
        "Commit_ID": "39c05e10c5be3c57199b1e690744d28bbe3aa2dd",
        "Message": "findbugs: ignore EQ_DOESNT_OVERRIDE_EQUALS fro sublasses of Resource, it's handled by Resource already, based on URI and props",
        "Bug_location": [
          {
            "File": "MS_MUTABLE_COLLECTION_PKGPROTECT/files/2/Base/SharedResources.java",
            "Locations": [ "55:5-55:71" ]
          }
        ],
        "API_URL": "https://api.github.com/repos/universAAL/middleware/commits/39c05e10c5be3c57199b1e690744d28bbe3aa2dd",
        "HTML_URL": "https://github.com/universAAL/middleware/commit/39c05e10c5be3c57199b1e690744d28bbe3aa2dd"
      },
      "Fix": {
        "Commit_ID": "78df02a3ffe20527770688314fde06af161e2213",
        "Message": "findbugs: MS_MUTABLE_COLLECTION_PKGPROTECT",
        "Fix_location": [
          {
            "File": "MS_MUTABLE_COLLECTION_PKGPROTECT/files/2/Fix/SharedResources.java",
            "Locations": [ "55:5-55:72", "74:5-76:6" ]
          }
        ],
        "API_URL": "https://api.github.com/repos/universAAL/middleware/commits/78df02a3ffe20527770688314fde06af161e2213",
        "HTML_URL": "https://github.com/universAAL/middleware/commit/78df02a3ffe20527770688314fde06af161e2213"
      }
    },
    {
      "Entry_ID": "3",
      "Base": {
        "Commit_ID": "39c05e10c5be3c57199b1e690744d28bbe3aa2dd",
        "Message": "findbugs: ignore EQ_DOESNT_OVERRIDE_EQUALS fro sublasses of Resource, it's handled by Resource already, based on URI and props",
        "Bug_location": [
          {
            "File": "MS_MUTABLE_COLLECTION_PKGPROTECT/files/3/Base/SharedResources.java",
            "Locations": [ "56:5-56:77" ]
          }
        ],
        "API_URL": "https://api.github.com/repos/universAAL/middleware/commits/39c05e10c5be3c57199b1e690744d28bbe3aa2dd",
        "HTML_URL": "https://github.com/universAAL/middleware/commit/39c05e10c5be3c57199b1e690744d28bbe3aa2dd"
      },
      "Fix": {
        "Commit_ID": "78df02a3ffe20527770688314fde06af161e2213",
        "Message": "findbugs: MS_MUTABLE_COLLECTION_PKGPROTECT",
        "Fix_location": [
          {
            "File": "MS_MUTABLE_COLLECTION_PKGPROTECT/files/3/Fix/SharedResources.java",
            "Locations": [ "56:5-56:78" ]
          }
        ],
        "API_URL": "https://api.github.com/repos/universAAL/middleware/commits/78df02a3ffe20527770688314fde06af161e2213",
        "HTML_URL": "https://github.com/universAAL/middleware/commit/78df02a3ffe20527770688314fde06af161e2213"
      }
    },
    {
      "Entry_ID": "4",
      "Base": {
        "Commit_ID": "7c5c21c23677c82b5ae482bf208a8c6dfbb3ca5b",
        "Message": "spotbugs - DLS_DEAD_LOCAL_STORE\n\ngit-svn-id: https://josm.openstreetmap.de/svn/trunk@13868 0c6e7542-c601-0410-84e7-c038aed88b3b",
        "Bug_location": [
          {
            "File": "MS_MUTABLE_COLLECTION_PKGPROTECT/files/4/Base/ImageProvider.java",
            "Locations": [ "258:5-258:76" ]
          }
        ],
        "API_URL": "https://api.github.com/repos/wiktorn/myjosm/commits/7c5c21c23677c82b5ae482bf208a8c6dfbb3ca5b",
        "HTML_URL": "https://github.com/wiktorn/myjosm/commit/7c5c21c23677c82b5ae482bf208a8c6dfbb3ca5b"
      },
      "Fix": {
        "Commit_ID": "3e35bb9f3bb1efaf3a5d70f4d4484f961586a7d1",
        "Message": "spotbugs - MS_MUTABLE_COLLECTION_PKGPROTECT\n\ngit-svn-id: https://josm.openstreetmap.de/svn/trunk@13869 0c6e7542-c601-0410-84e7-c038aed88b3b",
        "Fix_location": [
          {
            "File": "MS_MUTABLE_COLLECTION_PKGPROTECT/files/4/Fix/ImageProvider.java",
            "Locations": [ "258:5-258:74" ]
          }
        ],
        "API_URL": "https://api.github.com/repos/wiktorn/myjosm/commits/3e35bb9f3bb1efaf3a5d70f4d4484f961586a7d1",
        "HTML_URL": "https://github.com/wiktorn/myjosm/commit/3e35bb9f3bb1efaf3a5d70f4d4484f961586a7d1"
      }
    },
    {
      "Entry_ID": "5",
      "Base": {
        "Commit_ID": "fce7d8522929fa154279608f1302339939a54086",
        "Message": "spotbugs - LI_LAZY_INIT_STATIC\n\ngit-svn-id: https://josm.openstreetmap.de/svn/trunk@14195 0c6e7542-c601-0410-84e7-c038aed88b3b",
        "Bug_location": [
          {
            "File": "MS_MUTABLE_COLLECTION_PKGPROTECT/files/5/Base/DownloadDialog.java",
            "Locations": [ "87:5-87:114" ]
          }
        ],
        "API_URL": "https://api.github.com/repos/johsin18/josm/commits/fce7d8522929fa154279608f1302339939a54086",
        "HTML_URL": "https://github.com/johsin18/josm/commit/fce7d8522929fa154279608f1302339939a54086"
      },
      "Fix": {
        "Commit_ID": "91f8364395ad38005cbfe09516c1c55f88ac7a03",
        "Message": "spotbugs - MS_MUTABLE_COLLECTION_PKGPROTECT\n\ngit-svn-id: https://josm.openstreetmap.de/svn/trunk@14196 0c6e7542-c601-0410-84e7-c038aed88b3b",
        "Fix_location": [
          {
            "File": "MS_MUTABLE_COLLECTION_PKGPROTECT/files/5/Fix/DownloadDialog.java",
            "Locations": [ "87:5-87:112" ]
          }
        ],
        "API_URL": "https://api.github.com/repos/johsin18/josm/commits/91f8364395ad38005cbfe09516c1c55f88ac7a03",
        "HTML_URL": "https://github.com/johsin18/josm/commit/91f8364395ad38005cbfe09516c1c55f88ac7a03"
      }
    },
    {
      "Entry_ID": "6",
      "Base": {
        "Commit_ID": "fce7d8522929fa154279608f1302339939a54086",
        "Message": "spotbugs - LI_LAZY_INIT_STATIC\n\ngit-svn-id: https://josm.openstreetmap.de/svn/trunk@14195 0c6e7542-c601-0410-84e7-c038aed88b3b",
        "Bug_location": [
          {
            "File": "MS_MUTABLE_COLLECTION_PKGPROTECT/files/6/Base/DownloadDialog.java",
            "Locations": [ "88:5-88:88" ]
          }
        ],
        "API_URL": "https://api.github.com/repos/johsin18/josm/commits/fce7d8522929fa154279608f1302339939a54086",
        "HTML_URL": "https://github.com/johsin18/josm/commit/fce7d8522929fa154279608f1302339939a54086"
      },
      "Fix": {
        "Commit_ID": "91f8364395ad38005cbfe09516c1c55f88ac7a03",
        "Message": "spotbugs - MS_MUTABLE_COLLECTION_PKGPROTECT\n\ngit-svn-id: https://josm.openstreetmap.de/svn/trunk@14196 0c6e7542-c601-0410-84e7-c038aed88b3b",
        "Fix_location": [
          {
            "File": "MS_MUTABLE_COLLECTION_PKGPROTECT/files/6/Fix/DownloadDialog.java",
            "Locations": [ "88:5-88:86" ]
          }
        ],
        "API_URL": "https://api.github.com/repos/johsin18/josm/commits/91f8364395ad38005cbfe09516c1c55f88ac7a03",
        "HTML_URL": "https://github.com/johsin18/josm/commit/91f8364395ad38005cbfe09516c1c55f88ac7a03"
      }
    },
    {
      "Entry_ID": "7",
      "Base": {
        "Commit_ID": "eaebc1235e872ad52e0f579d88a66fb7c574ab7b",
        "Message": "findbugs: MS_PKGPROTECT: Field should be package protected\n\nSigned-off-by: Andy Scherzinger <info@andy-scherzinger.de>",
        "Bug_location": [
          {
            "File": "MS_MUTABLE_COLLECTION_PKGPROTECT/files/7/Base/SyncedFoldersActivity.java",
            "Locations": [ "96:5-96:94" ]
          }
        ],
        "API_URL": "https://api.github.com/repos/mcfr77/android/commits/eaebc1235e872ad52e0f579d88a66fb7c574ab7b",
        "HTML_URL": "https://github.com/mcfr77/android/commit/eaebc1235e872ad52e0f579d88a66fb7c574ab7b"
      },
      "Fix": {
        "Commit_ID": "20790bc22e8823f4a89e8e669b3294d374c3cbe0",
        "Message": "findbug: MS_MUTABLE_COLLECTION_PKGPROTECT: Field is a mutable collection which should be package protected\n\nSigned-off-by: Andy Scherzinger <info@andy-scherzinger.de>",
        "Fix_location": [
          {
            "File": "MS_MUTABLE_COLLECTION_PKGPROTECT/files/7/Fix/SyncedFoldersActivity.java",
            "Locations": [ "96:5-96:95" ]
          }
        ],
        "API_URL": "https://api.github.com/repos/mcfr77/android/commits/20790bc22e8823f4a89e8e669b3294d374c3cbe0",
        "HTML_URL": "https://github.com/mcfr77/android/commit/20790bc22e8823f4a89e8e669b3294d374c3cbe0"
      }
    },
    {
      "Entry_ID": "8",
      "Base": {
        "Commit_ID": "eaebc1235e872ad52e0f579d88a66fb7c574ab7b",
        "Message": "findbugs: MS_PKGPROTECT: Field should be package protected\n\nSigned-off-by: Andy Scherzinger <info@andy-scherzinger.de>",
        "Bug_location": [
          {
            "File": "MS_MUTABLE_COLLECTION_PKGPROTECT/files/8/Base/SyncedFoldersActivity.java",
            "Locations": [ "97:5-97:106" ]
          }
        ],
        "API_URL": "https://api.github.com/repos/mcfr77/android/commits/eaebc1235e872ad52e0f579d88a66fb7c574ab7b",
        "HTML_URL": "https://github.com/mcfr77/android/commit/eaebc1235e872ad52e0f579d88a66fb7c574ab7b"
      },
      "Fix": {
        "Commit_ID": "20790bc22e8823f4a89e8e669b3294d374c3cbe0",
        "Message": "findbug: MS_MUTABLE_COLLECTION_PKGPROTECT: Field is a mutable collection which should be package protected\n\nSigned-off-by: Andy Scherzinger <info@andy-scherzinger.de>",
        "Fix_location": [
          {
            "File": "MS_MUTABLE_COLLECTION_PKGPROTECT/files/8/Fix/SyncedFoldersActivity.java",
            "Locations": [ "97:5-97:107" ]
          }
        ],
        "API_URL": "https://api.github.com/repos/mcfr77/android/commits/20790bc22e8823f4a89e8e669b3294d374c3cbe0",
        "HTML_URL": "https://github.com/mcfr77/android/commit/20790bc22e8823f4a89e8e669b3294d374c3cbe0"
      }
    },
    {
      "Entry_ID": "9",
      "Base": {
        "Commit_ID": "ac1002984216c483960b0833e2c85d4fa42e47e5",
        "Message": "findbugs - BC_UNCONFIRMED_CAST\n\ngit-svn-id: https://josm.openstreetmap.de/svn/trunk@11383 0c6e7542-c601-0410-84e7-c038aed88b3b",
        "Bug_location": [
          {
            "File": "MS_MUTABLE_COLLECTION_PKGPROTECT/files/9/Base/PowerLines.java",
            "Locations": [ "35:5-35:101" ]
          }
        ],
        "API_URL": "https://api.github.com/repos/wiktorn/myjosm/commits/ac1002984216c483960b0833e2c85d4fa42e47e5",
        "HTML_URL": "https://github.com/wiktorn/myjosm/commit/ac1002984216c483960b0833e2c85d4fa42e47e5"
      },
      "Fix": {
        "Commit_ID": "d7fd1ba98e44b06c95a9d7a1180a39f16e6f6f53",
        "Message": "findbugs - EQ_DOESNT_OVERRIDE_EQUALS, MS_MUTABLE_COLLECTION_PKGPROTECT\n\ngit-svn-id: https://josm.openstreetmap.de/svn/trunk@11384 0c6e7542-c601-0410-84e7-c038aed88b3b",
        "Fix_location": [
          {
            "File": "MS_MUTABLE_COLLECTION_PKGPROTECT/files/9/Fix/PowerLines.java",
            "Locations": [ "35:5-35:91" ]
          }
        ],
        "API_URL": "https://api.github.com/repos/wiktorn/myjosm/commits/d7fd1ba98e44b06c95a9d7a1180a39f16e6f6f53",
        "HTML_URL": "https://github.com/wiktorn/myjosm/commit/d7fd1ba98e44b06c95a9d7a1180a39f16e6f6f53"
      }
    },
    {
      "Entry_ID": "10",
      "Base": {
        "Commit_ID": "ac1002984216c483960b0833e2c85d4fa42e47e5",
        "Message": "findbugs - BC_UNCONFIRMED_CAST\n\ngit-svn-id: https://josm.openstreetmap.de/svn/trunk@11383 0c6e7542-c601-0410-84e7-c038aed88b3b",
        "Bug_location": [
          {
            "File": "MS_MUTABLE_COLLECTION_PKGPROTECT/files/10/Base/PowerLines.java",
            "Locations": [ "37:5-37:97" ]
          }
        ],
        "API_URL": "https://api.github.com/repos/wiktorn/myjosm/commits/ac1002984216c483960b0833e2c85d4fa42e47e5",
        "HTML_URL": "https://github.com/wiktorn/myjosm/commit/ac1002984216c483960b0833e2c85d4fa42e47e5"
      },
      "Fix": {
        "Commit_ID": "d7fd1ba98e44b06c95a9d7a1180a39f16e6f6f53",
        "Message": "findbugs - EQ_DOESNT_OVERRIDE_EQUALS, MS_MUTABLE_COLLECTION_PKGPROTECT\n\ngit-svn-id: https://josm.openstreetmap.de/svn/trunk@11384 0c6e7542-c601-0410-84e7-c038aed88b3b",
        "Fix_location": [
          {
            "File": "MS_MUTABLE_COLLECTION_PKGPROTECT/files/10/Fix/PowerLines.java",
            "Locations": [ "37:5-37:87" ]
          }
        ],
        "API_URL": "https://api.github.com/repos/wiktorn/myjosm/commits/d7fd1ba98e44b06c95a9d7a1180a39f16e6f6f53",
        "HTML_URL": "https://github.com/wiktorn/myjosm/commit/d7fd1ba98e44b06c95a9d7a1180a39f16e6f6f53"
      }
    },
    {
      "Entry_ID": "11",
      "Base": {
        "Commit_ID": "ac1002984216c483960b0833e2c85d4fa42e47e5",
        "Message": "findbugs - BC_UNCONFIRMED_CAST\n\ngit-svn-id: https://josm.openstreetmap.de/svn/trunk@11383 0c6e7542-c601-0410-84e7-c038aed88b3b",
        "Bug_location": [
          {
            "File": "MS_MUTABLE_COLLECTION_PKGPROTECT/files/11/Base/PowerLines.java",
            "Locations": [ "39:5-39:144" ]
          }
        ],
        "API_URL": "https://api.github.com/repos/wiktorn/myjosm/commits/ac1002984216c483960b0833e2c85d4fa42e47e5",
        "HTML_URL": "https://github.com/wiktorn/myjosm/commit/ac1002984216c483960b0833e2c85d4fa42e47e5"
      },
      "Fix": {
        "Commit_ID": "d7fd1ba98e44b06c95a9d7a1180a39f16e6f6f53",
        "Message": "findbugs - EQ_DOESNT_OVERRIDE_EQUALS, MS_MUTABLE_COLLECTION_PKGPROTECT\n\ngit-svn-id: https://josm.openstreetmap.de/svn/trunk@11384 0c6e7542-c601-0410-84e7-c038aed88b3b",
        "Fix_location": [
          {
            "File": "MS_MUTABLE_COLLECTION_PKGPROTECT/files/11/Fix/PowerLines.java",
            "Locations": [ "39:5-39:134" ]
          }
        ],
        "API_URL": "https://api.github.com/repos/wiktorn/myjosm/commits/d7fd1ba98e44b06c95a9d7a1180a39f16e6f6f53",
        "HTML_URL": "https://github.com/wiktorn/myjosm/commit/d7fd1ba98e44b06c95a9d7a1180a39f16e6f6f53"
      }
    },
    {
      "Entry_ID": "12",
      "Base": {
        "Commit_ID": "ac1002984216c483960b0833e2c85d4fa42e47e5",
        "Message": "findbugs - BC_UNCONFIRMED_CAST\n\ngit-svn-id: https://josm.openstreetmap.de/svn/trunk@11383 0c6e7542-c601-0410-84e7-c038aed88b3b",
        "Bug_location": [
          {
            "File": "MS_MUTABLE_COLLECTION_PKGPROTECT/files/12/Base/PowerLines.java",
            "Locations": [ "41:5-41:106" ]
          }
        ],
        "API_URL": "https://api.github.com/repos/wiktorn/myjosm/commits/ac1002984216c483960b0833e2c85d4fa42e47e5",
        "HTML_URL": "https://github.com/wiktorn/myjosm/commit/ac1002984216c483960b0833e2c85d4fa42e47e5"
      },
      "Fix": {
        "Commit_ID": "d7fd1ba98e44b06c95a9d7a1180a39f16e6f6f53",
        "Message": "findbugs - EQ_DOESNT_OVERRIDE_EQUALS, MS_MUTABLE_COLLECTION_PKGPROTECT\n\ngit-svn-id: https://josm.openstreetmap.de/svn/trunk@11384 0c6e7542-c601-0410-84e7-c038aed88b3b",
        "Fix_location": [
          {
            "File": "MS_MUTABLE_COLLECTION_PKGPROTECT/files/12/Fix/PowerLines.java",
            "Locations": [ "41:5-41:96" ]
          }
        ],
        "API_URL": "https://api.github.com/repos/wiktorn/myjosm/commits/d7fd1ba98e44b06c95a9d7a1180a39f16e6f6f53",
        "HTML_URL": "https://github.com/wiktorn/myjosm/commit/d7fd1ba98e44b06c95a9d7a1180a39f16e6f6f53"
      }
    },
    {
      "Entry_ID": "13",
      "Base": {
        "Commit_ID": "ac1002984216c483960b0833e2c85d4fa42e47e5",
        "Message": "findbugs - BC_UNCONFIRMED_CAST\n\ngit-svn-id: https://josm.openstreetmap.de/svn/trunk@11383 0c6e7542-c601-0410-84e7-c038aed88b3b",
        "Bug_location": [
          {
            "File": "MS_MUTABLE_COLLECTION_PKGPROTECT/files/13/Base/PowerLines.java",
            "Locations": [ "43:5-44:48" ]
          }
        ],
        "API_URL": "https://api.github.com/repos/wiktorn/myjosm/commits/ac1002984216c483960b0833e2c85d4fa42e47e5",
        "HTML_URL": "https://github.com/wiktorn/myjosm/commit/ac1002984216c483960b0833e2c85d4fa42e47e5"
      },
      "Fix": {
        "Commit_ID": "d7fd1ba98e44b06c95a9d7a1180a39f16e6f6f53",
        "Message": "findbugs - EQ_DOESNT_OVERRIDE_EQUALS, MS_MUTABLE_COLLECTION_PKGPROTECT\n\ngit-svn-id: https://josm.openstreetmap.de/svn/trunk@11384 0c6e7542-c601-0410-84e7-c038aed88b3b",
        "Fix_location": [
          {
            "File": "MS_MUTABLE_COLLECTION_PKGPROTECT/files/13/Fix/PowerLines.java",
            "Locations": [ "43:5-44:48" ]
          }
        ],
        "API_URL": "https://api.github.com/repos/wiktorn/myjosm/commits/d7fd1ba98e44b06c95a9d7a1180a39f16e6f6f53",
        "HTML_URL": "https://github.com/wiktorn/myjosm/commit/d7fd1ba98e44b06c95a9d7a1180a39f16e6f6f53"
      }
    },
    {
      "Entry_ID": "14",
      "Base": {
        "Commit_ID": "ac1002984216c483960b0833e2c85d4fa42e47e5",
        "Message": "findbugs - BC_UNCONFIRMED_CAST\n\ngit-svn-id: https://josm.openstreetmap.de/svn/trunk@11383 0c6e7542-c601-0410-84e7-c038aed88b3b",
        "Bug_location": [
          {
            "File": "MS_MUTABLE_COLLECTION_PKGPROTECT/files/14/Base/UntaggedWay.java",
            "Locations": [ "47:5-47:69" ]
          }
        ],
        "API_URL": "https://api.github.com/repos/wiktorn/myjosm/commits/ac1002984216c483960b0833e2c85d4fa42e47e5",
        "HTML_URL": "https://github.com/wiktorn/myjosm/commit/ac1002984216c483960b0833e2c85d4fa42e47e5"
      },
      "Fix": {
        "Commit_ID": "d7fd1ba98e44b06c95a9d7a1180a39f16e6f6f53",
        "Message": "findbugs - EQ_DOESNT_OVERRIDE_EQUALS, MS_MUTABLE_COLLECTION_PKGPROTECT\n\ngit-svn-id: https://josm.openstreetmap.de/svn/trunk@11384 0c6e7542-c601-0410-84e7-c038aed88b3b",
        "Fix_location": [
          {
            "File": "MS_MUTABLE_COLLECTION_PKGPROTECT/files/14/Fix/UntaggedWay.java",
            "Locations": [ "47:5-47:59" ]
          }
        ],
        "API_URL": "https://api.github.com/repos/wiktorn/myjosm/commits/d7fd1ba98e44b06c95a9d7a1180a39f16e6f6f53",
        "HTML_URL": "https://github.com/wiktorn/myjosm/commit/d7fd1ba98e44b06c95a9d7a1180a39f16e6f6f53"
      }
    },
    {
      "Entry_ID": "15",
      "Base": {
        "Commit_ID": "ac1002984216c483960b0833e2c85d4fa42e47e5",
        "Message": "findbugs - BC_UNCONFIRMED_CAST\n\ngit-svn-id: https://josm.openstreetmap.de/svn/trunk@11383 0c6e7542-c601-0410-84e7-c038aed88b3b",
        "Bug_location": [
          {
            "File": "MS_MUTABLE_COLLECTION_PKGPROTECT/files/15/Base/UntaggedWay.java",
            "Locations": [ "59:5-59:58" ]
          }
        ],
        "API_URL": "https://api.github.com/repos/wiktorn/myjosm/commits/ac1002984216c483960b0833e2c85d4fa42e47e5",
        "HTML_URL": "https://github.com/wiktorn/myjosm/commit/ac1002984216c483960b0833e2c85d4fa42e47e5"
      },
      "Fix": {
        "Commit_ID": "d7fd1ba98e44b06c95a9d7a1180a39f16e6f6f53",
        "Message": "findbugs - EQ_DOESNT_OVERRIDE_EQUALS, MS_MUTABLE_COLLECTION_PKGPROTECT\n\ngit-svn-id: https://josm.openstreetmap.de/svn/trunk@11384 0c6e7542-c601-0410-84e7-c038aed88b3b",
        "Fix_location": [
          {
            "File": "MS_MUTABLE_COLLECTION_PKGPROTECT/files/15/Fix/UntaggedWay.java",
            "Locations": [ "59:5-59:58" ]
          }
        ],
        "API_URL": "https://api.github.com/repos/wiktorn/myjosm/commits/d7fd1ba98e44b06c95a9d7a1180a39f16e6f6f53",
        "HTML_URL": "https://github.com/wiktorn/myjosm/commit/d7fd1ba98e44b06c95a9d7a1180a39f16e6f6f53"
      }
    },
    {
      "Entry_ID": "16",
      "Base": {
        "Commit_ID": "ac1002984216c483960b0833e2c85d4fa42e47e5",
        "Message": "findbugs - BC_UNCONFIRMED_CAST\n\ngit-svn-id: https://josm.openstreetmap.de/svn/trunk@11383 0c6e7542-c601-0410-84e7-c038aed88b3b",
        "Bug_location": [
          {
            "File": "MS_MUTABLE_COLLECTION_PKGPROTECT/files/16/Base/MapCSSStyleSource.java",
            "Locations": [ "104:5-104:73" ]
          }
        ],
        "API_URL": "https://api.github.com/repos/wiktorn/myjosm/commits/ac1002984216c483960b0833e2c85d4fa42e47e5",
        "HTML_URL": "https://github.com/wiktorn/myjosm/commit/ac1002984216c483960b0833e2c85d4fa42e47e5"
      },
      "Fix": {
        "Commit_ID": "d7fd1ba98e44b06c95a9d7a1180a39f16e6f6f53",
        "Message": "findbugs - EQ_DOESNT_OVERRIDE_EQUALS, MS_MUTABLE_COLLECTION_PKGPROTECT\n\ngit-svn-id: https://josm.openstreetmap.de/svn/trunk@11384 0c6e7542-c601-0410-84e7-c038aed88b3b",
        "Fix_location": [
          {
            "File": "MS_MUTABLE_COLLECTION_PKGPROTECT/files/16/Fix/MapCSSStyleSource.java",
            "Locations": [ "104:5-104:63" ]
          }
        ],
        "API_URL": "https://api.github.com/repos/wiktorn/myjosm/commits/d7fd1ba98e44b06c95a9d7a1180a39f16e6f6f53",
        "HTML_URL": "https://github.com/wiktorn/myjosm/commit/d7fd1ba98e44b06c95a9d7a1180a39f16e6f6f53"
      }
    },
    {
      "Entry_ID": "17",
      "Base": {
        "Commit_ID": "ac1002984216c483960b0833e2c85d4fa42e47e5",
        "Message": "findbugs - BC_UNCONFIRMED_CAST\n\ngit-svn-id: https://josm.openstreetmap.de/svn/trunk@11383 0c6e7542-c601-0410-84e7-c038aed88b3b",
        "Bug_location": [
          {
            "File": "MS_MUTABLE_COLLECTION_PKGPROTECT/files/17/Base/AutoCompletionManager.java",
            "Locations": [ "117:5-117:89" ]
          }
        ],
        "API_URL": "https://api.github.com/repos/wiktorn/myjosm/commits/ac1002984216c483960b0833e2c85d4fa42e47e5",
        "HTML_URL": "https://github.com/wiktorn/myjosm/commit/ac1002984216c483960b0833e2c85d4fa42e47e5"
      },
      "Fix": {
        "Commit_ID": "d7fd1ba98e44b06c95a9d7a1180a39f16e6f6f53",
        "Message": "findbugs - EQ_DOESNT_OVERRIDE_EQUALS, MS_MUTABLE_COLLECTION_PKGPROTECT\n\ngit-svn-id: https://josm.openstreetmap.de/svn/trunk@11384 0c6e7542-c601-0410-84e7-c038aed88b3b",
        "Fix_location": [
          {
            "File": "MS_MUTABLE_COLLECTION_PKGPROTECT/files/17/Fix/AutoCompletionManager.java",
            "Locations": [ "117:5-117:79" ]
          }
        ],
        "API_URL": "https://api.github.com/repos/wiktorn/myjosm/commits/d7fd1ba98e44b06c95a9d7a1180a39f16e6f6f53",
        "HTML_URL": "https://github.com/wiktorn/myjosm/commit/d7fd1ba98e44b06c95a9d7a1180a39f16e6f6f53"
      }
    },
    {
      "Entry_ID": "18",
      "Base": {
        "Commit_ID": "ac1002984216c483960b0833e2c85d4fa42e47e5",
        "Message": "findbugs - BC_UNCONFIRMED_CAST\n\ngit-svn-id: https://josm.openstreetmap.de/svn/trunk@11383 0c6e7542-c601-0410-84e7-c038aed88b3b",
        "Bug_location": [
          {
            "File": "MS_MUTABLE_COLLECTION_PKGPROTECT/files/18/Base/AutoCompletionManager.java",
            "Locations": [ "122:5-122:91" ]
          }
        ],
        "API_URL": "https://api.github.com/repos/wiktorn/myjosm/commits/ac1002984216c483960b0833e2c85d4fa42e47e5",
        "HTML_URL": "https://github.com/wiktorn/myjosm/commit/ac1002984216c483960b0833e2c85d4fa42e47e5"
      },
      "Fix": {
        "Commit_ID": "d7fd1ba98e44b06c95a9d7a1180a39f16e6f6f53",
        "Message": "findbugs - EQ_DOESNT_OVERRIDE_EQUALS, MS_MUTABLE_COLLECTION_PKGPROTECT\n\ngit-svn-id: https://josm.openstreetmap.de/svn/trunk@11384 0c6e7542-c601-0410-84e7-c038aed88b3b",
        "Fix_location": [
          {
            "File": "MS_MUTABLE_COLLECTION_PKGPROTECT/files/18/Fix/AutoCompletionManager.java",
            "Locations": [ "122:5-122:81" ]
          }
        ],
        "API_URL": "https://api.github.com/repos/wiktorn/myjosm/commits/d7fd1ba98e44b06c95a9d7a1180a39f16e6f6f53",
        "HTML_URL": "https://github.com/wiktorn/myjosm/commit/d7fd1ba98e44b06c95a9d7a1180a39f16e6f6f53"
      }
    },
    {
      "Entry_ID": "19",
      "Base": {
        "Commit_ID": "ac1002984216c483960b0833e2c85d4fa42e47e5",
        "Message": "findbugs - BC_UNCONFIRMED_CAST\n\ngit-svn-id: https://josm.openstreetmap.de/svn/trunk@11383 0c6e7542-c601-0410-84e7-c038aed88b3b",
        "Bug_location": [
          {
            "File": "MS_MUTABLE_COLLECTION_PKGPROTECT/files/19/Base/AutoCompletionManager.java",
            "Locations": [ "134:5-134:76" ]
          }
        ],
        "API_URL": "https://api.github.com/repos/wiktorn/myjosm/commits/ac1002984216c483960b0833e2c85d4fa42e47e5",
        "HTML_URL": "https://github.com/wiktorn/myjosm/commit/ac1002984216c483960b0833e2c85d4fa42e47e5"
      },
      "Fix": {
        "Commit_ID": "d7fd1ba98e44b06c95a9d7a1180a39f16e6f6f53",
        "Message": "findbugs - EQ_DOESNT_OVERRIDE_EQUALS, MS_MUTABLE_COLLECTION_PKGPROTECT\n\ngit-svn-id: https://josm.openstreetmap.de/svn/trunk@11384 0c6e7542-c601-0410-84e7-c038aed88b3b",
        "Fix_location": [
          {
            "File": "MS_MUTABLE_COLLECTION_PKGPROTECT/files/19/Fix/AutoCompletionManager.java",
            "Locations": [ "134:5-134:66" ]
          }
        ],
        "API_URL": "https://api.github.com/repos/wiktorn/myjosm/commits/d7fd1ba98e44b06c95a9d7a1180a39f16e6f6f53",
        "HTML_URL": "https://github.com/wiktorn/myjosm/commit/d7fd1ba98e44b06c95a9d7a1180a39f16e6f6f53"
      }
    },
    {
      "Entry_ID": "20",
      "Base": {
        "Commit_ID": "ac1002984216c483960b0833e2c85d4fa42e47e5",
        "Message": "findbugs - BC_UNCONFIRMED_CAST\n\ngit-svn-id: https://josm.openstreetmap.de/svn/trunk@11383 0c6e7542-c601-0410-84e7-c038aed88b3b",
        "Bug_location": [
          {
            "File": "MS_MUTABLE_COLLECTION_PKGPROTECT/files/20/Base/KeyedItem.java",
            "Locations": [ "30:5-30:78" ]
          }
        ],
        "API_URL": "https://api.github.com/repos/wiktorn/myjosm/commits/ac1002984216c483960b0833e2c85d4fa42e47e5",
        "HTML_URL": "https://github.com/wiktorn/myjosm/commit/ac1002984216c483960b0833e2c85d4fa42e47e5"
      },
      "Fix": {
        "Commit_ID": "d7fd1ba98e44b06c95a9d7a1180a39f16e6f6f53",
        "Message": "findbugs - EQ_DOESNT_OVERRIDE_EQUALS, MS_MUTABLE_COLLECTION_PKGPROTECT\n\ngit-svn-id: https://josm.openstreetmap.de/svn/trunk@11384 0c6e7542-c601-0410-84e7-c038aed88b3b",
        "Fix_location": [
          {
            "File": "MS_MUTABLE_COLLECTION_PKGPROTECT/files/20/Fix/KeyedItem.java",
            "Locations": [ "30:5-30:68" ]
          }
        ],
        "API_URL": "https://api.github.com/repos/wiktorn/myjosm/commits/d7fd1ba98e44b06c95a9d7a1180a39f16e6f6f53",
        "HTML_URL": "https://github.com/wiktorn/myjosm/commit/d7fd1ba98e44b06c95a9d7a1180a39f16e6f6f53"
      }
    },
    {
      "Entry_ID": "21",
      "Base": {
        "Commit_ID": "42a529bbbdfbcb15d90bb630faa25986ac6caa76",
        "Message": "Update pom.xml",
        "Bug_location": [
          {
            "File": "MS_MUTABLE_COLLECTION_PKGPROTECT/files/21/Base/Config.java",
            "Locations": [ "105:5-105:150" ]
          }
        ],
        "API_URL": "https://api.github.com/repos/innovimax/xslthl/commits/42a529bbbdfbcb15d90bb630faa25986ac6caa76",
        "HTML_URL": "https://github.com/innovimax/xslthl/commit/42a529bbbdfbcb15d90bb630faa25986ac6caa76"
      },
      "Fix": {
        "Commit_ID": "ff0fd609e0f15c99897d8991e02a98d0f75272f1",
        "Message": "net.sf.xslthl.Config.highlighterClasses package\n\nnet.sf.xslthl.Config.highlighterClasses is a mutable collection which should be package protected [net.sf.xslthl.Config] At Config.java:[line 105] MS_MUTABLE_COLLECTION_PKGPROTECT",
        "Fix_location": [
          {
            "File": "MS_MUTABLE_COLLECTION_PKGPROTECT/files/21/Fix/Config.java",
            "Locations": [ "105:5-105:145" ]
          }
        ],
        "API_URL": "https://api.github.com/repos/innovimax/xslthl/commits/ff0fd609e0f15c99897d8991e02a98d0f75272f1",
        "HTML_URL": "https://github.com/innovimax/xslthl/commit/ff0fd609e0f15c99897d8991e02a98d0f75272f1"
      }
    },
    {
      "Entry_ID": "22",
      "Base": {
        "Commit_ID": "a2b3ee67f5d19a5363a85f5edbc66e9a37881fc1",
        "Message": "core: Exclude the ME_ENUM_FIELD_SETTER findbugs warning\n\nFindbugs doesn't like that the OsRepositoryImpl.init method is public,\nbut we need that because it is the mechanism that we use to lazyly\ninitialize the OS repository.\n\nThis is the findbugs warning:\n\n  Public enum method unconditionally sets its field\n\n  This public method declared in public enum unconditionally sets enum\n  field, thus this field can be changed by malicious code or by accident\n  from another package. Though mutable enum fields may be used for lazy\n  initialization, it's a bad practice to expose them to the outer world.\n  Consider removing this method or declaring it package-private.\n\n  Bug kind and pattern: ME - ME_ENUM_FIELD_SETTER\n\nThis patch changes the exclude filters for the \"utils\" project so that\nthis findbugs warning will be ignored.\n\nChange-Id: Ibe37f727663fef92bc559edc7d2d665ccdf1aed5\nSigned-off-by: Juan Hernandez <juan.hernandez@redhat.com>",
        "Bug_location": [
          {
            "File": "MS_MUTABLE_COLLECTION_PKGPROTECT/files/22/Base/WindowsJavaTimezoneMapping.java",
            "Locations": [ "59:5-59:91" ]
          }
        ],
        "API_URL": "https://api.github.com/repos/oVirt/ovirt-engine/commits/a2b3ee67f5d19a5363a85f5edbc66e9a37881fc1",
        "HTML_URL": "https://github.com/oVirt/ovirt-engine/commit/a2b3ee67f5d19a5363a85f5edbc66e9a37881fc1"
      },
      "Fix": {
        "Commit_ID": "1431636cba8c35a43b1935981ee4d7ca2d2f2b12",
        "Message": "core: Make windows time zone mapping maps private\n\nThis is needed in order to avoid the following findbugs warning:\n\n  Field is a mutable collection which should be package protected\n\n  A mutable collection instance is assigned to a final static field,\n  thus can be changed by malicious code or by accident from another\n  package.  The field could be made package protected to avoid this\n  vulnerability.  Alternatively you may wrap this field into\n  Collections.unmodifiableSet/List/Map/etc. to avoid this vulnerability.\n\n  Bug kind and pattern: MS - MS_MUTABLE_COLLECTION_PKGPROTECT\n\nChange-Id: I812de9ba3e9aa19ac4ede4d1d39bef8ecfd50356\nSigned-off-by: Juan Hernandez <juan.hernandez@redhat.com>",
        "Fix_location": [
          {
            "File": "MS_MUTABLE_COLLECTION_PKGPROTECT/files/22/Fix/WindowsJavaTimezoneMapping.java",
            "Locations": [ "60:5-60:92" ]
          }
        ],
        "API_URL": "https://api.github.com/repos/oVirt/ovirt-engine/commits/1431636cba8c35a43b1935981ee4d7ca2d2f2b12",
        "HTML_URL": "https://github.com/oVirt/ovirt-engine/commit/1431636cba8c35a43b1935981ee4d7ca2d2f2b12"
      }
    },
    {
      "Entry_ID": "23",
      "Base": {
        "Commit_ID": "a2b3ee67f5d19a5363a85f5edbc66e9a37881fc1",
        "Message": "core: Exclude the ME_ENUM_FIELD_SETTER findbugs warning\n\nFindbugs doesn't like that the OsRepositoryImpl.init method is public,\nbut we need that because it is the mechanism that we use to lazyly\ninitialize the OS repository.\n\nThis is the findbugs warning:\n\n  Public enum method unconditionally sets its field\n\n  This public method declared in public enum unconditionally sets enum\n  field, thus this field can be changed by malicious code or by accident\n  from another package. Though mutable enum fields may be used for lazy\n  initialization, it's a bad practice to expose them to the outer world.\n  Consider removing this method or declaring it package-private.\n\n  Bug kind and pattern: ME - ME_ENUM_FIELD_SETTER\n\nThis patch changes the exclude filters for the \"utils\" project so that\nthis findbugs warning will be ignored.\n\nChange-Id: Ibe37f727663fef92bc559edc7d2d665ccdf1aed5\nSigned-off-by: Juan Hernandez <juan.hernandez@redhat.com>",
        "Bug_location": [
          {
            "File": "MS_MUTABLE_COLLECTION_PKGPROTECT/files/23/Base/WindowsJavaTimezoneMapping.java",
            "Locations": [ "60:5-60:91" ]
          }
        ],
        "API_URL": "https://api.github.com/repos/oVirt/ovirt-engine/commits/a2b3ee67f5d19a5363a85f5edbc66e9a37881fc1",
        "HTML_URL": "https://github.com/oVirt/ovirt-engine/commit/a2b3ee67f5d19a5363a85f5edbc66e9a37881fc1"
      },
      "Fix": {
        "Commit_ID": "1431636cba8c35a43b1935981ee4d7ca2d2f2b12",
        "Message": "core: Make windows time zone mapping maps private\n\nThis is needed in order to avoid the following findbugs warning:\n\n  Field is a mutable collection which should be package protected\n\n  A mutable collection instance is assigned to a final static field,\n  thus can be changed by malicious code or by accident from another\n  package.  The field could be made package protected to avoid this\n  vulnerability.  Alternatively you may wrap this field into\n  Collections.unmodifiableSet/List/Map/etc. to avoid this vulnerability.\n\n  Bug kind and pattern: MS - MS_MUTABLE_COLLECTION_PKGPROTECT\n\nChange-Id: I812de9ba3e9aa19ac4ede4d1d39bef8ecfd50356\nSigned-off-by: Juan Hernandez <juan.hernandez@redhat.com>",
        "Fix_location": [
          {
            "File": "MS_MUTABLE_COLLECTION_PKGPROTECT/files/23/Fix/WindowsJavaTimezoneMapping.java",
            "Locations": [ "61:5-61:92" ]
          }
        ],
        "API_URL": "https://api.github.com/repos/oVirt/ovirt-engine/commits/1431636cba8c35a43b1935981ee4d7ca2d2f2b12",
        "HTML_URL": "https://github.com/oVirt/ovirt-engine/commit/1431636cba8c35a43b1935981ee4d7ca2d2f2b12"
      }
    },
    {
      "Entry_ID": "24",
      "Base": {
        "Commit_ID": "1c3f38124d7bb08e85201565ecf780b78201e087",
        "Message": "restapi: Remove the intermediate \"tag.parent\" element\n\nCurrently the relationship bettween a tag and it's parent tag used to be\nrepresented using an intermedite \"parent\" tag, that in turn contains\nanother \"tag\" element:\n\n  <tag>\n    <name>mytag</name>\n    <parent>\n      <tag id=\"...\" href=\"...\"/>\n    </parent>\n  </tag>\n\nThis patch simplifies this structure so that only one \"parent\" element\nis used now:\n\n  <tag>\n    <name>mytag</name>\n    <parent id=\"...\" href=\"...\"/>\n  </tag>\n\nChange-Id: I2c4b7a5147a60e55360ca0c4326d7613238b0709\nSigned-off-by: Juan Hernandez <juan.hernandez@redhat.com>",
        "Bug_location": [
          {
            "File": "MS_MUTABLE_COLLECTION_PKGPROTECT/files/24/Base/SysprepHandler.java",
            "Locations": [ "22:5-22:93" ]
          }
        ],
        "API_URL": "https://api.github.com/repos/oVirt/ovirt-engine/commits/1c3f38124d7bb08e85201565ecf780b78201e087",
        "HTML_URL": "https://github.com/oVirt/ovirt-engine/commit/1c3f38124d7bb08e85201565ecf780b78201e087"
      },
      "Fix": {
        "Commit_ID": "c924796260e2d18b11f79b675c039a331fc9d73b",
        "Message": "core: Make \"SysprepHandler.timeZoneIndex\" private\n\nThis is needed in order to avoid the following findbugs warning:\n\n  Field is a mutable collection which should be package protected\n\n  A mutable collection instance is assigned to a final static field,\n  thus can be changed by malicious code or by accident from another\n  package. The field could be made package protected to avoid this\n  vulnerability. Alternatively you may wrap this field into\n  Collections.unmodifiableSet/List/Map/etc. to avoid this vulnerability.\n\n  Bug kind and pattern: MS - MS_MUTABLE_COLLECTION_PKGPROTECT\n\nChange-Id: I6fc8e9cf3218312d53acc87eda3b66e373ef9ca0\nSigned-off-by: Juan Hernandez <juan.hernandez@redhat.com>",
        "Fix_location": [
          {
            "File": "MS_MUTABLE_COLLECTION_PKGPROTECT/files/24/Fix/SysprepHandler.java",
            "Locations": [ "22:5-22:94" ]
          }
        ],
        "API_URL": "https://api.github.com/repos/oVirt/ovirt-engine/commits/c924796260e2d18b11f79b675c039a331fc9d73b",
        "HTML_URL": "https://github.com/oVirt/ovirt-engine/commit/c924796260e2d18b11f79b675c039a331fc9d73b"
      }
    },
    {
      "Entry_ID": "25",
      "Base": {
        "Commit_ID": "d2c71be015383e2e5b48218194b0cee669e92450",
        "Message": "core: Check result of \"list\" in \"Tar\"\n\nThis is needed in order to avoid the following findbugs warning:\n\n  Possible null pointer dereference due to return value of called method\n\n  The return value from a method is dereferenced without a null check,\n  and the return value of that method is one that should generally be\n  checked for null. This may lead to a NullPointerException when the\n  code is executed.\n\n  Bug kind and pattern: NP - NP_NULL_ON_SOME_PATH_FROM_RETURN_VALUE\n\nChange-Id: I942994dc5d9d5e4470a4a8f28903807c820c071d\nSigned-off-by: Juan Hernandez <juan.hernandez@redhat.com>",
        "Bug_location": [
          {
            "File": "MS_MUTABLE_COLLECTION_PKGPROTECT/files/25/Base/Version.java",
            "Locations": [ "26:5-26:101" ]
          }
        ],
        "API_URL": "https://api.github.com/repos/oVirt/ovirt-engine/commits/d2c71be015383e2e5b48218194b0cee669e92450",
        "HTML_URL": "https://github.com/oVirt/ovirt-engine/commit/d2c71be015383e2e5b48218194b0cee669e92450"
      },
      "Fix": {
        "Commit_ID": "5a0dd9b2bed1cee2a45e6638ef507ea5b03262c1",
        "Message": "core: Make \"Version.ALL\" unmodifiable\n\nThis is needed in order to avoid the following findbugs warning:\n\n  Field is a mutable collection which should be package protected\n\n  A mutable collection instance is assigned to a final static field, thus\n  can be changed by malicious code or by accident from another package.\n  The field could be made package protected to avoid this vulnerability.\n  Alternatively you may wrap this field into\n  Collections.unmodifiableSet/List/Map/etc. to avoid this vulnerability.\n\n  Bug kind and pattern: MS - MS_MUTABLE_COLLECTION_PKGPROTECT\n\nChange-Id: If185a4e600c1e893229b3d7e72bf0cbed76ff58a\nSigned-off-by: Juan Hernandez <juan.hernandez@redhat.com>",
        "Fix_location": [
          {
            "File": "MS_MUTABLE_COLLECTION_PKGPROTECT/files/25/Fix/Version.java",
            "Locations": [ "27:5-29:7" ]
          }
        ],
        "API_URL": "https://api.github.com/repos/oVirt/ovirt-engine/commits/5a0dd9b2bed1cee2a45e6638ef507ea5b03262c1",
        "HTML_URL": "https://github.com/oVirt/ovirt-engine/commit/5a0dd9b2bed1cee2a45e6638ef507ea5b03262c1"
      }
    },
    {
      "Entry_ID": "26",
      "Base": {
        "Commit_ID": "532d424c6e0251796eb8f1e5589702aed6b4eae9",
        "Message": "restapi: Rename complex type \"IO\" to \"Io\"\n\nThis is required to make sure that there is only one rule for the names\nof complex types: all words, including acronyms, start with one upper\ncase character and all the rest are lower case.\n\nChange-Id: I1bc394a6a9b39b8fe77fbbba35b4092994a3fab0\nSigned-off-by: Juan Hernandez <juan.hernandez@redhat.com>",
        "Bug_location": [
          {
            "File": "MS_MUTABLE_COLLECTION_PKGPROTECT/files/26/Base/ConsolesBase.java",
            "Locations": [ "23:5-23:73" ]
          }
        ],
        "API_URL": "https://api.github.com/repos/oVirt/ovirt-engine/commits/532d424c6e0251796eb8f1e5589702aed6b4eae9",
        "HTML_URL": "https://github.com/oVirt/ovirt-engine/commit/532d424c6e0251796eb8f1e5589702aed6b4eae9"
      },
      "Fix": {
        "Commit_ID": "8f1315a710b87ca87e9584565163152dd3762d90",
        "Message": "webadmin: Make ConsolesBase.modelTypeMapping private\n\nThis is a way to avoid the following findbugs warning:\n\n  Field is a mutable collection which should be package protected\n\n  A mutable collection instance is assigned to a final static field, thus\n  can be changed by malicious code or by accident from another package.\n  The field could be made package protected to avoid this vulnerability.\n  Alternatively you may wrap this field into\n  Collections.unmodifiableSet/List/Map/etc. to avoid this vulnerability.\n\n  Bug kind and pattern: MS - MS_MUTABLE_COLLECTION_PKGPROTECT\n\nChange-Id: I68f8bc4aa3f99f6f504a5845ebbe5d0574291ace\nSigned-off-by: Juan Hernandez <juan.hernandez@redhat.com>",
        "Fix_location": [
          {
            "File": "MS_MUTABLE_COLLECTION_PKGPROTECT/files/26/Fix/ConsolesBase.java",
            "Locations": [ "23:5-23:71" ]
          }
        ],
        "API_URL": "https://api.github.com/repos/oVirt/ovirt-engine/commits/8f1315a710b87ca87e9584565163152dd3762d90",
        "HTML_URL": "https://github.com/oVirt/ovirt-engine/commit/8f1315a710b87ca87e9584565163152dd3762d90"
      }
    },
    {
      "Entry_ID": "27",
      "Base": {
        "Commit_ID": "0d7310c09ee23ea254453a521b00d19388ef436f",
        "Message": "Merge pull request #945 from SolutionGuidance/699-remove-help-topics-subsystem\n\nRemove the help topics subsystem",
        "Bug_location": [
          {
            "File": "MS_MUTABLE_COLLECTION_PKGPROTECT/files/27/Base/RiskLevelsReportController.java",
            "Locations": [ "37:5-41:8" ]
          }
        ],
        "API_URL": "https://api.github.com/repos/SolutionGuidance/psm/commits/0d7310c09ee23ea254453a521b00d19388ef436f",
        "HTML_URL": "https://github.com/SolutionGuidance/psm/commit/0d7310c09ee23ea254453a521b00d19388ef436f"
      },
      "Fix": {
        "Commit_ID": "4cf271a493f50c8ac75a337d61d5c2f432bef8f3",
        "Message": "Fix public mutable list\n\nSpotBugs reported[1]:\n\n    Field is a mutable collection which should be package protected\n\n    A mutable collection instance is assigned to a final static field,\n    thus can be changed by malicious code or by accident from another\n    package. The field could be made package protected to avoid this\n    vulnerability. Alternatively you may wrap this field into\n    Collections.unmodifiableSet/List/Map/etc. to avoid this\n    vulnerability.\n\nSince the field is never referenced outside the class, we can change its\nvisibility to `private`; since the list is never modified, we can use\nGuava's immutable list to construct it. Do both to resolve this warning.\n\n[1] https://spotbugs.readthedocs.io/en/latest/bugDescriptions.html#ms-field-is-a-mutable-collection-which-should-be-package-protected-ms-mutable-collection-pkgprotect\n\nIssue #915 Use static analysis to find bugs",
        "Fix_location": [
          {
            "File": "MS_MUTABLE_COLLECTION_PKGPROTECT/files/27/Fix/RiskLevelsReportController.java",
            "Locations": [ "37:5-41:7" ]
          }
        ],
        "API_URL": "https://api.github.com/repos/SolutionGuidance/psm/commits/4cf271a493f50c8ac75a337d61d5c2f432bef8f3",
        "HTML_URL": "https://github.com/SolutionGuidance/psm/commit/4cf271a493f50c8ac75a337d61d5c2f432bef8f3"
      }
    }
  ]
}