{
  "Spotbugs_id": "NP_NULL_PARAM_DEREF",
  "Spotbugs_name": "NP: Method call passes null for non-null parameter",
  "Entries": [
    {
      "Entry_ID": "1",
      "Base": {
        "Commit_ID": "298b96a65af9b4ca469dd672776626cde666ff55",
        "Message": "spotbugs - SBSC_USE_STRINGBUFFER_CONCATENATION\n\ngit-svn-id: https://josm.openstreetmap.de/svn/trunk@17521 0c6e7542-c601-0410-84e7-c038aed88b3b",
        "Bug_location": [
          {
            "File": "NP_NULL_PARAM_DEREF/files/1/Base/NotesDialog.java",
            "Locations": [ "379:13-379:81" ]
          }
        ],
        "API_URL": "https://api.github.com/repos/JOSM/josm/commits/298b96a65af9b4ca469dd672776626cde666ff55",
        "HTML_URL": "https://github.com/JOSM/josm/commit/298b96a65af9b4ca469dd672776626cde666ff55"
      },
      "Fix": {
        "Commit_ID": "a466a8aed2b6127c49f328654cd3ac33e531e67a",
        "Message": "spotbugs - NP_NULL_PARAM_DEREF\n\ngit-svn-id: https://josm.openstreetmap.de/svn/trunk@17522 0c6e7542-c601-0410-84e7-c038aed88b3b",
        "Fix_location": [
          {
            "File": "NP_NULL_PARAM_DEREF/files/1/Fix/NotesDialog.java",
            "Locations": [ "379:13-381:14" ]
          }
        ],
        "API_URL": "https://api.github.com/repositories/641525/commits/a466a8aed2b6127c49f328654cd3ac33e531e67a",
        "HTML_URL": "https://github.com/JOSM/josm/commit/a466a8aed2b6127c49f328654cd3ac33e531e67a"
      }
    },
    {
      "Entry_ID": "2",
      "Base": {
        "Commit_ID": "2c52ef108ded5ab5dffaf0ac1e08dca5c435b75b",
        "Message": "Keep only the necessary code inside the try-block",
        "Bug_location": [
          {
            "File": "NP_NULL_PARAM_DEREF/files/2/Base/LafObjectMapper.java",
            "Locations": [ "845:9-845:35" ]
          }
        ],
        "API_URL": "https://api.github.com/repos/OpenBfS/lada-server/commits/2c52ef108ded5ab5dffaf0ac1e08dca5c435b75b",
        "HTML_URL": "https://github.com/OpenBfS/lada-server/commit/2c52ef108ded5ab5dffaf0ac1e08dca5c435b75b"
      },
      "Fix": {
        "Commit_ID": "4ed2dab8bb5f7ec95f88eeaab3fe1772df6028d4",
        "Message": "Prevent possible NullPointException\n\nThe variable newMessung could possibly passed with a null value as\nparameter for methods that always dereference it. As per\n\"NP_NULL_PARAM_DEREF\" in SpotBugs report.",
        "Fix_location": [
          {
            "File": "NP_NULL_PARAM_DEREF/files/2/Fix/LafObjectMapper.java",
            "Locations": [ "845:9-845:28" ]
          }
        ],
        "API_URL": "https://api.github.com/repos/OpenBfS/lada-server/commits/4ed2dab8bb5f7ec95f88eeaab3fe1772df6028d4",
        "HTML_URL": "https://github.com/OpenBfS/lada-server/commit/4ed2dab8bb5f7ec95f88eeaab3fe1772df6028d4"
      }
    },
    {
      "Entry_ID": "3",
      "Base": {
        "Commit_ID": "375832ef8375930975694a3f138d948fd17db846",
        "Message": "+ [trunk] commit performance updates related to the issue #1310\nhttp://java.net/jira/browse/GRIZZLY-1310\n\"Investigate HTTP performance regression\"",
        "Bug_location": [
          {
            "File": "NP_NULL_PARAM_DEREF/files/3/Base/ApplicationDispatcher.java",
            "Locations": [ "803:9-805:39" ]
          }
        ],
        "API_URL": "https://api.github.com/repos/crashd/grizzly/commits/375832ef8375930975694a3f138d948fd17db846",
        "HTML_URL": "https://github.com/crashd/grizzly/commit/375832ef8375930975694a3f138d948fd17db846"
      },
      "Fix": {
        "Commit_ID": "662cb8599ddee2162fb516f5d5bea34cf80d40d0",
        "Message": "+ [trunk] fix findbugs errors:\n- AbstractNIOAsyncQueueWriter.java, Line: 261, Type: NP_NULL_PARAM_DEREF_NONVIRTUAL, Priority: Normal\n- ApplicationDispatcher.java, Line: 799, Type: NP_NULL_PARAM_DEREF, Priority: Normal",
        "Fix_location": [
          {
            "File": "NP_NULL_PARAM_DEREF/files/3/Fix/ApplicationDispatcher.java",
            "Locations": [ "778:9-780:10" ]
          }
        ],
        "API_URL": "https://api.github.com/repos/crashd/grizzly/commits/662cb8599ddee2162fb516f5d5bea34cf80d40d0",
        "HTML_URL": "https://github.com/crashd/grizzly/commit/662cb8599ddee2162fb516f5d5bea34cf80d40d0"
      }
    },
    {
      "Entry_ID": "4",
      "Base": {
        "Commit_ID": "a09f31a1d34ef907e7ea172dfb65a9fbd9260571",
        "Message": "findbugs - OS_OPEN_STREAM\n\ngit-svn-id: http://josm.openstreetmap.de/svn/trunk@11312 0c6e7542-c601-0410-84e7-c038aed88b3b",
        "Bug_location": [
          {
            "File": "NP_NULL_PARAM_DEREF/files/4/Base/Multipolygon.java",
            "Locations": [ "608:13-608:64" ]
          }
        ],
        "API_URL": "https://api.github.com/repos/michaelzangl/josm/commits/a09f31a1d34ef907e7ea172dfb65a9fbd9260571",
        "HTML_URL": "https://github.com/michaelzangl/josm/commit/a09f31a1d34ef907e7ea172dfb65a9fbd9260571"
      },
      "Fix": {
        "Commit_ID": "afb0b609b8fa1cda140a21b3ea57ef2d014fd03a",
        "Message": "findbugs - NP_NULL_PARAM_DEREF\n\ngit-svn-id: http://josm.openstreetmap.de/svn/trunk@11313 0c6e7542-c601-0410-84e7-c038aed88b3b",
        "Fix_location": [
          {
            "File": "NP_NULL_PARAM_DEREF/files/4/Fix/Multipolygon.java",
            "Locations": [ "608:13-610:14" ]
          }
        ],
        "API_URL": "https://api.github.com/repos/michaelzangl/josm/commits/afb0b609b8fa1cda140a21b3ea57ef2d014fd03a",
        "HTML_URL": "https://github.com/michaelzangl/josm/commit/afb0b609b8fa1cda140a21b3ea57ef2d014fd03a"
      }
    },
    {
      "Entry_ID": "5",
      "Base": {
        "Commit_ID": "974e2b7489a4c7166f8e74eec3f7324be236d886",
        "Message": "Fix NP_NULL_ON_SOME_PATH and NP_NULL_PARAM_DEREF errors as found by findbugs",
        "Bug_location": [
          {
            "File": "NP_NULL_PARAM_DEREF/files/5/Base/BlockManagerXml.java",
            "Locations": [ "69:17-81:41" ]
          }
        ],
        "API_URL": "https://api.github.com/repos/HighTechRedneck42/JMRI/commits/974e2b7489a4c7166f8e74eec3f7324be236d886",
        "HTML_URL": "https://github.com/HighTechRedneck42/JMRI/commit/974e2b7489a4c7166f8e74eec3f7324be236d886"
      },
      "Fix": {
        "Commit_ID": "8545a4615839e8587dfb23c816bbf65a6a5e3603",
        "Message": "Fix NP_NULL_ON_SOME_PATH and NP_NULL_PARAM_DEREF errors as found by findbugs",
        "Fix_location": [
          {
            "File": "NP_NULL_PARAM_DEREF/files/5/Fix/BlockManagerXml.java",
            "Locations": [ "69:17-85:18" ]
          }
        ],
        "API_URL": "https://api.github.com/repos/HighTechRedneck42/JMRI/commits/8545a4615839e8587dfb23c816bbf65a6a5e3603",
        "HTML_URL": "https://github.com/HighTechRedneck42/JMRI/commit/8545a4615839e8587dfb23c816bbf65a6a5e3603"
      }
    },
    {
      "Entry_ID": "6",
      "Base": {
        "Commit_ID": "974e2b7489a4c7166f8e74eec3f7324be236d886",
        "Message": "Fix NP_NULL_ON_SOME_PATH and NP_NULL_PARAM_DEREF errors as found by findbugs",
        "Bug_location": [
          {
            "File": "NP_NULL_PARAM_DEREF/files/6/Base/SectionManagerXml.java",
            "Locations": [ "50:17-117:43" ]
          }
        ],
        "API_URL": "https://api.github.com/repos/HighTechRedneck42/JMRI/commits/974e2b7489a4c7166f8e74eec3f7324be236d886",
        "HTML_URL": "https://github.com/HighTechRedneck42/JMRI/commit/974e2b7489a4c7166f8e74eec3f7324be236d886"
      },
      "Fix": {
        "Commit_ID": "8545a4615839e8587dfb23c816bbf65a6a5e3603",
        "Message": "Fix NP_NULL_ON_SOME_PATH and NP_NULL_PARAM_DEREF errors as found by findbugs",
        "Fix_location": [
          {
            "File": "NP_NULL_PARAM_DEREF/files/6/Fix/SectionManagerXml.java",
            "Locations": [ "50:17-119:18" ]
          }
        ],
        "API_URL": "https://api.github.com/repos/HighTechRedneck42/JMRI/commits/8545a4615839e8587dfb23c816bbf65a6a5e3603",
        "HTML_URL": "https://github.com/HighTechRedneck42/JMRI/commit/8545a4615839e8587dfb23c816bbf65a6a5e3603"
      }
    },
    {
      "Entry_ID": "7",
      "Base": {
        "Commit_ID": "974e2b7489a4c7166f8e74eec3f7324be236d886",
        "Message": "Fix NP_NULL_ON_SOME_PATH and NP_NULL_PARAM_DEREF errors as found by findbugs",
        "Bug_location": [
          {
            "File": "NP_NULL_PARAM_DEREF/files/7/Base/TransitManagerXml.java",
            "Locations": [ "52:17-96:43" ]
          }
        ],
        "API_URL": "https://api.github.com/repos/HighTechRedneck42/JMRI/commits/974e2b7489a4c7166f8e74eec3f7324be236d886",
        "HTML_URL": "https://github.com/HighTechRedneck42/JMRI/commit/974e2b7489a4c7166f8e74eec3f7324be236d886"
      },
      "Fix": {
        "Commit_ID": "8545a4615839e8587dfb23c816bbf65a6a5e3603",
        "Message": "Fix NP_NULL_ON_SOME_PATH and NP_NULL_PARAM_DEREF errors as found by findbugs",
        "Fix_location": [
          {
            "File": "NP_NULL_PARAM_DEREF/files/7/Fix/TransitManagerXml.java",
            "Locations": [ "52:17-98:18" ]
          }
        ],
        "API_URL": "https://api.github.com/repos/HighTechRedneck42/JMRI/commits/8545a4615839e8587dfb23c816bbf65a6a5e3603",
        "HTML_URL": "https://github.com/HighTechRedneck42/JMRI/commit/8545a4615839e8587dfb23c816bbf65a6a5e3603"
      }
    },
    {
      "Entry_ID": "8",
      "Base": {
        "Commit_ID": "974e2b7489a4c7166f8e74eec3f7324be236d886",
        "Message": "Fix NP_NULL_ON_SOME_PATH and NP_NULL_PARAM_DEREF errors as found by findbugs",
        "Bug_location": [
          {
            "File": "NP_NULL_PARAM_DEREF/files/8/Base/LayoutBlockManagerXml.java",
            "Locations": [ "54:17-74:94" ]
          }
        ],
        "API_URL": "https://api.github.com/repos/HighTechRedneck42/JMRI/commits/974e2b7489a4c7166f8e74eec3f7324be236d886",
        "HTML_URL": "https://github.com/HighTechRedneck42/JMRI/commit/974e2b7489a4c7166f8e74eec3f7324be236d886"
      },
      "Fix": {
        "Commit_ID": "8545a4615839e8587dfb23c816bbf65a6a5e3603",
        "Message": "Fix NP_NULL_ON_SOME_PATH and NP_NULL_PARAM_DEREF errors as found by findbugs",
        "Fix_location": [
          {
            "File": "NP_NULL_PARAM_DEREF/files/8/Fix/LayoutBlockManagerXml.java",
            "Locations": [ "54:17-78:18" ]
          }
        ],
        "API_URL": "https://api.github.com/repos/HighTechRedneck42/JMRI/commits/8545a4615839e8587dfb23c816bbf65a6a5e3603",
        "HTML_URL": "https://github.com/HighTechRedneck42/JMRI/commit/8545a4615839e8587dfb23c816bbf65a6a5e3603"
      }
    },
    {
      "Entry_ID": "9",
      "Base": {
        "Commit_ID": "3466d7f826e949ea63ded1ca059c22196e9a20d5",
        "Message": "update",
        "Bug_location": [
          {
            "File": "NP_NULL_PARAM_DEREF/files/9/Base/LayoutBlockManager.java",
            "Locations": [ "210:13-211:39" ]
          }
        ],
        "API_URL": "https://api.github.com/repos/HighTechRedneck42/JMRI/commits/3466d7f826e949ea63ded1ca059c22196e9a20d5",
        "HTML_URL": "https://github.com/HighTechRedneck42/JMRI/commit/3466d7f826e949ea63ded1ca059c22196e9a20d5"
      },
      "Fix": {
        "Commit_ID": "87ccf40430a431a2a3780807f8fd43c415bef7ea",
        "Message": "Fix NP_NULL_ON_SOME_PATH and NP_NULL_PARAM_DEREF errors as found by findbugs",
        "Fix_location": [
          {
            "File": "NP_NULL_PARAM_DEREF/files/9/Fix/LayoutBlockManager.java",
            "Locations": [ "210:25-213:26" ]
          }
        ],
        "API_URL": "https://api.github.com/repos/HighTechRedneck42/JMRI/commits/87ccf40430a431a2a3780807f8fd43c415bef7ea",
        "HTML_URL": "https://github.com/HighTechRedneck42/JMRI/commit/87ccf40430a431a2a3780807f8fd43c415bef7ea"
      }
    },
    {
      "Entry_ID": "10",
      "Base": {
        "Commit_ID": "3466d7f826e949ea63ded1ca059c22196e9a20d5",
        "Message": "update",
        "Bug_location": [
          {
            "File": "NP_NULL_PARAM_DEREF/files/10/Base/LayoutBlockManager.java",
            "Locations": [ "219:13-222:76" ]
          }
        ],
        "API_URL": "https://api.github.com/repos/HighTechRedneck42/JMRI/commits/3466d7f826e949ea63ded1ca059c22196e9a20d5",
        "HTML_URL": "https://github.com/HighTechRedneck42/JMRI/commit/3466d7f826e949ea63ded1ca059c22196e9a20d5"
      },
      "Fix": {
        "Commit_ID": "87ccf40430a431a2a3780807f8fd43c415bef7ea",
        "Message": "Fix NP_NULL_ON_SOME_PATH and NP_NULL_PARAM_DEREF errors as found by findbugs",
        "Fix_location": [
          {
            "File": "NP_NULL_PARAM_DEREF/files/10/Fix/LayoutBlockManager.java",
            "Locations": [ "221:25-226:26" ]
          }
        ],
        "API_URL": "https://api.github.com/repos/HighTechRedneck42/JMRI/commits/87ccf40430a431a2a3780807f8fd43c415bef7ea",
        "HTML_URL": "https://github.com/HighTechRedneck42/JMRI/commit/87ccf40430a431a2a3780807f8fd43c415bef7ea"
      }
    },
    {
      "Entry_ID": "11",
      "Base": {
        "Commit_ID": "e9f2ed86a71496642b93537fa1082f0273dc5bb2",
        "Message": "bugfix: NP_ALWAYS_NULL.  Thanks findbugs!\n\nsvn path=/dasCore/community/autoplot2011/trunk/; revision=5934",
        "Bug_location": [
          {
            "File": "NP_NULL_PARAM_DEREF/files/11/Base/SpectrogramRenderer.java",
            "Locations": [ "299:21-301:22" ]
          }
        ],
        "API_URL": "https://api.github.com/repos/das-developers/das2java/commits/e9f2ed86a71496642b93537fa1082f0273dc5bb2",
        "HTML_URL": "https://github.com/das-developers/das2java/commit/e9f2ed86a71496642b93537fa1082f0273dc5bb2"
      },
      "Fix": {
        "Commit_ID": "c4cc1cb167c4d43d62234e000063b0ed59c5397b",
        "Message": "bugfix: NP_NULL_PARAM_DEREF.  I think an earlier test would have prevented entry.\nbugfix: check of z axis units seemed to be incomplete after copying check of x and y units.\n\nsvn path=/dasCore/community/autoplot2011/trunk/; revision=5935",
        "Fix_location": [
          {
            "File": "NP_NULL_PARAM_DEREF/files/11/Fix/SpectrogramRenderer.java",
            "Locations": [ "301:21-303:22" ]
          }
        ],
        "API_URL": "https://api.github.com/repos/das-developers/das2java/commits/c4cc1cb167c4d43d62234e000063b0ed59c5397b",
        "HTML_URL": "https://github.com/das-developers/das2java/commit/c4cc1cb167c4d43d62234e000063b0ed59c5397b"
      }
    },
    {
      "Entry_ID": "12",
      "Base": {
        "Commit_ID": "ee1423e8080d07d27a9bbcb3dc24bb9fc6241731",
        "Message": "allow the other bugs to be reported",
        "Bug_location": [
          {
            "File": "NP_NULL_PARAM_DEREF/files/12/Base/X509V3ExtensionUtil.java",
            "Locations": [ "1041:5-1055:6" ]
          }
        ],
        "API_URL": "https://api.github.com/repos/belonesox/stas-candlepin/commits/ee1423e8080d07d27a9bbcb3dc24bb9fc6241731",
        "HTML_URL": "https://github.com/belonesox/stas-candlepin/commit/ee1423e8080d07d27a9bbcb3dc24bb9fc6241731"
      },
      "Fix": {
        "Commit_ID": "be88540f77b8b827263435adeba6f61da0b841f1",
        "Message": "findbugs: NP_NULL_PARAM_DEREF\n\nNP: Null passed for nonnull parameter of makeURLs(X509V3ExtensionUtil$PathNode,\nList, StringBuffer) in\norg.candlepin.util.X509V3ExtensionUtil.hydrateContentPackage(byte[])\n\nThis method call passes a null value for a nonnull method parameter. Either the\nparameter is annotated as a parameter that should always be nonnull, or analysis\nhas shown that it will always be dereferenced.",
        "Fix_location": [
          {
            "File": "NP_NULL_PARAM_DEREF/files/12/Fix/X509V3ExtensionUtil.java",
            "Locations": [ "1042:9-1045:10" ]
          }
        ],
        "API_URL": "https://api.github.com/repos/belonesox/stas-candlepin/commits/be88540f77b8b827263435adeba6f61da0b841f1",
        "HTML_URL": "https://github.com/belonesox/stas-candlepin/commit/be88540f77b8b827263435adeba6f61da0b841f1"
      }
    },
    {
      "Entry_ID": "13",
      "Base": {
        "Commit_ID": "ea086772379a6bdb993cabcfcad8e19c11ef1b36",
        "Message": "Generalized azurite endpoints (#9123)\n\n* Generalized azurite endpoints\r\n\r\n* Added changes to queue\r\n\r\n* Checkstyle\r\n\r\n* PR feedback",
        "Bug_location": [
          {
            "File": "NP_NULL_PARAM_DEREF/files/13/Base/DatabaseForTest.java",
            "Locations": [ "92:9-101:10" ]
          }
        ],
        "API_URL": "https://api.github.com/repos/Azure/azure-sdk-for-java/commits/ea086772379a6bdb993cabcfcad8e19c11ef1b36",
        "HTML_URL": "https://github.com/Azure/azure-sdk-for-java/commit/ea086772379a6bdb993cabcfcad8e19c11ef1b36"
      },
      "Fix": {
        "Commit_ID": "2b61b634b3b63f3e65784a48c211c069a7a601c7",
        "Message": "Cosmos DB V4 Spotbug analysis (#9111)\n\n* Fix: RCN_REDUNDANT_NULLCHECK_OF_NONNULL_VALUE\r\n\r\n* suppressing  IS2_INCONSISTENT_SYNC (opened issue to track it issue:9037\r\n\r\n* Fix: SIC_INNER_SHOULD_BE_STATIC\r\n\r\n* Fix: RCN_REDUNDANT_NULLCHECK_WOULD_HAVE_BEEN_A_NPE\r\n\r\n* Fix:NP_NULL_ON_SOME_PATH\r\n\r\n* Fix: DM_DEFAULT_ENCODING\r\n\r\n* Fix:SS_SHOULD_BE_STATIC\r\n\r\n* Fix: NM_METHOD_NAMING_CONVENTION\r\n\r\n* Fix: DM_CONVERT_CASE\r\n\r\n* Fix: SE_COMPARATOR_SHOULD_BE_SERIALIZABLE\r\n\r\n* Fix: SE_NO_SERIALVERSIONID\r\n\r\n* Fix: DM_BOXED_PRIMITIVE_FOR_PARSING\r\n\r\n* Fix: BC_UNCONFIRMED_CAST_OF_RETURN_VALUE\r\n\r\n* Fix: RCN_REDUNDANT_NULLCHECK_OF_NULL_VALUE\r\n\r\n* Fix: SA_FIELD_SELF_ASSIGNMENT\r\n\r\n* Fix: SF_SWITCH_FALLTHROUGH\r\n\r\n* Fix: URF_UNREAD_FIELD\r\n\r\n* Fix: SF_SWITCH_NO_DEFAULT\r\n\r\n* Fix: NM_METHOD_NAMING_CONVENTION\r\n\r\n* QueryMetricesTextWriter: Follow naming convention for static final vars\r\n\r\n* Fix: NM_FIELD_NAMING_CONVENTION\r\n\r\n* Fix: ST_WRITE_TO_STATIC_FROM_INSTANCE_METHOD\r\n\r\n* Fix: WMI_WRONG_MAP_ITERATOR\r\n\r\n* Fix: VO_VOLATILE_INCREMENT\r\n\r\n* Fix: DC_DOUBLECHECK\r\n\r\n* Fix: SE_BAD_FIELD\r\n\r\n* Fix: REC_CATCH_EXCEPTION\r\n\r\n* Fix: UPM_UNCALLED_PRIVATE_METHOD (Removing unused private methods)\r\n\r\n* Fix: PZLA_PREFER_ZERO_LENGTH_ARRAYS\r\n\r\n* Fix: URF_UNREAD_PUBLIC_OR_PROTECTED_FIELD\r\n\r\n* Fix: DC_PARTIALLY_CONSTRUCTED\r\n\r\n* Fix: RV_RETURN_VALUE_IGNORED_NO_SIDE_EFFECT\r\n\r\n* Fix: NP_NONNULL_PARAM_VIOLATION\r\n\r\n* Fix: RV_RETURN_VALUE_IGNORED_INFERRED\r\n\r\n* Fix: DLS_DEAD_LOCAL_STORE\r\n\r\n* Fix: NP_LOAD_OF_KNOWN_NULL_VALUE\r\n\r\n* Fix: ST_WRITE_TO_STATIC_FROM_INSTANCE_METHOD\r\n\r\n* Fix: UUF_UNUSED_FIELD\r\n\r\n* IL_INFINITE_RECURSIVE_LOOP\r\n\r\n* Fix: CO_ABSTRACT_SELF\r\n\r\n* Fix: DM_STRING_TOSTRING (Remove redudent toString calls)\r\n\r\n* Fix: MS_SHOULD_BE_FINAL (Adding final qualifier)\r\n\r\n* Fix: CN_IMPLEMENTS_CLONE_BUT_NOT_CLONEABLE (implementing Clonable)\r\n\r\n* Fix: DB_DUPLICATE_SWITCH_CLAUSES\r\n\r\n* Fix: UWF_FIELD_NOT_INITIALIZED_IN_CONSTRUCTOR\r\n\r\n* Fix: ES_COMPARING_STRINGS_WITH_EQ\r\n\r\n* Fix: UWF_UNWRITTEN_PUBLIC_OR_PROTECTED_FIELD\r\n\r\n* Fix: NP_NULL_PARAM_DEREF\r\n\r\n* Fix: EI_EXPOSE_REP2, EI_EXPOSE_REP\r\n\r\n* Fix: UC_USELESS_OBJECT\r\n\r\n* Fix: UC_USELESS_CONDITION (removed useless conditaion)\r\n\r\n* Fix:ISC_INSTANTIATE_STATIC_CLASS\r\n\r\n* Fix: CN_IDIOM_NO_SUPER_CALL\r\n\r\n* Fix: DE_MIGHT_IGNORE\r\n\r\n* Fix: INT_BAD_COMPARISON_WITH_SIGNED_BYTE\r\n\r\n* Fix: HE_HASHCODE_USE_OBJECT_EQUALS\r\n\r\n* Remove unneed Double creation, handle NP_BOOLEAN_RETURN_NULL\r\n\r\n* Fix: HE_EQUALS_USE_HASHCODE\r\n\r\n* Fix: EQ_SELF_USE_OBJECT [implementing equals(Object)]\r\n\r\n* Fix: BIT_SIGNED_CHECK\r\n\r\n* Fix: EQ_UNUSUAL\r\n\r\n* Fix: BC_VACUOUS_INSTANCEOF\r\n\r\n* Fix: LI_LAZY_INIT_STATIC\r\n\r\n* Fix: SIO_SUPERFLUOUS_INSTANCEOF\r\n\r\n* Fix: UC_USELESS_VOID_METHOD\r\n\r\n* Fix:NM_CONFUSING. Follow convention, rename getEtag to getETag\r\n\r\n* Fix: RV_NEGATING_RESULT_OF_COMPARETO\r\n\r\n* Fix: NP_NULL_ON_SOME_PATH_FROM_RETURN_VALUE\r\n\r\n* addressing review comments\r\n\r\n* addressing review comments\r\n\r\n* Excluding non-shipping modules from spotbug, removing unnecessary Serializable",
        "Fix_location": [
          {
            "File": "NP_NULL_PARAM_DEREF/files/13/Fix/DatabaseForTest.java",
            "Locations": [ "93:9-95:10" ]
          }
        ],
        "API_URL": "https://api.github.com/repos/Azure/azure-sdk-for-java/commits/2b61b634b3b63f3e65784a48c211c069a7a601c7",
        "HTML_URL": "https://github.com/Azure/azure-sdk-for-java/commit/2b61b634b3b63f3e65784a48c211c069a7a601c7"
      }
    },
    {
      "Entry_ID": "14",
      "Base": {
        "Commit_ID": "53a08ce3465770fa6029897fb522ba070cd02c9c",
        "Message": "nfsv4: mover: include all network interfaces in the reply\n\nutilize multipath capability of NFS device address. This\nwill allow to mount with IPv4 and still have data transvers\nwith IPv6. Client will choose the correct endpoind according\ninternal policies.\n\nAcked-by: Paul Millar\nPatch: http://rb.dcache.org/r/4364/\n\nRELEASE NOTES:\n\n  NFS mover/service on pools may includes all host interfaces into multi-path reply. This allows\n  a client to choose most appropriated network end point.",
        "Bug_location": [
          {
            "File": "NP_NULL_PARAM_DEREF/files/14/Base/DataNucleusBillingInfo.java",
            "Locations": [ "187:13-190:54" ]
          }
        ],
        "API_URL": "https://api.github.com/repos/femiadeyemi/dCacheRESTful-API/commits/53a08ce3465770fa6029897fb522ba070cd02c9c",
        "HTML_URL": "https://github.com/femiadeyemi/dCacheRESTful-API/commit/53a08ce3465770fa6029897fb522ba070cd02c9c"
      },
      "Fix": {
        "Commit_ID": "cd3490e24627beba34a0aaf8fcf775898e345e65",
        "Message": "Findbugs fixes for billing code.\n\nThe following bugs have been fixed:\n\nBillingCell.java:246, RV_RETURN_VALUE_IGNORED_BAD_PRACTICE, Priority: Normal\norg.dcache.services.billing.cells.BillingCell.dumpPoolStatistics(String) ignores exceptional return value of java.io.File.delete()\n\nPoolStatusCollector.java:71, RV_RETURN_VALUE_IGNORED_BAD_PRACTICE, Priority: Normal\norg.dcache.services.billing.cells.PoolStatusCollector.run() ignores exceptional return value of java.io.File.delete()\n\nDataNucleusBillingInfo.java:57, OBL_UNSATISFIED_OBLIGATION, Priority: Normal\nMethod org.dcache.services.billing.db.impl.datanucleus.DataNucleusBillingInfo.initializeInternal() may fail to clean up java.io.InputStream\n\nDataNucleusBillingInfo.java:57, OS_OPEN_STREAM, Priority: Normal\norg.dcache.services.billing.db.impl.datanucleus.DataNucleusBillingInfo.initializeInternal() may fail to close stream\n\nDataNucleusBillingInfo.java:63, NP_LOAD_OF_KNOWN_NULL_VALUE, Priority: Normal\nLoad of known null value in org.dcache.services.billing.db.impl.datanucleus.DataNucleusBillingInfo.initializeInternal()\n\nDataNucleusBillingInfo.java:187, NP_NULL_PARAM_DEREF, Priority: Normal\nMethod call in org.dcache.services.billing.db.impl.datanucleus.DataNucleusBillingInfo.get(Class, String, String, Object[]) passes null for nonnull parameter of java.util.Arrays.asList(Object[])\n\nBillingHistory.java:-1, MS_MUTABLE_ARRAY, Priority: High\norg.dcache.services.billing.plots.BillingHistory.TITLE is a mutable array\n\nBillingHistory.java:105, MS_MUTABLE_ARRAY, Priority: High\norg.dcache.services.billing.plots.BillingHistory.TYPE is a mutable array\n\nBillingHistory.java:107, MS_MUTABLE_ARRAY, Priority: High\norg.dcache.services.billing.plots.BillingHistory.EXT is a mutable array\n\nBillingHistory.java:170, RV_RETURN_VALUE_IGNORED_BAD_PRACTICE, Priority: Normal\norg.dcache.services.billing.plots.BillingHistory.run() ignores exceptional return value of java.io.File.delete()\n\nBillingHistory.java:178, RV_RETURN_VALUE_IGNORED_BAD_PRACTICE, Priority: Normal\norg.dcache.services.billing.plots.BillingHistory.run() ignores exceptional return value of java.io.File.mkdirs()\n\nBillingHistory.java:261, OBL_UNSATISFIED_OBLIGATION, Priority: Normal\nMethod org.dcache.services.billing.plots.BillingHistory.initializeProperties(ClassLoader) may fail to clean up java.io.InputStream\n\nBillingHistory.java:261, OS_OPEN_STREAM, Priority: Normal\norg.dcache.services.billing.plots.BillingHistory.initializeProperties(ClassLoader) may fail to close stream\n\nBillingHistory.java:265, NP_LOAD_OF_KNOWN_NULL_VALUE, Priority: Normal\nLoad of known null value in org.dcache.services.billing.plots.BillingHistory.initializeProperties(ClassLoader)\n\nJaidaTimeFrameHistogramFactory.java:116, OS_OPEN_STREAM, Priority: Normal\norg.dcache.services.billing.plots.jaida.JaidaTimeFrameHistogramFactory.initialize(IBillingInfoAccess, String) may fail to close stream\n\nJaidaTimeFrameHistogramFactory.java:116, OBL_UNSATISFIED_OBLIGATION, Priority: Normal\nMethod org.dcache.services.billing.plots.jaida.JaidaTimeFrameHistogramFactory.initialize(IBillingInfoAccess, String) may fail to clean up java.io.InputStream\n\nJaidaTimeFramePlot.java:50, EI_EXPOSE_REP2, Priority: Normal\nnew org.dcache.services.billing.plots.jaida.JaidaTimeFramePlot(IAnalysisFactory, ITree, String, String[], Properties) may expose internal representation by storing an externally mutable object into JaidaTimeFramePlot.titles\n\nTimeFrame.java:182, EI_EXPOSE_REP, Priority: Normal\norg.dcache.services.billing.plots.util.TimeFrame.getLow() may expose internal representation by returning TimeFrame.low\n\nTimeFrame.java:189, EI_EXPOSE_REP, Priority: Normal\norg.dcache.services.billing.plots.util.TimeFrame.getHigh() may expose internal representation by returning TimeFrame.high\n\n\nPatch: http://rb.dcache.org/r/4373/\nAck'd-by: Paul\nTarget: trunk\n\nRELEASE NOTES:  No changes.",
        "Fix_location": [
          {
            "File": "NP_NULL_PARAM_DEREF/files/14/Fix/DataNucleusBillingInfo.java",
            "Locations": [ "192:13-195:77" ]
          }
        ],
        "API_URL": "https://api.github.com/repos/femiadeyemi/dCacheRESTful-API/commits/cd3490e24627beba34a0aaf8fcf775898e345e65",
        "HTML_URL": "https://github.com/femiadeyemi/dCacheRESTful-API/commit/cd3490e24627beba34a0aaf8fcf775898e345e65"
      }
    }
  ]
}