{
  "Spotbugs_id": "MS_EXPOSE_REP",
  "Spotbugs_name": "MS: Public static method may expose internal representation by returning array",
  "Entries": [
    {
      "Entry_ID": "1",
      "Base": {
        "Commit_ID": "36cc512a52106856b8608ce371204b90b8b119bd",
        "Message": "findbugs  OBL_UNSATISFIED_OBLIGATION, put in comment\n\nsvn path=/autoplot/trunk/QStream/; revision=23919",
        "Bug_location": [
          {
            "File": "MS_EXPOSE_REP/files/1/Base/DataSetUtil.java",
            "Locations": [ "633:5-635:6" ]
          }
        ],
        "API_URL": "https://api.github.com/repos/das-developers/das2java/commits/36cc512a52106856b8608ce371204b90b8b119bd",
        "HTML_URL": "https://github.com/das-developers/das2java/commit/36cc512a52106856b8608ce371204b90b8b119bd"
      },
      "Fix": {
        "Commit_ID": "0ef5d043b0e967cba568c4c6976b240c23f17d1b",
        "Message": "findbugs  MS_EXPOSE_REP\n\nsvn path=/autoplot/trunk/QDataSet/; revision=23920",
        "Fix_location": [
          {
            "File": "MS_EXPOSE_REP/files/1/Fix/DataSetUtil.java",
            "Locations": [ "633:5-635:6" ]
          }
        ],
        "API_URL": "https://api.github.com/repos/das-developers/das2java/commits/0ef5d043b0e967cba568c4c6976b240c23f17d1b",
        "HTML_URL": "https://github.com/das-developers/das2java/commit/0ef5d043b0e967cba568c4c6976b240c23f17d1b"
      }
    },
    {
      "Entry_ID": "2",
      "Base": {
        "Commit_ID": "36cc512a52106856b8608ce371204b90b8b119bd",
        "Message": "findbugs  OBL_UNSATISFIED_OBLIGATION, put in comment\n\nsvn path=/autoplot/trunk/QStream/; revision=23919",
        "Bug_location": [
          {
            "File": "MS_EXPOSE_REP/files/2/Base/DataSetUtil.java",
            "Locations": [ "647:5-649:6" ]
          }
        ],
        "API_URL": "https://api.github.com/repos/das-developers/das2java/commits/36cc512a52106856b8608ce371204b90b8b119bd",
        "HTML_URL": "https://github.com/das-developers/das2java/commit/36cc512a52106856b8608ce371204b90b8b119bd"
      },
      "Fix": {
        "Commit_ID": "0ef5d043b0e967cba568c4c6976b240c23f17d1b",
        "Message": "findbugs  MS_EXPOSE_REP\n\nsvn path=/autoplot/trunk/QDataSet/; revision=23920",
        "Fix_location": [
          {
            "File": "MS_EXPOSE_REP/files/2/Fix/DataSetUtil.java",
            "Locations": [ "647:5-649:6" ]
          }
        ],
        "API_URL": "https://api.github.com/repos/das-developers/das2java/commits/0ef5d043b0e967cba568c4c6976b240c23f17d1b",
        "HTML_URL": "https://github.com/das-developers/das2java/commit/0ef5d043b0e967cba568c4c6976b240c23f17d1b"
      }
    },
    {
      "Entry_ID": "3",
      "Base": {
        "Commit_ID": "a1bca8df5b0b18d1c89d24d344b4b900a3095fa7",
        "Message": "Speed tuning of PairwiseSetOps",
        "Bug_location": [
          {
            "File": "MS_EXPOSE_REP/files/3/Base/JaccardSimilarity.java",
            "Locations": [ "36:5-36:66" ]
          }
        ],
        "API_URL": "https://api.github.com/repos/apache/datasketches-java/commits/a1bca8df5b0b18d1c89d24d344b4b900a3095fa7",
        "HTML_URL": "https://github.com/apache/datasketches-java/commit/a1bca8df5b0b18d1c89d24d344b4b900a3095fa7"
      },
      "Fix": {
        "Commit_ID": "312a0882407cde6f241807bee6970341d581d2df",
        "Message": "Fixed a FindBugs MS_EXPOSE_REP",
        "Fix_location": [
          {
            "File": "MS_EXPOSE_REP/files/3/Fix/JaccardSimilarity.java",
            "Locations": [ "36:5-36:74" ]
          }
        ],
        "API_URL": "https://api.github.com/repos/apache/datasketches-java/commits/312a0882407cde6f241807bee6970341d581d2df",
        "HTML_URL": "https://github.com/apache/datasketches-java/commit/312a0882407cde6f241807bee6970341d581d2df"
      }
    },
    {
      "Entry_ID": "4",
      "Base": {
        "Commit_ID": "a1bca8df5b0b18d1c89d24d344b4b900a3095fa7",
        "Message": "Speed tuning of PairwiseSetOps",
        "Bug_location": [
          {
            "File": "MS_EXPOSE_REP/files/4/Base/JaccardSimilarity.java",
            "Locations": [ "37:5-37:45" ]
          }
        ],
        "API_URL": "https://api.github.com/repos/apache/datasketches-java/commits/a1bca8df5b0b18d1c89d24d344b4b900a3095fa7",
        "HTML_URL": "https://github.com/apache/datasketches-java/commit/a1bca8df5b0b18d1c89d24d344b4b900a3095fa7"
      },
      "Fix": {
        "Commit_ID": "312a0882407cde6f241807bee6970341d581d2df",
        "Message": "Fixed a FindBugs MS_EXPOSE_REP",
        "Fix_location": [
          {
            "File": "MS_EXPOSE_REP/files/4/Fix/JaccardSimilarity.java",
            "Locations": [ "37:5-37:53" ]
          }
        ],
        "API_URL": "https://api.github.com/repos/apache/datasketches-java/commits/312a0882407cde6f241807bee6970341d581d2df",
        "HTML_URL": "https://github.com/apache/datasketches-java/commit/312a0882407cde6f241807bee6970341d581d2df"
      }
    },
    {
      "Entry_ID": "5",
      "Base": {
        "Commit_ID": "a1bca8df5b0b18d1c89d24d344b4b900a3095fa7",
        "Message": "Speed tuning of PairwiseSetOps",
        "Bug_location": [
          {
            "File": "MS_EXPOSE_REP/files/5/Base/JaccardSimilarity.java",
            "Locations": [ "38:5-38:65" ]
          }
        ],
        "API_URL": "https://api.github.com/repos/apache/datasketches-java/commits/a1bca8df5b0b18d1c89d24d344b4b900a3095fa7",
        "HTML_URL": "https://github.com/apache/datasketches-java/commit/a1bca8df5b0b18d1c89d24d344b4b900a3095fa7"
      },
      "Fix": {
        "Commit_ID": "312a0882407cde6f241807bee6970341d581d2df",
        "Message": "Fixed a FindBugs MS_EXPOSE_REP",
        "Fix_location": [
          {
            "File": "MS_EXPOSE_REP/files/5/Fix/JaccardSimilarity.java",
            "Locations": [ "38:5-38:73" ]
          }
        ],
        "API_URL": "https://api.github.com/repos/apache/datasketches-java/commits/312a0882407cde6f241807bee6970341d581d2df",
        "HTML_URL": "https://github.com/apache/datasketches-java/commit/312a0882407cde6f241807bee6970341d581d2df"
      }
    },
    {
      "Entry_ID": "6",
      "Base": {
        "Commit_ID": "a1bca8df5b0b18d1c89d24d344b4b900a3095fa7",
        "Message": "Speed tuning of PairwiseSetOps",
        "Bug_location": [
          {
            "File": "MS_EXPOSE_REP/files/6/Base/JaccardSimilarity.java",
            "Locations": [ "39:5-39:66" ]
          }
        ],
        "API_URL": "https://api.github.com/repos/apache/datasketches-java/commits/a1bca8df5b0b18d1c89d24d344b4b900a3095fa7",
        "HTML_URL": "https://github.com/apache/datasketches-java/commit/a1bca8df5b0b18d1c89d24d344b4b900a3095fa7"
      },
      "Fix": {
        "Commit_ID": "312a0882407cde6f241807bee6970341d581d2df",
        "Message": "Fixed a FindBugs MS_EXPOSE_REP",
        "Fix_location": [
          {
            "File": "MS_EXPOSE_REP/files/6/Fix/JaccardSimilarity.java",
            "Locations": [ "39:5-39:74" ]
          }
        ],
        "API_URL": "https://api.github.com/repos/apache/datasketches-java/commits/312a0882407cde6f241807bee6970341d581d2df",
        "HTML_URL": "https://github.com/apache/datasketches-java/commit/312a0882407cde6f241807bee6970341d581d2df"
      }
    },
    {
      "Entry_ID": "7",
      "Base": {
        "Commit_ID": "a1bca8df5b0b18d1c89d24d344b4b900a3095fa7",
        "Message": "Speed tuning of PairwiseSetOps",
        "Bug_location": [
          {
            "File": "MS_EXPOSE_REP/files/7/Base/JaccardSimilarity.java",
            "Locations": [ "55:5-58:6" ]
          }
        ],
        "API_URL": "https://api.github.com/repos/apache/datasketches-java/commits/a1bca8df5b0b18d1c89d24d344b4b900a3095fa7",
        "HTML_URL": "https://github.com/apache/datasketches-java/commit/a1bca8df5b0b18d1c89d24d344b4b900a3095fa7"
      },
      "Fix": {
        "Commit_ID": "312a0882407cde6f241807bee6970341d581d2df",
        "Message": "Fixed a FindBugs MS_EXPOSE_REP",
        "Fix_location": [
          {
            "File": "MS_EXPOSE_REP/files/7/Fix/JaccardSimilarity.java",
            "Locations": [ "55:5-58:6" ]
          }
        ],
        "API_URL": "https://api.github.com/repos/apache/datasketches-java/commits/312a0882407cde6f241807bee6970341d581d2df",
        "HTML_URL": "https://github.com/apache/datasketches-java/commit/312a0882407cde6f241807bee6970341d581d2df"
      }
    }
  ]
}