{
  "Spotbugs_id": "NP_NULL_ON_SOME_PATH",
  "Spotbugs_name": "NP: Possible null pointer dereference",
  "Entries": [
    {
      "Entry_ID": "1",
      "Base": {
        "Commit_ID": "01baa2f4bc0ae528fe039ea065e2a858a96567dc",
        "Message": "Merge pull request #4561 from daniel-beck/SECURITY-1754\n\nUpdate bundled script-security plugin",
        "Bug_location": [
          {
            "File": "NP_NULL_ON_SOME_PATH/files/1/Base/ExtensionList.java",
            "Locations": [ "312:9-312:80" ]
          }
        ],
        "API_URL": "https://api.github.com/repos/jenkinsci/jenkins/commits/01baa2f4bc0ae528fe039ea065e2a858a96567dc",
        "HTML_URL": "https://github.com/jenkinsci/jenkins/commit/01baa2f4bc0ae528fe039ea065e2a858a96567dc"
      },
      "Fix": {
        "Commit_ID": "8026f7b2a984d80d4de73399f52dfd91a0bae12d",
        "Message": "Fixed spotbugs NP_NULL_ON_SOME_PATH",
        "Fix_location": [
          {
            "File": "NP_NULL_ON_SOME_PATH/files/1/Fix/ExtensionList.java",
            "Locations": [ "312:9-312:101" ]
          }
        ],
        "API_URL": "https://api.github.com/repos/jenkinsci/jenkins/commits/8026f7b2a984d80d4de73399f52dfd91a0bae12d",
        "HTML_URL": "https://github.com/jenkinsci/jenkins/commit/8026f7b2a984d80d4de73399f52dfd91a0bae12d"
      }
    },
    {
      "Entry_ID": "2",
      "Base": {
        "Commit_ID": "592f004737687c3a2855921c7e2d2d7634c4c9c4",
        "Message": "Fix NP_NULL_ON_SOME_PATH_FROM_RETURN_VALUE",
        "Bug_location": [
          {
            "File": "NP_NULL_ON_SOME_PATH/files/2/Base/HistoryAggregatedFlakyTestResultAction.java",
            "Locations": [ "340:9-340:73" ]
          }
        ],
        "API_URL": "https://api.github.com/repos/jenkinsci/flaky-test-handler-plugin/commits/592f004737687c3a2855921c7e2d2d7634c4c9c4",
        "HTML_URL": "https://github.com/jenkinsci/flaky-test-handler-plugin/commit/592f004737687c3a2855921c7e2d2d7634c4c9c4"
      },
      "Fix": {
        "Commit_ID": "6a7c9b48bf6cafff5372cbdf778381e4720e6410",
        "Message": "Fix NP_NULL_ON_SOME_PATH",
        "Fix_location": [
          {
            "File": "NP_NULL_ON_SOME_PATH/files/2/Fix/HistoryAggregatedFlakyTestResultAction.java",
            "Locations": [ "340:9-340:88" ]
          }
        ],
        "API_URL": "https://api.github.com/repos/jenkinsci/flaky-test-handler-plugin/commits/6a7c9b48bf6cafff5372cbdf778381e4720e6410",
        "HTML_URL": "https://github.com/jenkinsci/flaky-test-handler-plugin/commit/6a7c9b48bf6cafff5372cbdf778381e4720e6410"
      }
    },
    {
      "Entry_ID": "3",
      "Base": {
        "Commit_ID": "907d372ba596a7164a08e7c18e68dc44b97ea7ab",
        "Message": "VA_FORMAT_STRING_BAD_CONVERSION_TO_BOOLEAN",
        "Bug_location": [
          {
            "File": "NP_NULL_ON_SOME_PATH/files/3/Base/EditBreakpointPanel.java",
            "Locations": [ "102:5-136:6" ]
          }
        ],
        "API_URL": "https://api.github.com/repos/emilianbold/netbeans-releases/commits/907d372ba596a7164a08e7c18e68dc44b97ea7ab",
        "HTML_URL": "https://github.com/emilianbold/netbeans-releases/commit/907d372ba596a7164a08e7c18e68dc44b97ea7ab"
      },
      "Fix": {
        "Commit_ID": "c7318fffbcc06a97a0549ee3ec2357c058328379",
        "Message": "NP_NULL_ON_SOME_PATH",
        "Fix_location": [
          {
            "File": "NP_NULL_ON_SOME_PATH/files/3/Fix/EditBreakpointPanel.java",
            "Locations": [ "96:9-127:10" ]
          }
        ],
        "API_URL": "https://api.github.com/repos/emilianbold/netbeans-releases/commits/c7318fffbcc06a97a0549ee3ec2357c058328379",
        "HTML_URL": "https://github.com/emilianbold/netbeans-releases/commit/c7318fffbcc06a97a0549ee3ec2357c058328379"
      }
    },
    {
      "Entry_ID": "4",
      "Base": {
        "Commit_ID": "99dc197261f645f5dba5f61750d3c48e3c4d27d0",
        "Message": "HE_EQUALS_USE_HASHCODE",
        "Bug_location": [
          {
            "File": "NP_NULL_ON_SOME_PATH/files/4/Base/NativeDebuggerManager.java",
            "Locations": [ "1134:9-1142:10" ]
          }
        ],
        "API_URL": "https://api.github.com/repos/emilianbold/netbeans-releases/commits/99dc197261f645f5dba5f61750d3c48e3c4d27d0",
        "HTML_URL": "https://github.com/emilianbold/netbeans-releases/commit/99dc197261f645f5dba5f61750d3c48e3c4d27d0"
      },
      "Fix": {
        "Commit_ID": "7a9b4c83854120c130e82285e54c425735f97acf",
        "Message": "NP_NULL_ON_SOME_PATH",
        "Fix_location": [
          {
            "File": "NP_NULL_ON_SOME_PATH/files/4/Fix/NativeDebuggerManager.java",
            "Locations": [ "1127:9-1139:10" ]
          }
        ],
        "API_URL": "https://api.github.com/repos/emilianbold/netbeans-releases/commits/7a9b4c83854120c130e82285e54c425735f97acf",
        "HTML_URL": "https://github.com/emilianbold/netbeans-releases/commit/7a9b4c83854120c130e82285e54c425735f97acf"
      }
    },
    {
      "Entry_ID": "5",
      "Base": {
        "Commit_ID": "a1611590064d0c30c82c4dd504762871e3c9edb0",
        "Message": "findbugs implements Comparator but not Serializable",
        "Bug_location": [
          {
            "File": "NP_NULL_ON_SOME_PATH/files/5/Base/Patient.java",
            "Locations": [ "60:5-62:6", "64:5-66:6" ]
          }
        ],
        "API_URL": "https://api.github.com/repos/kiegroup/optaplanner/commits/a1611590064d0c30c82c4dd504762871e3c9edb0",
        "HTML_URL": "https://github.com/kiegroup/optaplanner/commit/a1611590064d0c30c82c4dd504762871e3c9edb0"
      },
      "Fix": {
        "Commit_ID": "36a8131eadf4a392bffe7f2c5270ec79ccf3fce6",
        "Message": "findbugs NP_NULL_ON_SOME_PATH",
        "Fix_location": [
          {
            "File": "NP_NULL_ON_SOME_PATH/files/5/Fix/Patient.java",
            "Locations": [ "60:5-62:6", "64:5-66:6" ]
          }
        ],
        "API_URL": "https://api.github.com/repos/kiegroup/optaplanner/commits/36a8131eadf4a392bffe7f2c5270ec79ccf3fce6",
        "HTML_URL": "https://github.com/kiegroup/optaplanner/commit/36a8131eadf4a392bffe7f2c5270ec79ccf3fce6"
      }
    },
    {
      "Entry_ID": "6",
      "Base": {
        "Commit_ID": "5730ad1aad9bcaff9df38f1b512b561e715c4d29",
        "Message": "findbugs",
        "Bug_location": [
          {
            "File": "NP_NULL_ON_SOME_PATH/files/6/Base/MainPanel.java",
            "Locations": [ "36:9-51:10" ]
          }
        ],
        "API_URL": "https://api.github.com/repos/aterai/java-swing-tips/commits/5730ad1aad9bcaff9df38f1b512b561e715c4d29",
        "HTML_URL": "https://github.com/aterai/java-swing-tips/commit/5730ad1aad9bcaff9df38f1b512b561e715c4d29"
      },
      "Fix": {
        "Commit_ID": "214ed33aae3609b5d0d6d03ccb1286fe97628412",
        "Message": "FindBugs: NP_NULL_ON_SOME_PATH",
        "Fix_location": [
          {
            "File": "NP_NULL_ON_SOME_PATH/files/6/Fix/MainPanel.java",
            "Locations": [ "36:9-54:10" ]
          }
        ],
        "API_URL": "https://api.github.com/repos/aterai/java-swing-tips/commits/214ed33aae3609b5d0d6d03ccb1286fe97628412",
        "HTML_URL": "https://github.com/aterai/java-swing-tips/commit/214ed33aae3609b5d0d6d03ccb1286fe97628412"
      }
    },
    {
      "Entry_ID": "7",
      "Base": {
        "Commit_ID": "15e4d6602c8bfe4f1c0e83bd55effe91910c3100",
        "Message": "FindBugs finding: IA_AMBIGUOUS_INVOCATION_OF_INHERITED_OR_OUTER_METHOD",
        "Bug_location": [
          {
            "File": "NP_NULL_ON_SOME_PATH/files/7/Base/QmakeProjectWriter.java",
            "Locations": [ "224:13-226:123" ]
          }
        ],
        "API_URL": "https://api.github.com/repos/emilianbold/netbeans-releases/commits/15e4d6602c8bfe4f1c0e83bd55effe91910c3100",
        "HTML_URL": "https://github.com/emilianbold/netbeans-releases/commit/15e4d6602c8bfe4f1c0e83bd55effe91910c3100"
      },
      "Fix": {
        "Commit_ID": "199b48eb4ece8be0e049c15b4eddc9c34496cfde",
        "Message": "FindBugs finding: NP_NULL_ON_SOME_PATH",
        "Fix_location": [
          {
            "File": "NP_NULL_ON_SOME_PATH/files/7/Fix/QmakeProjectWriter.java",
            "Locations": [ "224:13-227:14" ]
          }
        ],
        "API_URL": "https://api.github.com/repos/emilianbold/netbeans-releases/commits/199b48eb4ece8be0e049c15b4eddc9c34496cfde",
        "HTML_URL": "https://github.com/emilianbold/netbeans-releases/commit/199b48eb4ece8be0e049c15b4eddc9c34496cfde"
      }
    },
    {
      "Entry_ID": "8",
      "Base": {
        "Commit_ID": "e18f53fb2de0c7c474845e021497e0f220e81812",
        "Message": "DM_STRING_TOSTRING",
        "Bug_location": [
          {
            "File": "NP_NULL_ON_SOME_PATH/files/8/Base/IndexedEnumVariableValue.java",
            "Locations": [ "283:9-287:36" ]
          }
        ],
        "API_URL": "https://api.github.com/repos/JMRI/JMRI/commits/e18f53fb2de0c7c474845e021497e0f220e81812",
        "HTML_URL": "https://github.com/JMRI/JMRI/commit/e18f53fb2de0c7c474845e021497e0f220e81812"
      },
      "Fix": {
        "Commit_ID": "985917778a68983c091a865bf63fb3b7d3d5d886",
        "Message": "NP_NULL_ON_SOME_PATH",
        "Fix_location": [
          {
            "File": "NP_NULL_ON_SOME_PATH/files/8/Fix/IndexedEnumVariableValue.java",
            "Locations": [ "283:13-287:14" ]
          }
        ],
        "API_URL": "https://api.github.com/repos/JMRI/JMRI/commits/985917778a68983c091a865bf63fb3b7d3d5d886",
        "HTML_URL": "https://github.com/JMRI/JMRI/commit/985917778a68983c091a865bf63fb3b7d3d5d886"
      }
    },
    {
      "Entry_ID": "9",
      "Base": {
        "Commit_ID": "78812fe36b1d26223f00cdba82a56900b839218d",
        "Message": "drop serialVersionUID",
        "Bug_location": [
          {
            "File": "NP_NULL_ON_SOME_PATH/files/9/Base/AbstractIdentify.java",
            "Locations": [ "117:15-118:100" ]
          }
        ],
        "API_URL": "https://api.github.com/repos/JMRI/JMRI/commits/78812fe36b1d26223f00cdba82a56900b839218d",
        "HTML_URL": "https://github.com/JMRI/JMRI/commit/78812fe36b1d26223f00cdba82a56900b839218d"
      },
      "Fix": {
        "Commit_ID": "b253484bade693b563e20ba33bbd0ca23cfb3a96",
        "Message": "NP_NULL_ON_SOME_PATH",
        "Fix_location": [
          {
            "File": "NP_NULL_ON_SOME_PATH/files/9/Fix/AbstractIdentify.java",
            "Locations": [ "100:9-108:10", "117:15-118:100" ]
          }
        ],
        "API_URL": "https://api.github.com/repos/JMRI/JMRI/commits/b253484bade693b563e20ba33bbd0ca23cfb3a96",
        "HTML_URL": "https://github.com/JMRI/JMRI/commit/b253484bade693b563e20ba33bbd0ca23cfb3a96"
      }
    },
    {
      "Entry_ID": "10",
      "Base": {
        "Commit_ID": "c3dd3f342adc74a54687209b98691e8ca56bad76",
        "Message": "Solving findbugs warning \"NP_NULL_ON_SOME_PATH\"",
        "Bug_location": [
          {
            "File": "NP_NULL_ON_SOME_PATH/files/10/Base/InstallPluginCommand.java",
            "Locations": [ "119:25-119:64" ]
          }
        ],
        "API_URL": "https://api.github.com/repos/hudson/hudson-2.x/commits/c3dd3f342adc74a54687209b98691e8ca56bad76",
        "HTML_URL": "https://github.com/hudson/hudson-2.x/commit/c3dd3f342adc74a54687209b98691e8ca56bad76"
      },
      "Fix": {
        "Commit_ID": "0400785d44eaf0eb5da3424b1c6bf83ff2350588",
        "Message": "Solving findbugs warning \"NP_NULL_ON_SOME_PATH\"",
        "Fix_location": [
          {
            "File": "NP_NULL_ON_SOME_PATH/files/10/Fix/InstallPluginCommand.java",
            "Locations": [ "117:25-121:26" ]
          }
        ],
        "API_URL": "https://api.github.com/repos/hudson/hudson-2.x/commits/0400785d44eaf0eb5da3424b1c6bf83ff2350588",
        "HTML_URL": "https://github.com/hudson/hudson-2.x/commit/0400785d44eaf0eb5da3424b1c6bf83ff2350588"
      }
    },
    {
      "Entry_ID": "11",
      "Base": {
        "Commit_ID": "e1dd1d1823042bb46a70f0f4e6b2f890de0eaa3e",
        "Message": "Solving findbugs warning \"NP_EQUALS_SHOULD_HANDLE_NULL_ARGUMENT\"",
        "Bug_location": [
          {
            "File": "NP_NULL_ON_SOME_PATH/files/11/Base/Maven3Main.java",
            "Locations": [ "99:9-100:46" ]
          }
        ],
        "API_URL": "https://api.github.com/repos/hudson/hudson-2.x/commits/e1dd1d1823042bb46a70f0f4e6b2f890de0eaa3e",
        "HTML_URL": "https://github.com/hudson/hudson-2.x/commit/e1dd1d1823042bb46a70f0f4e6b2f890de0eaa3e"
      },
      "Fix": {
        "Commit_ID": "c3dd3f342adc74a54687209b98691e8ca56bad76",
        "Message": "Solving findbugs warning \"NP_NULL_ON_SOME_PATH\"",
        "Fix_location": [
          {
            "File": "NP_NULL_ON_SOME_PATH/files/11/Fix/Maven3Main.java",
            "Locations": [ "99:17-101:18" ]
          }
        ],
        "API_URL": "https://api.github.com/repos/hudson/hudson-2.x/commits/c3dd3f342adc74a54687209b98691e8ca56bad76",
        "HTML_URL": "https://github.com/hudson/hudson-2.x/commit/c3dd3f342adc74a54687209b98691e8ca56bad76"
      }
    },
    {
      "Entry_ID": "12",
      "Base": {
        "Commit_ID": "ec241248c1a6ded9feb8d2638b07fefde81ee8a0",
        "Message": "IDEMPIERE-455 Discover and fix FindBugs problems / Pattern EC_UNRELATED_TYPES",
        "Bug_location": [
          {
            "File": "NP_NULL_ON_SOME_PATH/files/12/Base/MiniTable.java",
            "Locations": [ "801:29-801:54" ]
          }
        ],
        "API_URL": "https://api.github.com/repos/idempiere/idempiere/commits/ec241248c1a6ded9feb8d2638b07fefde81ee8a0",
        "HTML_URL": "https://github.com/idempiere/idempiere/commit/ec241248c1a6ded9feb8d2638b07fefde81ee8a0"
      },
      "Fix": {
        "Commit_ID": "214b34c3770516b317051dbacc5bf7184fbd971b",
        "Message": "IDEMPIERE-455 Discover and fix FindBugs problems / Pattern NP_NULL_ON_SOME_PATH",
        "Fix_location": [
          {
            "File": "NP_NULL_ON_SOME_PATH/files/12/Fix/MiniTable.java",
            "Locations": [ "801:29-801:49" ]
          }
        ],
        "API_URL": "https://api.github.com/repos/idempiere/idempiere/commits/214b34c3770516b317051dbacc5bf7184fbd971b",
        "HTML_URL": "https://github.com/idempiere/idempiere/commit/214b34c3770516b317051dbacc5bf7184fbd971b"
      }
    },
    {
      "Entry_ID": "13",
      "Base": {
        "Commit_ID": "ec241248c1a6ded9feb8d2638b07fefde81ee8a0",
        "Message": "IDEMPIERE-455 Discover and fix FindBugs problems / Pattern EC_UNRELATED_TYPES",
        "Bug_location": [
          {
            "File": "NP_NULL_ON_SOME_PATH/files/13/Base/MiniTable.java",
            "Locations": [ "876:29-876:54" ]
          }
        ],
        "API_URL": "https://api.github.com/repos/idempiere/idempiere/commits/ec241248c1a6ded9feb8d2638b07fefde81ee8a0",
        "HTML_URL": "https://github.com/idempiere/idempiere/commit/ec241248c1a6ded9feb8d2638b07fefde81ee8a0"
      },
      "Fix": {
        "Commit_ID": "214b34c3770516b317051dbacc5bf7184fbd971b",
        "Message": "IDEMPIERE-455 Discover and fix FindBugs problems / Pattern NP_NULL_ON_SOME_PATH",
        "Fix_location": [
          {
            "File": "NP_NULL_ON_SOME_PATH/files/13/Fix/MiniTable.java",
            "Locations": [ "876:29-876:49" ]
          }
        ],
        "API_URL": "https://api.github.com/repos/idempiere/idempiere/commits/214b34c3770516b317051dbacc5bf7184fbd971b",
        "HTML_URL": "https://github.com/idempiere/idempiere/commit/214b34c3770516b317051dbacc5bf7184fbd971b"
      }
    },
    {
      "Entry_ID": "14",
      "Base": {
        "Commit_ID": "0882912da4abc753eadfbb500f20d6f2be2e10a3",
        "Message": "Fix NP_NULL_ON_SOME_PATH and NP_NULL_PARAM_DEREF errors as found by findbugs",
        "Bug_location": [
          {
            "File": "NP_NULL_ON_SOME_PATH/files/14/Base/BlockManagerXml.java",
            "Locations": [ "69:17-81:41" ]
          }
        ],
        "API_URL": "https://api.github.com/repos/JMRI/jmri-test/commits/0882912da4abc753eadfbb500f20d6f2be2e10a3",
        "HTML_URL": "https://github.com/JMRI/jmri-test/commit/0882912da4abc753eadfbb500f20d6f2be2e10a3"
      },
      "Fix": {
        "Commit_ID": "30e033dfcab655c6795b58e2104668d4c84463f9",
        "Message": "Fix NP_NULL_ON_SOME_PATH and NP_NULL_PARAM_DEREF errors as found by findbugs",
        "Fix_location": [
          {
            "File": "NP_NULL_ON_SOME_PATH/files/14/Fix/BlockManagerXml.java",
            "Locations": [ "69:17-85:18" ]
          }
        ],
        "API_URL": "https://api.github.com/repos/JMRI/jmri-test/commits/30e033dfcab655c6795b58e2104668d4c84463f9",
        "HTML_URL": "https://github.com/JMRI/jmri-test/commit/30e033dfcab655c6795b58e2104668d4c84463f9"
      }
    },
    {
      "Entry_ID": "15",
      "Base": {
        "Commit_ID": "0882912da4abc753eadfbb500f20d6f2be2e10a3",
        "Message": "Fix NP_NULL_ON_SOME_PATH and NP_NULL_PARAM_DEREF errors as found by findbugs",
        "Bug_location": [
          {
            "File": "NP_NULL_ON_SOME_PATH/files/15/Base/SectionManagerXml.java",
            "Locations": [ "50:17-117:43" ]
          }
        ],
        "API_URL": "https://api.github.com/repos/JMRI/jmri-test/commits/0882912da4abc753eadfbb500f20d6f2be2e10a3",
        "HTML_URL": "https://github.com/JMRI/jmri-test/commit/0882912da4abc753eadfbb500f20d6f2be2e10a3"
      },
      "Fix": {
        "Commit_ID": "30e033dfcab655c6795b58e2104668d4c84463f9",
        "Message": "Fix NP_NULL_ON_SOME_PATH and NP_NULL_PARAM_DEREF errors as found by findbugs",
        "Fix_location": [
          {
            "File": "NP_NULL_ON_SOME_PATH/files/15/Fix/SectionManagerXml.java",
            "Locations": [ "50:17-119:18" ]
          }
        ],
        "API_URL": "https://api.github.com/repos/JMRI/jmri-test/commits/30e033dfcab655c6795b58e2104668d4c84463f9",
        "HTML_URL": "https://github.com/JMRI/jmri-test/commit/30e033dfcab655c6795b58e2104668d4c84463f9"
      }
    },
    {
      "Entry_ID": "16",
      "Base": {
        "Commit_ID": "0882912da4abc753eadfbb500f20d6f2be2e10a3",
        "Message": "Fix NP_NULL_ON_SOME_PATH and NP_NULL_PARAM_DEREF errors as found by findbugs",
        "Bug_location": [
          {
            "File": "NP_NULL_ON_SOME_PATH/files/16/Base/TransitManagerXml.java",
            "Locations": [ "52:17-98:10" ]
          }
        ],
        "API_URL": "https://api.github.com/repos/JMRI/jmri-test/commits/0882912da4abc753eadfbb500f20d6f2be2e10a3",
        "HTML_URL": "https://github.com/JMRI/jmri-test/commit/0882912da4abc753eadfbb500f20d6f2be2e10a3"
      },
      "Fix": {
        "Commit_ID": "30e033dfcab655c6795b58e2104668d4c84463f9",
        "Message": "Fix NP_NULL_ON_SOME_PATH and NP_NULL_PARAM_DEREF errors as found by findbugs",
        "Fix_location": [
          {
            "File": "NP_NULL_ON_SOME_PATH/files/16/Fix/TransitManagerXml.java",
            "Locations": [ "52:17-100:10" ]
          }
        ],
        "API_URL": "https://api.github.com/repos/JMRI/jmri-test/commits/30e033dfcab655c6795b58e2104668d4c84463f9",
        "HTML_URL": "https://github.com/JMRI/jmri-test/commit/30e033dfcab655c6795b58e2104668d4c84463f9"
      }
    },
    {
      "Entry_ID": "17",
      "Base": {
        "Commit_ID": "0882912da4abc753eadfbb500f20d6f2be2e10a3",
        "Message": "Fix NP_NULL_ON_SOME_PATH and NP_NULL_PARAM_DEREF errors as found by findbugs",
        "Bug_location": [
          {
            "File": "NP_NULL_ON_SOME_PATH/files/17/Base/RouteTableAction.java",
            "Locations": [ "898:9-898:29" ]
          }
        ],
        "API_URL": "https://api.github.com/repos/JMRI/jmri-test/commits/0882912da4abc753eadfbb500f20d6f2be2e10a3",
        "HTML_URL": "https://github.com/JMRI/jmri-test/commit/0882912da4abc753eadfbb500f20d6f2be2e10a3"
      },
      "Fix": {
        "Commit_ID": "30e033dfcab655c6795b58e2104668d4c84463f9",
        "Message": "Fix NP_NULL_ON_SOME_PATH and NP_NULL_PARAM_DEREF errors as found by findbugs",
        "Fix_location": [
          {
            "File": "NP_NULL_ON_SOME_PATH/files/17/Fix/RouteTableAction.java",
            "Locations": [ "897:9-898:33" ]
          }
        ],
        "API_URL": "https://api.github.com/repos/JMRI/jmri-test/commits/30e033dfcab655c6795b58e2104668d4c84463f9",
        "HTML_URL": "https://github.com/JMRI/jmri-test/commit/30e033dfcab655c6795b58e2104668d4c84463f9"
      }
    },
    {
      "Entry_ID": "18",
      "Base": {
        "Commit_ID": "0882912da4abc753eadfbb500f20d6f2be2e10a3",
        "Message": "Fix NP_NULL_ON_SOME_PATH and NP_NULL_PARAM_DEREF errors as found by findbugs",
        "Bug_location": [
          {
            "File": "NP_NULL_ON_SOME_PATH/files/18/Base/LayoutBlockManagerXml.java",
            "Locations": [ "54:13-76:14" ]
          }
        ],
        "API_URL": "https://api.github.com/repos/JMRI/jmri-test/commits/0882912da4abc753eadfbb500f20d6f2be2e10a3",
        "HTML_URL": "https://github.com/JMRI/jmri-test/commit/0882912da4abc753eadfbb500f20d6f2be2e10a3"
      },
      "Fix": {
        "Commit_ID": "30e033dfcab655c6795b58e2104668d4c84463f9",
        "Message": "Fix NP_NULL_ON_SOME_PATH and NP_NULL_PARAM_DEREF errors as found by findbugs",
        "Fix_location": [
          {
            "File": "NP_NULL_ON_SOME_PATH/files/18/Fix/LayoutBlockManagerXml.java",
            "Locations": [ "54:13-78:14" ]
          }
        ],
        "API_URL": "https://api.github.com/repos/JMRI/jmri-test/commits/30e033dfcab655c6795b58e2104668d4c84463f9",
        "HTML_URL": "https://github.com/JMRI/jmri-test/commit/30e033dfcab655c6795b58e2104668d4c84463f9"
      }
    },
    {
      "Entry_ID": "19",
      "Base": {
        "Commit_ID": "0882912da4abc753eadfbb500f20d6f2be2e10a3",
        "Message": "Fix NP_NULL_ON_SOME_PATH and NP_NULL_PARAM_DEREF errors as found by findbugs",
        "Bug_location": [
          {
            "File": "NP_NULL_ON_SOME_PATH/files/19/Base/XpaMessage.java",
            "Locations": [ "45:9-46:52" ]
          }
        ],
        "API_URL": "https://api.github.com/repos/JMRI/jmri-test/commits/0882912da4abc753eadfbb500f20d6f2be2e10a3",
        "HTML_URL": "https://github.com/JMRI/jmri-test/commit/0882912da4abc753eadfbb500f20d6f2be2e10a3"
      },
      "Fix": {
        "Commit_ID": "30e033dfcab655c6795b58e2104668d4c84463f9",
        "Message": "Fix NP_NULL_ON_SOME_PATH and NP_NULL_PARAM_DEREF errors as found by findbugs",
        "Fix_location": [
          {
            "File": "NP_NULL_ON_SOME_PATH/files/19/Fix/XpaMessage.java",
            "Locations": [ "45:9-48:10" ]
          }
        ],
        "API_URL": "https://api.github.com/repos/JMRI/jmri-test/commits/30e033dfcab655c6795b58e2104668d4c84463f9",
        "HTML_URL": "https://github.com/JMRI/jmri-test/commit/30e033dfcab655c6795b58e2104668d4c84463f9"
      }
    },
    {
      "Entry_ID": "20",
      "Base": {
        "Commit_ID": "0501c63157c8e2a76b2874893153c8c9a26f7555",
        "Message": "Fix NP_NULL_ON_SOME_PATH and NP_NULL_PARAM_DEREF errors as found by findbugs",
        "Bug_location": [
          {
            "File": "NP_NULL_ON_SOME_PATH/files/20/Base/Dcc4PcMessage.java",
            "Locations": [ "64:9-65:52" ]
          }
        ],
        "API_URL": "https://api.github.com/repos/JMRI/jmri-test/commits/0882912da4abc753eadfbb500f20d6f2be2e10a3",
        "HTML_URL": "https://github.com/JMRI/jmri-test/commit/0882912da4abc753eadfbb500f20d6f2be2e10a3"
      },
      "Fix": {
        "Commit_ID": "0882912da4abc753eadfbb500f20d6f2be2e10a3",
        "Message": "Fix NP_NULL_ON_SOME_PATH and NP_NULL_PARAM_DEREF errors as found by findbugs",
        "Fix_location": [
          {
            "File": "NP_NULL_ON_SOME_PATH/files/20/Fix/Dcc4PcMessage.java",
            "Locations": [ "64:9-67:10" ]
          }
        ],
        "API_URL": "https://api.github.com/repos/JMRI/jmri-test/commits/0882912da4abc753eadfbb500f20d6f2be2e10a3",
        "HTML_URL": "https://github.com/JMRI/jmri-test/commit/0882912da4abc753eadfbb500f20d6f2be2e10a3"
      }
    },
    {
      "Entry_ID": "21",
      "Base": {
        "Commit_ID": "0501c63157c8e2a76b2874893153c8c9a26f7555",
        "Message": "Fix NP_NULL_ON_SOME_PATH and NP_NULL_PARAM_DEREF errors as found by findbugs",
        "Bug_location": [
          {
            "File": "NP_NULL_ON_SOME_PATH/files/21/Base/Dcc4PcReply.java",
            "Locations": [ "49:9-50:52" ]
          }
        ],
        "API_URL": "https://api.github.com/repos/JMRI/jmri-test/commits/0882912da4abc753eadfbb500f20d6f2be2e10a3",
        "HTML_URL": "https://github.com/JMRI/jmri-test/commit/0882912da4abc753eadfbb500f20d6f2be2e10a3"
      },
      "Fix": {
        "Commit_ID": "0882912da4abc753eadfbb500f20d6f2be2e10a3",
        "Message": "Fix NP_NULL_ON_SOME_PATH and NP_NULL_PARAM_DEREF errors as found by findbugs",
        "Fix_location": [
          {
            "File": "NP_NULL_ON_SOME_PATH/files/21/Fix/Dcc4PcReply.java",
            "Locations": [ "49:9-52:18" ]
          }
        ],
        "API_URL": "https://api.github.com/repos/JMRI/jmri-test/commits/0882912da4abc753eadfbb500f20d6f2be2e10a3",
        "HTML_URL": "https://github.com/JMRI/jmri-test/commit/0882912da4abc753eadfbb500f20d6f2be2e10a3"
      }
    },
    {
      "Entry_ID": "22",
      "Base": {
        "Commit_ID": "0501c63157c8e2a76b2874893153c8c9a26f7555",
        "Message": "Fix NP_NULL_ON_SOME_PATH and NP_NULL_PARAM_DEREF errors as found by findbugs",
        "Bug_location": [
          {
            "File": "NP_NULL_ON_SOME_PATH/files/22/Base/SprogMessage.java",
            "Locations": [ "84:9-85:52" ]
          }
        ],
        "API_URL": "https://api.github.com/repos/JMRI/jmri-test/commits/0882912da4abc753eadfbb500f20d6f2be2e10a3",
        "HTML_URL": "https://github.com/JMRI/jmri-test/commit/0882912da4abc753eadfbb500f20d6f2be2e10a3"
      },
      "Fix": {
        "Commit_ID": "0882912da4abc753eadfbb500f20d6f2be2e10a3",
        "Message": "Fix NP_NULL_ON_SOME_PATH and NP_NULL_PARAM_DEREF errors as found by findbugs",
        "Fix_location": [
          {
            "File": "NP_NULL_ON_SOME_PATH/files/22/Fix/SprogMessage.java",
            "Locations": [ "84:9-87:10" ]
          }
        ],
        "API_URL": "https://api.github.com/repos/JMRI/jmri-test/commits/0882912da4abc753eadfbb500f20d6f2be2e10a3",
        "HTML_URL": "https://github.com/JMRI/jmri-test/commit/0882912da4abc753eadfbb500f20d6f2be2e10a3"
      }
    },
    {
      "Entry_ID": "23",
      "Base": {
        "Commit_ID": "0501c63157c8e2a76b2874893153c8c9a26f7555",
        "Message": "Fix NP_NULL_ON_SOME_PATH and NP_NULL_PARAM_DEREF errors as found by findbugs",
        "Bug_location": [
          {
            "File": "NP_NULL_ON_SOME_PATH/files/23/Base/SprogReply.java",
            "Locations": [ "39:9-40:52" ]
          }
        ],
        "API_URL": "https://api.github.com/repos/JMRI/jmri-test/commits/0882912da4abc753eadfbb500f20d6f2be2e10a3",
        "HTML_URL": "https://github.com/JMRI/jmri-test/commit/0882912da4abc753eadfbb500f20d6f2be2e10a3"
      },
      "Fix": {
        "Commit_ID": "0882912da4abc753eadfbb500f20d6f2be2e10a3",
        "Message": "Fix NP_NULL_ON_SOME_PATH and NP_NULL_PARAM_DEREF errors as found by findbugs",
        "Fix_location": [
          {
            "File": "NP_NULL_ON_SOME_PATH/files/23/Fix/SprogReply.java",
            "Locations": [ "39:9-42:18" ]
          }
        ],
        "API_URL": "https://api.github.com/repos/JMRI/jmri-test/commits/0882912da4abc753eadfbb500f20d6f2be2e10a3",
        "HTML_URL": "https://github.com/JMRI/jmri-test/commit/0882912da4abc753eadfbb500f20d6f2be2e10a3"
      }
    },
    {
      "Entry_ID": "24",
      "Base": {
        "Commit_ID": "0ae37bf7e34cd2ce39766a28c2e47f2aa52096bc",
        "Message": "update",
        "Bug_location": [
          {
            "File": "NP_NULL_ON_SOME_PATH/files/24/Base/LayoutBlock.java",
            "Locations": [ "526:5-533:6" ]
          }
        ],
        "API_URL": "https://api.github.com/repos/JMRI/jmri-test/commits/0ae37bf7e34cd2ce39766a28c2e47f2aa52096bc",
        "HTML_URL": "https://github.com/JMRI/jmri-test/commit/0ae37bf7e34cd2ce39766a28c2e47f2aa52096bc"
      },
      "Fix": {
        "Commit_ID": "0501c63157c8e2a76b2874893153c8c9a26f7555",
        "Message": "Fix NP_NULL_ON_SOME_PATH and NP_NULL_PARAM_DEREF errors as found by findbugs",
        "Fix_location": [
          {
            "File": "NP_NULL_ON_SOME_PATH/files/24/Fix/LayoutBlock.java",
            "Locations": [ "526:5-534:6" ]
          }
        ],
        "API_URL": "https://api.github.com/repos/JMRI/jmri-test/commits/0501c63157c8e2a76b2874893153c8c9a26f7555",
        "HTML_URL": "https://github.com/JMRI/jmri-test/commit/0501c63157c8e2a76b2874893153c8c9a26f7555"
      }
    },
    {
      "Entry_ID": "25",
      "Base": {
        "Commit_ID": "0ae37bf7e34cd2ce39766a28c2e47f2aa52096bc",
        "Message": "update",
        "Bug_location": [
          {
            "File": "NP_NULL_ON_SOME_PATH/files/25/Base/LayoutBlockManager.java",
            "Locations": [ "209:13-211:39" ]
          }
        ],
        "API_URL": "https://api.github.com/repos/JMRI/jmri-test/commits/0ae37bf7e34cd2ce39766a28c2e47f2aa52096bc",
        "HTML_URL": "https://github.com/JMRI/jmri-test/commit/0ae37bf7e34cd2ce39766a28c2e47f2aa52096bc"
      },
      "Fix": {
        "Commit_ID": "0501c63157c8e2a76b2874893153c8c9a26f7555",
        "Message": "Fix NP_NULL_ON_SOME_PATH and NP_NULL_PARAM_DEREF errors as found by findbugs",
        "Fix_location": [
          {
            "File": "NP_NULL_ON_SOME_PATH/files/25/Fix/LayoutBlockManager.java",
            "Locations": [ "209:13-213:26" ]
          }
        ],
        "API_URL": "https://api.github.com/repos/JMRI/jmri-test/commits/0501c63157c8e2a76b2874893153c8c9a26f7555",
        "HTML_URL": "https://github.com/JMRI/jmri-test/commit/0501c63157c8e2a76b2874893153c8c9a26f7555"
      }
    },
    {
      "Entry_ID": "26",
      "Base": {
        "Commit_ID": "0ae37bf7e34cd2ce39766a28c2e47f2aa52096bc",
        "Message": "update",
        "Bug_location": [
          {
            "File": "NP_NULL_ON_SOME_PATH/files/26/Base/LayoutBlockManager.java",
            "Locations": [ "216:9-223:10" ]
          }
        ],
        "API_URL": "https://api.github.com/repos/JMRI/jmri-test/commits/0ae37bf7e34cd2ce39766a28c2e47f2aa52096bc",
        "HTML_URL": "https://github.com/JMRI/jmri-test/commit/0ae37bf7e34cd2ce39766a28c2e47f2aa52096bc"
      },
      "Fix": {
        "Commit_ID": "0501c63157c8e2a76b2874893153c8c9a26f7555",
        "Message": "Fix NP_NULL_ON_SOME_PATH and NP_NULL_PARAM_DEREF errors as found by findbugs",
        "Fix_location": [
          {
            "File": "NP_NULL_ON_SOME_PATH/files/26/Fix/LayoutBlockManager.java",
            "Locations": [ "218:9-227:10" ]
          }
        ],
        "API_URL": "https://api.github.com/repos/JMRI/jmri-test/commits/0501c63157c8e2a76b2874893153c8c9a26f7555",
        "HTML_URL": "https://github.com/JMRI/jmri-test/commit/0501c63157c8e2a76b2874893153c8c9a26f7555"
      }
    },
    {
      "Entry_ID": "27",
      "Base": {
        "Commit_ID": "e652439bc09082520f251794916c2dfb5c2cad33",
        "Message": "IDEMPIERE-480 Huge bug with FactAcctReset and Automatic Accounting / Fix dup field error on migration script",
        "Bug_location": [
          {
            "File": "NP_NULL_ON_SOME_PATH/files/27/Base/AbstractDocumentSearch.java",
            "Locations": [ "287:9-287:42", "290:9-290:54" ]
          }
        ],
        "API_URL": "https://api.github.com/repos/idempiere/idempiere/commits/e652439bc09082520f251794916c2dfb5c2cad33",
        "HTML_URL": "https://github.com/idempiere/idempiere/commit/e652439bc09082520f251794916c2dfb5c2cad33"
      },
      "Fix": {
        "Commit_ID": "24e4972406e74e228a2046b31cc3f4348e45debe",
        "Message": "IDEMPIERE-455 Discover and fix FindBugs problems / Pattern NP_NULL_ON_SOME_PATH (Thanks to Richard Morales)",
        "Fix_location": [
          {
            "File": "NP_NULL_ON_SOME_PATH/files/27/Fix/AbstractDocumentSearch.java",
            "Locations": [ "289:9-292:10" ]
          }
        ],
        "API_URL": "https://api.github.com/repos/idempiere/idempiere/commits/24e4972406e74e228a2046b31cc3f4348e45debe",
        "HTML_URL": "https://github.com/idempiere/idempiere/commit/24e4972406e74e228a2046b31cc3f4348e45debe"
      }
    },
    {
      "Entry_ID": "28",
      "Base": {
        "Commit_ID": "e652439bc09082520f251794916c2dfb5c2cad33",
        "Message": "IDEMPIERE-480 Huge bug with FactAcctReset and Automatic Accounting / Fix dup field error on migration script",
        "Bug_location": [
          {
            "File": "NP_NULL_ON_SOME_PATH/files/28/Base/Doc_MatchPO.java",
            "Locations": [ "246:13-249:91" ]
          }
        ],
        "API_URL": "https://api.github.com/repos/idempiere/idempiere/commits/e652439bc09082520f251794916c2dfb5c2cad33",
        "HTML_URL": "https://github.com/idempiere/idempiere/commit/e652439bc09082520f251794916c2dfb5c2cad33"
      },
      "Fix": {
        "Commit_ID": "24e4972406e74e228a2046b31cc3f4348e45debe",
        "Message": "IDEMPIERE-455 Discover and fix FindBugs problems / Pattern NP_NULL_ON_SOME_PATH (Thanks to Richard Morales)",
        "Fix_location": [
          {
            "File": "NP_NULL_ON_SOME_PATH/files/28/Fix/Doc_MatchPO.java",
            "Locations": [ "210:13-210:37", "223:17-223:43", "230:13-230:37", "243:17-243:45", "250:13-250:108" ]
          }
        ],
        "API_URL": "https://api.github.com/repos/idempiere/idempiere/commits/24e4972406e74e228a2046b31cc3f4348e45debe",
        "HTML_URL": "https://github.com/idempiere/idempiere/commit/24e4972406e74e228a2046b31cc3f4348e45debe"
      }
    },
    {
      "Entry_ID": "29",
      "Base": {
        "Commit_ID": "e652439bc09082520f251794916c2dfb5c2cad33",
        "Message": "IDEMPIERE-480 Huge bug with FactAcctReset and Automatic Accounting / Fix dup field error on migration script",
        "Bug_location": [
          {
            "File": "NP_NULL_ON_SOME_PATH/files/29/Base/GridWindowVO.java",
            "Locations": [ "168:9-168:76" ]
          }
        ],
        "API_URL": "https://api.github.com/repos/idempiere/idempiere/commits/e652439bc09082520f251794916c2dfb5c2cad33",
        "HTML_URL": "https://github.com/idempiere/idempiere/commit/e652439bc09082520f251794916c2dfb5c2cad33"
      },
      "Fix": {
        "Commit_ID": "24e4972406e74e228a2046b31cc3f4348e45debe",
        "Message": "IDEMPIERE-455 Discover and fix FindBugs problems / Pattern NP_NULL_ON_SOME_PATH (Thanks to Richard Morales)",
        "Fix_location": [
          {
            "File": "NP_NULL_ON_SOME_PATH/files/29/Fix/GridWindowVO.java",
            "Locations": [ "168:9-168:94" ]
          }
        ],
        "API_URL": "https://api.github.com/repos/idempiere/idempiere/commits/24e4972406e74e228a2046b31cc3f4348e45debe",
        "HTML_URL": "https://github.com/idempiere/idempiere/commit/24e4972406e74e228a2046b31cc3f4348e45debe"
      }
    },
    {
      "Entry_ID": "30",
      "Base": {
        "Commit_ID": "e652439bc09082520f251794916c2dfb5c2cad33",
        "Message": "IDEMPIERE-480 Huge bug with FactAcctReset and Automatic Accounting / Fix dup field error on migration script",
        "Bug_location": [
          {
            "File": "NP_NULL_ON_SOME_PATH/files/30/Base/MCost.java",
            "Locations": [ "1659:9-1659:101" ]
          }
        ],
        "API_URL": "https://api.github.com/repos/idempiere/idempiere/commits/e652439bc09082520f251794916c2dfb5c2cad33",
        "HTML_URL": "https://github.com/idempiere/idempiere/commit/e652439bc09082520f251794916c2dfb5c2cad33"
      },
      "Fix": {
        "Commit_ID": "24e4972406e74e228a2046b31cc3f4348e45debe",
        "Message": "IDEMPIERE-455 Discover and fix FindBugs problems / Pattern NP_NULL_ON_SOME_PATH (Thanks to Richard Morales)",
        "Fix_location": [
          {
            "File": "NP_NULL_ON_SOME_PATH/files/30/Fix/MCost.java",
            "Locations": [ "1659:9-1659:112" ]
          }
        ],
        "API_URL": "https://api.github.com/repos/idempiere/idempiere/commits/24e4972406e74e228a2046b31cc3f4348e45debe",
        "HTML_URL": "https://github.com/idempiere/idempiere/commit/24e4972406e74e228a2046b31cc3f4348e45debe"
      }
    },
    {
      "Entry_ID": "31",
      "Base": {
        "Commit_ID": "e652439bc09082520f251794916c2dfb5c2cad33",
        "Message": "IDEMPIERE-480 Huge bug with FactAcctReset and Automatic Accounting / Fix dup field error on migration script",
        "Bug_location": [
          {
            "File": "NP_NULL_ON_SOME_PATH/files/31/Base/MLookupFactory.java",
            "Locations": [ "447:13-454:14" ]
          }
        ],
        "API_URL": "https://api.github.com/repos/idempiere/idempiere/commits/e652439bc09082520f251794916c2dfb5c2cad33",
        "HTML_URL": "https://github.com/idempiere/idempiere/commit/e652439bc09082520f251794916c2dfb5c2cad33"
      },
      "Fix": {
        "Commit_ID": "24e4972406e74e228a2046b31cc3f4348e45debe",
        "Message": "IDEMPIERE-455 Discover and fix FindBugs problems / Pattern NP_NULL_ON_SOME_PATH (Thanks to Richard Morales)",
        "Fix_location": [
          {
            "File": "NP_NULL_ON_SOME_PATH/files/31/Fix/MLookupFactory.java",
            "Locations": [ "447:13-456:14" ]
          }
        ],
        "API_URL": "https://api.github.com/repos/idempiere/idempiere/commits/24e4972406e74e228a2046b31cc3f4348e45debe",
        "HTML_URL": "https://github.com/idempiere/idempiere/commit/24e4972406e74e228a2046b31cc3f4348e45debe"
      }
    },
    {
      "Entry_ID": "32",
      "Base": {
        "Commit_ID": "e652439bc09082520f251794916c2dfb5c2cad33",
        "Message": "IDEMPIERE-480 Huge bug with FactAcctReset and Automatic Accounting / Fix dup field error on migration script",
        "Bug_location": [
          {
            "File": "NP_NULL_ON_SOME_PATH/files/32/Base/MLookupFactory.java",
            "Locations": [ "696:9-703:10" ]
          }
        ],
        "API_URL": "https://api.github.com/repos/idempiere/idempiere/commits/e652439bc09082520f251794916c2dfb5c2cad33",
        "HTML_URL": "https://github.com/idempiere/idempiere/commit/e652439bc09082520f251794916c2dfb5c2cad33"
      },
      "Fix": {
        "Commit_ID": "24e4972406e74e228a2046b31cc3f4348e45debe",
        "Message": "IDEMPIERE-455 Discover and fix FindBugs problems / Pattern NP_NULL_ON_SOME_PATH (Thanks to Richard Morales)",
        "Fix_location": [
          {
            "File": "NP_NULL_ON_SOME_PATH/files/32/Fix/MLookupFactory.java",
            "Locations": [ "698:9-707:10" ]
          }
        ],
        "API_URL": "https://api.github.com/repos/idempiere/idempiere/commits/24e4972406e74e228a2046b31cc3f4348e45debe",
        "HTML_URL": "https://github.com/idempiere/idempiere/commit/24e4972406e74e228a2046b31cc3f4348e45debe"
      }
    },
    {
      "Entry_ID": "33",
      "Base": {
        "Commit_ID": "e652439bc09082520f251794916c2dfb5c2cad33",
        "Message": "IDEMPIERE-480 Huge bug with FactAcctReset and Automatic Accounting / Fix dup field error on migration script",
        "Bug_location": [
          {
            "File": "NP_NULL_ON_SOME_PATH/files/33/Base/ModelValidator.java",
            "Locations": [ "166:17-166:60" ]
          }
        ],
        "API_URL": "https://api.github.com/repos/idempiere/idempiere/commits/e652439bc09082520f251794916c2dfb5c2cad33",
        "HTML_URL": "https://github.com/idempiere/idempiere/commit/e652439bc09082520f251794916c2dfb5c2cad33"
      },
      "Fix": {
        "Commit_ID": "24e4972406e74e228a2046b31cc3f4348e45debe",
        "Message": "IDEMPIERE-455 Discover and fix FindBugs problems / Pattern NP_NULL_ON_SOME_PATH (Thanks to Richard Morales)",
        "Fix_location": [
          {
            "File": "NP_NULL_ON_SOME_PATH/files/33/Fix/ModelValidator.java",
            "Locations": [ "166:17-166:77" ]
          }
        ],
        "API_URL": "https://api.github.com/repos/idempiere/idempiere/commits/24e4972406e74e228a2046b31cc3f4348e45debe",
        "HTML_URL": "https://github.com/idempiere/idempiere/commit/24e4972406e74e228a2046b31cc3f4348e45debe"
      }
    },
    {
      "Entry_ID": "34",
      "Base": {
        "Commit_ID": "e652439bc09082520f251794916c2dfb5c2cad33",
        "Message": "IDEMPIERE-480 Huge bug with FactAcctReset and Automatic Accounting / Fix dup field error on migration script",
        "Bug_location": [
          {
            "File": "NP_NULL_ON_SOME_PATH/files/34/Base/PoFiller.java",
            "Locations": [ "82:9-82:40" ]
          }
        ],
        "API_URL": "https://api.github.com/repos/idempiere/idempiere/commits/e652439bc09082520f251794916c2dfb5c2cad33",
        "HTML_URL": "https://github.com/idempiere/idempiere/commit/e652439bc09082520f251794916c2dfb5c2cad33"
      },
      "Fix": {
        "Commit_ID": "24e4972406e74e228a2046b31cc3f4348e45debe",
        "Message": "IDEMPIERE-455 Discover and fix FindBugs problems / Pattern NP_NULL_ON_SOME_PATH (Thanks to Richard Morales)",
        "Fix_location": [
          {
            "File": "NP_NULL_ON_SOME_PATH/files/34/Fix/PoFiller.java",
            "Locations": [ "82:9-82:55" ]
          }
        ],
        "API_URL": "https://api.github.com/repos/idempiere/idempiere/commits/24e4972406e74e228a2046b31cc3f4348e45debe",
        "HTML_URL": "https://github.com/idempiere/idempiere/commit/24e4972406e74e228a2046b31cc3f4348e45debe"
      }
    },
    {
      "Entry_ID": "35",
      "Base": {
        "Commit_ID": "e652439bc09082520f251794916c2dfb5c2cad33",
        "Message": "IDEMPIERE-480 Huge bug with FactAcctReset and Automatic Accounting / Fix dup field error on migration script",
        "Bug_location": [
          {
            "File": "NP_NULL_ON_SOME_PATH/files/35/Base/PoFiller.java",
            "Locations": [ "103:9-103:40" ]
          }
        ],
        "API_URL": "https://api.github.com/repos/idempiere/idempiere/commits/e652439bc09082520f251794916c2dfb5c2cad33",
        "HTML_URL": "https://github.com/idempiere/idempiere/commit/e652439bc09082520f251794916c2dfb5c2cad33"
      },
      "Fix": {
        "Commit_ID": "24e4972406e74e228a2046b31cc3f4348e45debe",
        "Message": "IDEMPIERE-455 Discover and fix FindBugs problems / Pattern NP_NULL_ON_SOME_PATH (Thanks to Richard Morales)",
        "Fix_location": [
          {
            "File": "NP_NULL_ON_SOME_PATH/files/35/Fix/PoFiller.java",
            "Locations": [ "103:9-103:55" ]
          }
        ],
        "API_URL": "https://api.github.com/repos/idempiere/idempiere/commits/24e4972406e74e228a2046b31cc3f4348e45debe",
        "HTML_URL": "https://github.com/idempiere/idempiere/commit/24e4972406e74e228a2046b31cc3f4348e45debe"
      }
    },
    {
      "Entry_ID": "36",
      "Base": {
        "Commit_ID": "e652439bc09082520f251794916c2dfb5c2cad33",
        "Message": "IDEMPIERE-480 Huge bug with FactAcctReset and Automatic Accounting / Fix dup field error on migration script",
        "Bug_location": [
          {
            "File": "NP_NULL_ON_SOME_PATH/files/36/Base/PoFiller.java",
            "Locations": [ "124:9-124:40" ]
          }
        ],
        "API_URL": "https://api.github.com/repos/idempiere/idempiere/commits/e652439bc09082520f251794916c2dfb5c2cad33",
        "HTML_URL": "https://github.com/idempiere/idempiere/commit/e652439bc09082520f251794916c2dfb5c2cad33"
      },
      "Fix": {
        "Commit_ID": "24e4972406e74e228a2046b31cc3f4348e45debe",
        "Message": "IDEMPIERE-455 Discover and fix FindBugs problems / Pattern NP_NULL_ON_SOME_PATH (Thanks to Richard Morales)",
        "Fix_location": [
          {
            "File": "NP_NULL_ON_SOME_PATH/files/36/Fix/PoFiller.java",
            "Locations": [ "124:9-124:55" ]
          }
        ],
        "API_URL": "https://api.github.com/repos/idempiere/idempiere/commits/24e4972406e74e228a2046b31cc3f4348e45debe",
        "HTML_URL": "https://github.com/idempiere/idempiere/commit/24e4972406e74e228a2046b31cc3f4348e45debe"
      }
    },
    {
      "Entry_ID": "37",
      "Base": {
        "Commit_ID": "e652439bc09082520f251794916c2dfb5c2cad33",
        "Message": "IDEMPIERE-480 Huge bug with FactAcctReset and Automatic Accounting / Fix dup field error on migration script",
        "Bug_location": [
          {
            "File": "NP_NULL_ON_SOME_PATH/files/37/Base/WAcctViewerData.java",
            "Locations": [ "522:13-522:55" ]
          }
        ],
        "API_URL": "https://api.github.com/repos/idempiere/idempiere/commits/e652439bc09082520f251794916c2dfb5c2cad33",
        "HTML_URL": "https://github.com/idempiere/idempiere/commit/e652439bc09082520f251794916c2dfb5c2cad33"
      },
      "Fix": {
        "Commit_ID": "24e4972406e74e228a2046b31cc3f4348e45debe",
        "Message": "IDEMPIERE-455 Discover and fix FindBugs problems / Pattern NP_NULL_ON_SOME_PATH (Thanks to Richard Morales)",
        "Fix_location": [
          {
            "File": "NP_NULL_ON_SOME_PATH/files/37/Fix/WAcctViewerData.java",
            "Locations": [ "522:13-522:71" ]
          }
        ],
        "API_URL": "https://api.github.com/repos/idempiere/idempiere/commits/24e4972406e74e228a2046b31cc3f4348e45debe",
        "HTML_URL": "https://github.com/idempiere/idempiere/commit/24e4972406e74e228a2046b31cc3f4348e45debe"
      }
    },
    {
      "Entry_ID": "38",
      "Base": {
        "Commit_ID": "e652439bc09082520f251794916c2dfb5c2cad33",
        "Message": "IDEMPIERE-480 Huge bug with FactAcctReset and Automatic Accounting / Fix dup field error on migration script",
        "Bug_location": [
          {
            "File": "NP_NULL_ON_SOME_PATH/files/38/Base/GridTabRowRenderer.java",
            "Locations": [ "104:4-114:6" ]
          }
        ],
        "API_URL": "https://api.github.com/repos/idempiere/idempiere/commits/e652439bc09082520f251794916c2dfb5c2cad33",
        "HTML_URL": "https://github.com/idempiere/idempiere/commit/e652439bc09082520f251794916c2dfb5c2cad33"
      },
      "Fix": {
        "Commit_ID": "24e4972406e74e228a2046b31cc3f4348e45debe",
        "Message": "IDEMPIERE-455 Discover and fix FindBugs problems / Pattern NP_NULL_ON_SOME_PATH (Thanks to Richard Morales)",
        "Fix_location": [
          {
            "File": "NP_NULL_ON_SOME_PATH/files/38/Fix/GridTabRowRenderer.java",
            "Locations": [ "104:4-114:6" ]
          }
        ],
        "API_URL": "https://api.github.com/repos/idempiere/idempiere/commits/24e4972406e74e228a2046b31cc3f4348e45debe",
        "HTML_URL": "https://github.com/idempiere/idempiere/commit/24e4972406e74e228a2046b31cc3f4348e45debe"
      }
    },
    {
      "Entry_ID": "39",
      "Base": {
        "Commit_ID": "e652439bc09082520f251794916c2dfb5c2cad33",
        "Message": "IDEMPIERE-480 Huge bug with FactAcctReset and Automatic Accounting / Fix dup field error on migration script",
        "Bug_location": [
          {
            "File": "NP_NULL_ON_SOME_PATH/files/39/Base/GridTabRowRenderer.java",
            "Locations": [ "347:9-349:10", "357:9-358:50", "360:9-361:87" ]
          }
        ],
        "API_URL": "https://api.github.com/repos/idempiere/idempiere/commits/e652439bc09082520f251794916c2dfb5c2cad33",
        "HTML_URL": "https://github.com/idempiere/idempiere/commit/e652439bc09082520f251794916c2dfb5c2cad33"
      },
      "Fix": {
        "Commit_ID": "24e4972406e74e228a2046b31cc3f4348e45debe",
        "Message": "IDEMPIERE-455 Discover and fix FindBugs problems / Pattern NP_NULL_ON_SOME_PATH (Thanks to Richard Morales)",
        "Fix_location": [
          {
            "File": "NP_NULL_ON_SOME_PATH/files/39/Fix/GridTabRowRenderer.java",
            "Locations": [ "347:9-362:10" ]
          }
        ],
        "API_URL": "https://api.github.com/repos/idempiere/idempiere/commits/24e4972406e74e228a2046b31cc3f4348e45debe",
        "HTML_URL": "https://github.com/idempiere/idempiere/commit/24e4972406e74e228a2046b31cc3f4348e45debe"
      }
    },
    {
      "Entry_ID": "40",
      "Base": {
        "Commit_ID": "e652439bc09082520f251794916c2dfb5c2cad33",
        "Message": "IDEMPIERE-480 Huge bug with FactAcctReset and Automatic Accounting / Fix dup field error on migration script",
        "Bug_location": [
          {
            "File": "NP_NULL_ON_SOME_PATH/files/40/Base/WBOMDrop.java",
            "Locations": [ "597:13-597:66" ]
          }
        ],
        "API_URL": "https://api.github.com/repos/idempiere/idempiere/commits/e652439bc09082520f251794916c2dfb5c2cad33",
        "HTML_URL": "https://github.com/idempiere/idempiere/commit/e652439bc09082520f251794916c2dfb5c2cad33"
      },
      "Fix": {
        "Commit_ID": "24e4972406e74e228a2046b31cc3f4348e45debe",
        "Message": "IDEMPIERE-455 Discover and fix FindBugs problems / Pattern NP_NULL_ON_SOME_PATH (Thanks to Richard Morales)",
        "Fix_location": [
          {
            "File": "NP_NULL_ON_SOME_PATH/files/40/Fix/WBOMDrop.java",
            "Locations": [ "597:13-597:85" ]
          }
        ],
        "API_URL": "https://api.github.com/repos/idempiere/idempiere/commits/24e4972406e74e228a2046b31cc3f4348e45debe",
        "HTML_URL": "https://github.com/idempiere/idempiere/commit/24e4972406e74e228a2046b31cc3f4348e45debe"
      }
    },
    {
      "Entry_ID": "41",
      "Base": {
        "Commit_ID": "e652439bc09082520f251794916c2dfb5c2cad33",
        "Message": "IDEMPIERE-480 Huge bug with FactAcctReset and Automatic Accounting / Fix dup field error on migration script",
        "Bug_location": [
          {
            "File": "NP_NULL_ON_SOME_PATH/files/41/Base/RolePanel.java",
            "Locations": [ "329:9-329:41" ]
          }
        ],
        "API_URL": "https://api.github.com/repos/idempiere/idempiere/commits/e652439bc09082520f251794916c2dfb5c2cad33",
        "HTML_URL": "https://github.com/idempiere/idempiere/commit/e652439bc09082520f251794916c2dfb5c2cad33"
      },
      "Fix": {
        "Commit_ID": "24e4972406e74e228a2046b31cc3f4348e45debe",
        "Message": "IDEMPIERE-455 Discover and fix FindBugs problems / Pattern NP_NULL_ON_SOME_PATH (Thanks to Richard Morales)",
        "Fix_location": [
          {
            "File": "NP_NULL_ON_SOME_PATH/files/41/Fix/RolePanel.java",
            "Locations": [ "329:9-329:66" ]
          }
        ],
        "API_URL": "https://api.github.com/repos/idempiere/idempiere/commits/24e4972406e74e228a2046b31cc3f4348e45debe",
        "HTML_URL": "https://github.com/idempiere/idempiere/commit/24e4972406e74e228a2046b31cc3f4348e45debe"
      }
    },
    {
      "Entry_ID": "42",
      "Base": {
        "Commit_ID": "e652439bc09082520f251794916c2dfb5c2cad33",
        "Message": "IDEMPIERE-480 Huge bug with FactAcctReset and Automatic Accounting / Fix dup field error on migration script",
        "Bug_location": [
          {
            "File": "NP_NULL_ON_SOME_PATH/files/42/Base/ConfigOracle.java",
            "Locations": [ "319:9-319:95" ]
          }
        ],
        "API_URL": "https://api.github.com/repos/idempiere/idempiere/commits/e652439bc09082520f251794916c2dfb5c2cad33",
        "HTML_URL": "https://github.com/idempiere/idempiere/commit/e652439bc09082520f251794916c2dfb5c2cad33"
      },
      "Fix": {
        "Commit_ID": "24e4972406e74e228a2046b31cc3f4348e45debe",
        "Message": "IDEMPIERE-455 Discover and fix FindBugs problems / Pattern NP_NULL_ON_SOME_PATH (Thanks to Richard Morales)",
        "Fix_location": [
          {
            "File": "NP_NULL_ON_SOME_PATH/files/42/Fix/ConfigOracle.java",
            "Locations": [ "319:9-319:125" ]
          }
        ],
        "API_URL": "https://api.github.com/repos/idempiere/idempiere/commits/24e4972406e74e228a2046b31cc3f4348e45debe",
        "HTML_URL": "https://github.com/idempiere/idempiere/commit/24e4972406e74e228a2046b31cc3f4348e45debe"
      }
    },
    {
      "Entry_ID": "43",
      "Base": {
        "Commit_ID": "e652439bc09082520f251794916c2dfb5c2cad33",
        "Message": "IDEMPIERE-480 Huge bug with FactAcctReset and Automatic Accounting / Fix dup field error on migration script",
        "Bug_location": [
          {
            "File": "NP_NULL_ON_SOME_PATH/files/43/Base/ConfigPostgreSQL.java",
            "Locations": [ "104:9-104:95" ]
          }
        ],
        "API_URL": "https://api.github.com/repos/idempiere/idempiere/commits/e652439bc09082520f251794916c2dfb5c2cad33",
        "HTML_URL": "https://github.com/idempiere/idempiere/commit/e652439bc09082520f251794916c2dfb5c2cad33"
      },
      "Fix": {
        "Commit_ID": "24e4972406e74e228a2046b31cc3f4348e45debe",
        "Message": "IDEMPIERE-455 Discover and fix FindBugs problems / Pattern NP_NULL_ON_SOME_PATH (Thanks to Richard Morales)",
        "Fix_location": [
          {
            "File": "NP_NULL_ON_SOME_PATH/files/43/Fix/ConfigPostgreSQL.java",
            "Locations": [ "104:9-104:125" ]
          }
        ],
        "API_URL": "https://api.github.com/repos/idempiere/idempiere/commits/24e4972406e74e228a2046b31cc3f4348e45debe",
        "HTML_URL": "https://github.com/idempiere/idempiere/commit/24e4972406e74e228a2046b31cc3f4348e45debe"
      }
    },
    {
      "Entry_ID": "44",
      "Base": {
        "Commit_ID": "e652439bc09082520f251794916c2dfb5c2cad33",
        "Message": "IDEMPIERE-480 Huge bug with FactAcctReset and Automatic Accounting / Fix dup field error on migration script",
        "Bug_location": [
          {
            "File": "NP_NULL_ON_SOME_PATH/files/44/Base/Convert_PostgreSQL.java",
            "Locations": [ "614:13-614:43" ]
          }
        ],
        "API_URL": "https://api.github.com/repos/idempiere/idempiere/commits/e652439bc09082520f251794916c2dfb5c2cad33",
        "HTML_URL": "https://github.com/idempiere/idempiere/commit/e652439bc09082520f251794916c2dfb5c2cad33"
      },
      "Fix": {
        "Commit_ID": "24e4972406e74e228a2046b31cc3f4348e45debe",
        "Message": "IDEMPIERE-455 Discover and fix FindBugs problems / Pattern NP_NULL_ON_SOME_PATH (Thanks to Richard Morales)",
        "Fix_location": [
          {
            "File": "NP_NULL_ON_SOME_PATH/files/44/Fix/Convert_PostgreSQL.java",
            "Locations": [ "614:13-614:68" ]
          }
        ],
        "API_URL": "https://api.github.com/repos/idempiere/idempiere/commits/24e4972406e74e228a2046b31cc3f4348e45debe",
        "HTML_URL": "https://github.com/idempiere/idempiere/commit/24e4972406e74e228a2046b31cc3f4348e45debe"
      }
    },
    {
      "Entry_ID": "45",
      "Base": {
        "Commit_ID": "e652439bc09082520f251794916c2dfb5c2cad33",
        "Message": "IDEMPIERE-480 Huge bug with FactAcctReset and Automatic Accounting / Fix dup field error on migration script",
        "Bug_location": [
          {
            "File": "NP_NULL_ON_SOME_PATH/files/45/Base/CreateRecord.java",
            "Locations": [ "88:17-88:72" ]
          }
        ],
        "API_URL": "https://api.github.com/repos/idempiere/idempiere/commits/e652439bc09082520f251794916c2dfb5c2cad33",
        "HTML_URL": "https://github.com/idempiere/idempiere/commit/e652439bc09082520f251794916c2dfb5c2cad33"
      },
      "Fix": {
        "Commit_ID": "24e4972406e74e228a2046b31cc3f4348e45debe",
        "Message": "IDEMPIERE-455 Discover and fix FindBugs problems / Pattern NP_NULL_ON_SOME_PATH (Thanks to Richard Morales)",
        "Fix_location": [
          {
            "File": "NP_NULL_ON_SOME_PATH/files/45/Fix/CreateRecord.java",
            "Locations": [ "88:17-88:90" ]
          }
        ],
        "API_URL": "https://api.github.com/repos/idempiere/idempiere/commits/24e4972406e74e228a2046b31cc3f4348e45debe",
        "HTML_URL": "https://github.com/idempiere/idempiere/commit/24e4972406e74e228a2046b31cc3f4348e45debe"
      }
    },
    {
      "Entry_ID": "46",
      "Base": {
        "Commit_ID": "e652439bc09082520f251794916c2dfb5c2cad33",
        "Message": "IDEMPIERE-480 Huge bug with FactAcctReset and Automatic Accounting / Fix dup field error on migration script",
        "Bug_location": [
          {
            "File": "NP_NULL_ON_SOME_PATH/files/46/Base/Login.java",
            "Locations": [ "142:9-142:85" ]
          }
        ],
        "API_URL": "https://api.github.com/repos/idempiere/idempiere/commits/e652439bc09082520f251794916c2dfb5c2cad33",
        "HTML_URL": "https://github.com/idempiere/idempiere/commit/e652439bc09082520f251794916c2dfb5c2cad33"
      },
      "Fix": {
        "Commit_ID": "24e4972406e74e228a2046b31cc3f4348e45debe",
        "Message": "IDEMPIERE-455 Discover and fix FindBugs problems / Pattern NP_NULL_ON_SOME_PATH (Thanks to Richard Morales)",
        "Fix_location": [
          {
            "File": "NP_NULL_ON_SOME_PATH/files/46/Fix/Login.java",
            "Locations": [ "142:9-142:106" ]
          }
        ],
        "API_URL": "https://api.github.com/repos/idempiere/idempiere/commits/24e4972406e74e228a2046b31cc3f4348e45debe",
        "HTML_URL": "https://github.com/idempiere/idempiere/commit/24e4972406e74e228a2046b31cc3f4348e45debe"
      }
    },
    {
      "Entry_ID": "47",
      "Base": {
        "Commit_ID": "e652439bc09082520f251794916c2dfb5c2cad33",
        "Message": "IDEMPIERE-480 Huge bug with FactAcctReset and Automatic Accounting / Fix dup field error on migration script",
        "Bug_location": [
          {
            "File": "NP_NULL_ON_SOME_PATH/files/47/Base/ReadRecord.java",
            "Locations": [ "86:17-86:72" ]
          }
        ],
        "API_URL": "https://api.github.com/repos/idempiere/idempiere/commits/e652439bc09082520f251794916c2dfb5c2cad33",
        "HTML_URL": "https://github.com/idempiere/idempiere/commit/e652439bc09082520f251794916c2dfb5c2cad33"
      },
      "Fix": {
        "Commit_ID": "24e4972406e74e228a2046b31cc3f4348e45debe",
        "Message": "IDEMPIERE-455 Discover and fix FindBugs problems / Pattern NP_NULL_ON_SOME_PATH (Thanks to Richard Morales)",
        "Fix_location": [
          {
            "File": "NP_NULL_ON_SOME_PATH/files/47/Fix/ReadRecord.java",
            "Locations": [ "86:17-86:90" ]
          }
        ],
        "API_URL": "https://api.github.com/repos/idempiere/idempiere/commits/24e4972406e74e228a2046b31cc3f4348e45debe",
        "HTML_URL": "https://github.com/idempiere/idempiere/commit/24e4972406e74e228a2046b31cc3f4348e45debe"
      }
    },
    {
      "Entry_ID": "48",
      "Base": {
        "Commit_ID": "e652439bc09082520f251794916c2dfb5c2cad33",
        "Message": "IDEMPIERE-480 Huge bug with FactAcctReset and Automatic Accounting / Fix dup field error on migration script",
        "Bug_location": [
          {
            "File": "NP_NULL_ON_SOME_PATH/files/48/Base/ADLookup.java",
            "Locations": [ "177:13-177:43", "179:13-179:46" ]
          }
        ],
        "API_URL": "https://api.github.com/repos/idempiere/idempiere/commits/e652439bc09082520f251794916c2dfb5c2cad33",
        "HTML_URL": "https://github.com/idempiere/idempiere/commit/e652439bc09082520f251794916c2dfb5c2cad33"
      },
      "Fix": {
        "Commit_ID": "24e4972406e74e228a2046b31cc3f4348e45debe",
        "Message": "IDEMPIERE-455 Discover and fix FindBugs problems / Pattern NP_NULL_ON_SOME_PATH (Thanks to Richard Morales)",
        "Fix_location": [
          {
            "File": "NP_NULL_ON_SOME_PATH/files/48/Fix/ADLookup.java",
            "Locations": [ "177:13-177:61", "179:13-179:62" ]
          }
        ],
        "API_URL": "https://api.github.com/repos/idempiere/idempiere/commits/24e4972406e74e228a2046b31cc3f4348e45debe",
        "HTML_URL": "https://github.com/idempiere/idempiere/commit/24e4972406e74e228a2046b31cc3f4348e45debe"
      }
    },
    {
      "Entry_ID": "49",
      "Base": {
        "Commit_ID": "e652439bc09082520f251794916c2dfb5c2cad33",
        "Message": "IDEMPIERE-480 Huge bug with FactAcctReset and Automatic Accounting / Fix dup field error on migration script",
        "Bug_location": [
          {
            "File": "NP_NULL_ON_SOME_PATH/files/49/Base/ADServiceImpl.java",
            "Locations": [ "1060:17-1060:49" ]
          }
        ],
        "API_URL": "https://api.github.com/repos/idempiere/idempiere/commits/e652439bc09082520f251794916c2dfb5c2cad33",
        "HTML_URL": "https://github.com/idempiere/idempiere/commit/e652439bc09082520f251794916c2dfb5c2cad33"
      },
      "Fix": {
        "Commit_ID": "24e4972406e74e228a2046b31cc3f4348e45debe",
        "Message": "IDEMPIERE-455 Discover and fix FindBugs problems / Pattern NP_NULL_ON_SOME_PATH (Thanks to Richard Morales)",
        "Fix_location": [
          {
            "File": "NP_NULL_ON_SOME_PATH/files/49/Fix/ADServiceImpl.java",
            "Locations": [ "1060:17-1061:53" ]
          }
        ],
        "API_URL": "https://api.github.com/repos/idempiere/idempiere/commits/24e4972406e74e228a2046b31cc3f4348e45debe",
        "HTML_URL": "https://github.com/idempiere/idempiere/commit/24e4972406e74e228a2046b31cc3f4348e45debe"
      }
    },
    {
      "Entry_ID": "50",
      "Base": {
        "Commit_ID": "29d2b6723c7307b21d506912d02ccc098c99f027",
        "Message": "auto indent",
        "Bug_location": [
          {
            "File": "NP_NULL_ON_SOME_PATH/files/50/Base/DCCppOverTcpPacketizer.java",
            "Locations": [ "221:21-223:22" ]
          }
        ],
        "API_URL": "https://api.github.com/repos/JMRI/JMRI/commits/29d2b6723c7307b21d506912d02ccc098c99f027",
        "HTML_URL": "https://github.com/JMRI/JMRI/commit/29d2b6723c7307b21d506912d02ccc098c99f027"
      },
      "Fix": {
        "Commit_ID": "6c5a8fb5f415b88548b507070370a90b73fa054e",
        "Message": "NP_NULL_ON_SOME_PATH; was issuing error but not ending use of null istreamReader",
        "Fix_location": [
          {
            "File": "NP_NULL_ON_SOME_PATH/files/50/Fix/DCCppOverTcpPacketizer.java",
            "Locations": [ "220:21-223:22" ]
          }
        ],
        "API_URL": "https://api.github.com/repos/JMRI/JMRI/commits/6c5a8fb5f415b88548b507070370a90b73fa054e",
        "HTML_URL": "https://github.com/JMRI/JMRI/commit/6c5a8fb5f415b88548b507070370a90b73fa054e"
      }
    },
    {
      "Entry_ID": "51",
      "Base": {
        "Commit_ID": "afc9965c79031be2bbbda3d69273a5412a9c55c6",
        "Message": "Issue 15869: Check against NPE which can happen in JPA depoyer when non-EE apps are deployed\n\ngit-svn-id: svn+ssh://svn.java.net/glassfish~svn/trunk@46306 6f3ba3e3-413c-0410-a8aa-90bee3ab43b5",
        "Bug_location": [
          {
            "File": "NP_NULL_ON_SOME_PATH/files/51/Base/StandardWrapperValve.java",
            "Locations": [ "248:9-251:10" ]
          }
        ],
        "API_URL": "https://api.github.com/repos/dmatej/Glassfish-SVN-Patched/commits/afc9965c79031be2bbbda3d69273a5412a9c55c6",
        "HTML_URL": "https://github.com/dmatej/Glassfish-SVN-Patched/commit/afc9965c79031be2bbbda3d69273a5412a9c55c6"
      },
      "Fix": {
        "Commit_ID": "9732fc3b601f511f52991eed78e5bce00068a16a",
        "Message": "fix FindBugs issue: NP_NULL_ON_SOME_PATH\n\n\ngit-svn-id: svn+ssh://svn.java.net/glassfish~svn/trunk@46307 6f3ba3e3-413c-0410-a8aa-90bee3ab43b5",
        "Fix_location": [
          {
            "File": "NP_NULL_ON_SOME_PATH/files/51/Fix/StandardWrapperValve.java",
            "Locations": [ "248:9-248:66" ]
          }
        ],
        "API_URL": "https://api.github.com/repos/dmatej/Glassfish-SVN-Patched/commits/9732fc3b601f511f52991eed78e5bce00068a16a",
        "HTML_URL": "https://github.com/dmatej/Glassfish-SVN-Patched/commit/9732fc3b601f511f52991eed78e5bce00068a16a"
      }
    },
    {
      "Entry_ID": "52",
      "Base": {
        "Commit_ID": "8725ba6db84fce34907e5d5ca9e1ed6f6dc68cf3",
        "Message": "filled array values in a smartest way\n\ngit-svn-id: https://svn.apache.org/repos/asf/commons/proper/digester/trunk@1142278 13f79535-47bb-0310-9956-ffa450edef68",
        "Bug_location": [
          {
            "File": "NP_NULL_ON_SOME_PATH/files/52/Base/CallMethodRule.java",
            "Locations": [ "413:9-439:10" ]
          }
        ],
        "API_URL": "https://api.github.com/repos/apache/commons-digester/commits/8725ba6db84fce34907e5d5ca9e1ed6f6dc68cf3",
        "HTML_URL": "https://github.com/apache/commons-digester/commit/8725ba6db84fce34907e5d5ca9e1ed6f6dc68cf3"
      },
      "Fix": {
        "Commit_ID": "25331d1b07599fa48df9d442666db96a69834c40",
        "Message": "fixed NP_NULL_ON_SOME_PATH findbugs error\n\ngit-svn-id: https://svn.apache.org/repos/asf/commons/proper/digester/trunk@1142280 13f79535-47bb-0310-9956-ffa450edef68",
        "Fix_location": [
          {
            "File": "NP_NULL_ON_SOME_PATH/files/52/Fix/CallMethodRule.java",
            "Locations": [ "438:13-438:42" ]
          }
        ],
        "API_URL": "https://api.github.com/repos/apache/commons-digester/commits/25331d1b07599fa48df9d442666db96a69834c40",
        "HTML_URL": "https://github.com/apache/commons-digester/commit/25331d1b07599fa48df9d442666db96a69834c40"
      }
    },
    {
      "Entry_ID": "53",
      "Base": {
        "Commit_ID": "6cde01da926159500877853e5569faa3531f555a",
        "Message": "sonar - fix findbugs:NP_NULL_ON_SOME_PATH_EXCEPTION",
        "Bug_location": [
          {
            "File": "NP_NULL_ON_SOME_PATH/files/53/Base/NotTreatedObjectNameModel.java",
            "Locations": [ "32:9-32:54" ]
          }
        ],
        "API_URL": "https://api.github.com/repos/igloo-project/igloo-parent/commits/6cde01da926159500877853e5569faa3531f555a",
        "HTML_URL": "https://github.com/igloo-project/igloo-parent/commit/6cde01da926159500877853e5569faa3531f555a"
      },
      "Fix": {
        "Commit_ID": "a32d34676e444c89fabe4eea687a4f0f26c28960",
        "Message": "sonar - fix potential NullPointerException findbugs:NP_NULL_ON_SOME_PATH",
        "Fix_location": [
          {
            "File": "NP_NULL_ON_SOME_PATH/files/53/Fix/NotTreatedObjectNameModel.java",
            "Locations": [ "32:9-32:54" ]
          }
        ],
        "API_URL": "https://api.github.com/repos/igloo-project/igloo-parent/commits/a32d34676e444c89fabe4eea687a4f0f26c28960",
        "HTML_URL": "https://github.com/igloo-project/igloo-parent/commit/a32d34676e444c89fabe4eea687a4f0f26c28960"
      }
    },
    {
      "Entry_ID": "54",
      "Base": {
        "Commit_ID": "ab172b88d26cec63737614edb4c18b3d7a9052a1",
        "Message": "fix FindBugs issue: RI_REDUNDANT_INTERFACES\n\nsvn path=/trunk/; revision=45892\n\n\nFormer-commit-id: c46befc3658e94129683ed2b76bea7c96d8ffd6a",
        "Bug_location": [
          {
            "File": "NP_NULL_ON_SOME_PATH/files/54/Base/Registry.java",
            "Locations": [ "432:5-434:6" ]
          }
        ],
        "API_URL": "https://api.github.com/repos/mahairod/catalina/commits/ab172b88d26cec63737614edb4c18b3d7a9052a1",
        "HTML_URL": "https://github.com/mahairod/catalina/commit/ab172b88d26cec63737614edb4c18b3d7a9052a1"
      },
      "Fix": {
        "Commit_ID": "8f9b2a0b11dedaddb6516199084bddad739e2cef",
        "Message": "fix FindBugs issues: NP_NULL_ON_SOME_PATH, DM_NUMBER_CTOR,\n    DM_BOOLEAN_CTOR, ITA_INEFFICIENT_TO_ARRAY\n\nsvn path=/trunk/; revision=45914\n\n\nFormer-commit-id: 918ae87a604fc189fd8ee2a4672a46c805e42741",
        "Fix_location": [
          {
            "File": "NP_NULL_ON_SOME_PATH/files/54/Fix/Registry.java",
            "Locations": [ "432:5-435:6" ]
          }
        ],
        "API_URL": "https://api.github.com/repos/mahairod/catalina/commits/8f9b2a0b11dedaddb6516199084bddad739e2cef",
        "HTML_URL": "https://github.com/mahairod/catalina/commit/8f9b2a0b11dedaddb6516199084bddad739e2cef"
      }
    },
    {
      "Entry_ID": "55",
      "Base": {
        "Commit_ID": "9eb5f266ad7d53137637be6e86d3b682257884c3",
        "Message": "Exclude low priority FindBugs error.\n\n\ngit-svn-id: svn+ssh://svn.java.net/glassfish~svn/trunk@45913 6f3ba3e3-413c-0410-a8aa-90bee3ab43b5",
        "Bug_location": [
          {
            "File": "NP_NULL_ON_SOME_PATH/files/55/Base/Registry.java",
            "Locations": [ "470:5-472:6" ]
          }
        ],
        "API_URL": "https://api.github.com/repos/dmatej/Glassfish-SVN-Patched/commits/9eb5f266ad7d53137637be6e86d3b682257884c3",
        "HTML_URL": "https://github.com/dmatej/Glassfish-SVN-Patched/commit/9eb5f266ad7d53137637be6e86d3b682257884c3"
      },
      "Fix": {
        "Commit_ID": "a9ab182937643019ae500a2ca4b3e3e08f641ec0",
        "Message": "fix FindBugs issues: NP_NULL_ON_SOME_PATH, DM_NUMBER_CTOR,\n    DM_BOOLEAN_CTOR, ITA_INEFFICIENT_TO_ARRAY\n\n\ngit-svn-id: svn+ssh://svn.java.net/glassfish~svn/trunk@45914 6f3ba3e3-413c-0410-a8aa-90bee3ab43b5",
        "Fix_location": [
          {
            "File": "NP_NULL_ON_SOME_PATH/files/55/Fix/Registry.java",
            "Locations": [ "470:5-473:6" ]
          }
        ],
        "API_URL": "https://api.github.com/repos/dmatej/Glassfish-SVN-Patched/commits/a9ab182937643019ae500a2ca4b3e3e08f641ec0",
        "HTML_URL": "https://github.com/dmatej/Glassfish-SVN-Patched/commit/a9ab182937643019ae500a2ca4b3e3e08f641ec0"
      }
    },
    {
      "Entry_ID": "56",
      "Base": {
        "Commit_ID": "c17e792ffca969baa74fcec450736262df325bd6",
        "Message": "- Changed status/changes xdocs/xslt, to link to the bug entry\n  todo at the bottom of status was out of date anyway\n- references to changes-v13.dtd results in a processing error in forest 0.5, so removed it and any references to it\n\n\ngit-svn-id: https://svn.apache.org/repos/asf/poi/trunk@1568757 13f79535-47bb-0310-9956-ffa450edef68",
        "Bug_location": [
          {
            "File": "NP_NULL_ON_SOME_PATH/files/56/Base/BaseNumberUtils.java",
            "Locations": [ "28:9-28:50" ]
          }
        ],
        "API_URL": "https://api.github.com/repos/apache/poi/commits/c17e792ffca969baa74fcec450736262df325bd6",
        "HTML_URL": "https://github.com/apache/poi/commit/c17e792ffca969baa74fcec450736262df325bd6"
      },
      "Fix": {
        "Commit_ID": "019f40493b0803f6cfd804ac72f21416a78c3c2d",
        "Message": "FindBugs fix\n- fixed/checked various null pointer related entries\n- see http://findbugs.sourceforge.net/bugDescriptions.html#NP_NULL_PARAM_DEREF\n- ... NP_NULL_ON_SOME_PATH, NP_NULL_ON_SOME_PATH_EXCEPTION\n\n\ngit-svn-id: https://svn.apache.org/repos/asf/poi/trunk@1568789 13f79535-47bb-0310-9956-ffa450edef68",
        "Fix_location": [
          {
            "File": "NP_NULL_ON_SOME_PATH/files/56/Fix/BaseNumberUtils.java",
            "Locations": [ "28:9-28:50" ]
          }
        ],
        "API_URL": "https://api.github.com/repos/apache/poi/commits/019f40493b0803f6cfd804ac72f21416a78c3c2d",
        "HTML_URL": "https://github.com/apache/poi/commit/019f40493b0803f6cfd804ac72f21416a78c3c2d"
      }
    },
    {
      "Entry_ID": "57",
      "Base": {
        "Commit_ID": "c17e792ffca969baa74fcec450736262df325bd6",
        "Message": "- Changed status/changes xdocs/xslt, to link to the bug entry\n  todo at the bottom of status was out of date anyway\n- references to changes-v13.dtd results in a processing error in forest 0.5, so removed it and any references to it\n\n\ngit-svn-id: https://svn.apache.org/repos/asf/poi/trunk@1568757 13f79535-47bb-0310-9956-ffa450edef68",
        "Bug_location": [
          {
            "File": "NP_NULL_ON_SOME_PATH/files/57/Base/ColumnHelper.java",
            "Locations": [ "58:9-64:10" ]
          }
        ],
        "API_URL": "https://api.github.com/repos/apache/poi/commits/c17e792ffca969baa74fcec450736262df325bd6",
        "HTML_URL": "https://github.com/apache/poi/commit/c17e792ffca969baa74fcec450736262df325bd6"
      },
      "Fix": {
        "Commit_ID": "019f40493b0803f6cfd804ac72f21416a78c3c2d",
        "Message": "FindBugs fix\n- fixed/checked various null pointer related entries\n- see http://findbugs.sourceforge.net/bugDescriptions.html#NP_NULL_PARAM_DEREF\n- ... NP_NULL_ON_SOME_PATH, NP_NULL_ON_SOME_PATH_EXCEPTION\n\n\ngit-svn-id: https://svn.apache.org/repos/asf/poi/trunk@1568789 13f79535-47bb-0310-9956-ffa450edef68",
        "Fix_location": [
          {
            "File": "NP_NULL_ON_SOME_PATH/files/57/Fix/ColumnHelper.java",
            "Locations": [ "58:9-66:10" ]
          }
        ],
        "API_URL": "https://api.github.com/repos/apache/poi/commits/019f40493b0803f6cfd804ac72f21416a78c3c2d",
        "HTML_URL": "https://github.com/apache/poi/commit/019f40493b0803f6cfd804ac72f21416a78c3c2d"
      }
    },
    {
      "Entry_ID": "58",
      "Base": {
        "Commit_ID": "c17e792ffca969baa74fcec450736262df325bd6",
        "Message": "- Changed status/changes xdocs/xslt, to link to the bug entry\n  todo at the bottom of status was out of date anyway\n- references to changes-v13.dtd results in a processing error in forest 0.5, so removed it and any references to it\n\n\ngit-svn-id: https://svn.apache.org/repos/asf/poi/trunk@1568757 13f79535-47bb-0310-9956-ffa450edef68",
        "Bug_location": [
          {
            "File": "NP_NULL_ON_SOME_PATH/files/58/Base/XWPFDocument.java",
            "Locations": [ "1159:21-1159:34" ]
          }
        ],
        "API_URL": "https://api.github.com/repos/apache/poi/commits/c17e792ffca969baa74fcec450736262df325bd6",
        "HTML_URL": "https://github.com/apache/poi/commit/c17e792ffca969baa74fcec450736262df325bd6"
      },
      "Fix": {
        "Commit_ID": "019f40493b0803f6cfd804ac72f21416a78c3c2d",
        "Message": "FindBugs fix\n- fixed/checked various null pointer related entries\n- see http://findbugs.sourceforge.net/bugDescriptions.html#NP_NULL_PARAM_DEREF\n- ... NP_NULL_ON_SOME_PATH, NP_NULL_ON_SOME_PATH_EXCEPTION\n\n\ngit-svn-id: https://svn.apache.org/repos/asf/poi/trunk@1568789 13f79535-47bb-0310-9956-ffa450edef68",
        "Fix_location": [
          {
            "File": "NP_NULL_ON_SOME_PATH/files/58/Fix/XWPFDocument.java",
            "Locations": [ "1159:21-1159:50" ]
          }
        ],
        "API_URL": "https://api.github.com/repos/apache/poi/commits/019f40493b0803f6cfd804ac72f21416a78c3c2d",
        "HTML_URL": "https://github.com/apache/poi/commit/019f40493b0803f6cfd804ac72f21416a78c3c2d"
      }
    },
    {
      "Entry_ID": "59",
      "Base": {
        "Commit_ID": "c17e792ffca969baa74fcec450736262df325bd6",
        "Message": "- Changed status/changes xdocs/xslt, to link to the bug entry\n  todo at the bottom of status was out of date anyway\n- references to changes-v13.dtd results in a processing error in forest 0.5, so removed it and any references to it\n\n\ngit-svn-id: https://svn.apache.org/repos/asf/poi/trunk@1568757 13f79535-47bb-0310-9956-ffa450edef68",
        "Bug_location": [
          {
            "File": "NP_NULL_ON_SOME_PATH/files/59/Base/XWPFHeaderFooter.java",
            "Locations": [ "260:21-260:34" ]
          }
        ],
        "API_URL": "https://api.github.com/repos/apache/poi/commits/c17e792ffca969baa74fcec450736262df325bd6",
        "HTML_URL": "https://github.com/apache/poi/commit/c17e792ffca969baa74fcec450736262df325bd6"
      },
      "Fix": {
        "Commit_ID": "019f40493b0803f6cfd804ac72f21416a78c3c2d",
        "Message": "FindBugs fix\n- fixed/checked various null pointer related entries\n- see http://findbugs.sourceforge.net/bugDescriptions.html#NP_NULL_PARAM_DEREF\n- ... NP_NULL_ON_SOME_PATH, NP_NULL_ON_SOME_PATH_EXCEPTION\n\n\ngit-svn-id: https://svn.apache.org/repos/asf/poi/trunk@1568789 13f79535-47bb-0310-9956-ffa450edef68",
        "Fix_location": [
          {
            "File": "NP_NULL_ON_SOME_PATH/files/59/Fix/XWPFHeaderFooter.java",
            "Locations": [ "260:21-260:50" ]
          }
        ],
        "API_URL": "https://api.github.com/repos/apache/poi/commits/019f40493b0803f6cfd804ac72f21416a78c3c2d",
        "HTML_URL": "https://github.com/apache/poi/commit/019f40493b0803f6cfd804ac72f21416a78c3c2d"
      }
    },
    {
      "Entry_ID": "60",
      "Base": {
        "Commit_ID": "c17e792ffca969baa74fcec450736262df325bd6",
        "Message": "- Changed status/changes xdocs/xslt, to link to the bug entry\n  todo at the bottom of status was out of date anyway\n- references to changes-v13.dtd results in a processing error in forest 0.5, so removed it and any references to it\n\n\ngit-svn-id: https://svn.apache.org/repos/asf/poi/trunk@1568757 13f79535-47bb-0310-9956-ffa450edef68",
        "Bug_location": [
          {
            "File": "NP_NULL_ON_SOME_PATH/files/60/Base/XWPFPictureData.java",
            "Locations": [ "163:21-163:34" ]
          }
        ],
        "API_URL": "https://api.github.com/repos/apache/poi/commits/c17e792ffca969baa74fcec450736262df325bd6",
        "HTML_URL": "https://github.com/apache/poi/commit/c17e792ffca969baa74fcec450736262df325bd6"
      },
      "Fix": {
        "Commit_ID": "019f40493b0803f6cfd804ac72f21416a78c3c2d",
        "Message": "FindBugs fix\n- fixed/checked various null pointer related entries\n- see http://findbugs.sourceforge.net/bugDescriptions.html#NP_NULL_PARAM_DEREF\n- ... NP_NULL_ON_SOME_PATH, NP_NULL_ON_SOME_PATH_EXCEPTION\n\n\ngit-svn-id: https://svn.apache.org/repos/asf/poi/trunk@1568789 13f79535-47bb-0310-9956-ffa450edef68",
        "Fix_location": [
          {
            "File": "NP_NULL_ON_SOME_PATH/files/60/Fix/XWPFPictureData.java",
            "Locations": [ "163:21-163:50" ]
          }
        ],
        "API_URL": "https://api.github.com/repos/apache/poi/commits/019f40493b0803f6cfd804ac72f21416a78c3c2d",
        "HTML_URL": "https://github.com/apache/poi/commit/019f40493b0803f6cfd804ac72f21416a78c3c2d"
      }
    },
    {
      "Entry_ID": "61",
      "Base": {
        "Commit_ID": "c17e792ffca969baa74fcec450736262df325bd6",
        "Message": "- Changed status/changes xdocs/xslt, to link to the bug entry\n  todo at the bottom of status was out of date anyway\n- references to changes-v13.dtd results in a processing error in forest 0.5, so removed it and any references to it\n\n\ngit-svn-id: https://svn.apache.org/repos/asf/poi/trunk@1568757 13f79535-47bb-0310-9956-ffa450edef68",
        "Bug_location": [
          {
            "File": "NP_NULL_ON_SOME_PATH/files/61/Base/SectionProperties.java",
            "Locations": [ "65:17-65:44" ]
          }
        ],
        "API_URL": "https://api.github.com/repos/apache/poi/commits/c17e792ffca969baa74fcec450736262df325bd6",
        "HTML_URL": "https://github.com/apache/poi/commit/c17e792ffca969baa74fcec450736262df325bd6"
      },
      "Fix": {
        "Commit_ID": "019f40493b0803f6cfd804ac72f21416a78c3c2d",
        "Message": "FindBugs fix\n- fixed/checked various null pointer related entries\n- see http://findbugs.sourceforge.net/bugDescriptions.html#NP_NULL_PARAM_DEREF\n- ... NP_NULL_ON_SOME_PATH, NP_NULL_ON_SOME_PATH_EXCEPTION\n\n\ngit-svn-id: https://svn.apache.org/repos/asf/poi/trunk@1568789 13f79535-47bb-0310-9956-ffa450edef68",
        "Fix_location": [
          {
            "File": "NP_NULL_ON_SOME_PATH/files/61/Fix/SectionProperties.java",
            "Locations": [ "65:17-65:76" ]
          }
        ],
        "API_URL": "https://api.github.com/repos/apache/poi/commits/019f40493b0803f6cfd804ac72f21416a78c3c2d",
        "HTML_URL": "https://github.com/apache/poi/commit/019f40493b0803f6cfd804ac72f21416a78c3c2d"
      }
    },
    {
      "Entry_ID": "62",
      "Base": {
        "Commit_ID": "26c569d1739ee2f207f1a899f2056fffd2695831",
        "Message": "[DCMEEREQ-1100] MemoryOrFileSpooler fails when parsing dicom",
        "Bug_location": [
          {
            "File": "NP_NULL_ON_SOME_PATH/files/62/Base/CStoreSCUImpl.java",
            "Locations": [ "159:5-159:83", "209:21-209:67" ]
          }
        ],
        "API_URL": "https://api.github.com/repos/dcm4che/dcm4chee-arc-cdi/commits/26c569d1739ee2f207f1a899f2056fffd2695831",
        "HTML_URL": "https://github.com/dcm4che/dcm4chee-arc-cdi/commit/26c569d1739ee2f207f1a899f2056fffd2695831"
      },
      "Fix": {
        "Commit_ID": "ea25afc6a8906f88759ff60a2158193f2ebc40f9",
        "Message": "fix: SonarQube  findbugs:NP_NULL_ON_SOME_PATH : Possible null pointer dereference of inst",
        "Fix_location": [
          {
            "File": "NP_NULL_ON_SOME_PATH/files/62/Fix/CStoreSCUImpl.java",
            "Locations": [ "159:5-159:94", "209:21-209:89" ]
          }
        ],
        "API_URL": "https://api.github.com/repos/dcm4che/dcm4chee-arc-cdi/commits/ea25afc6a8906f88759ff60a2158193f2ebc40f9",
        "HTML_URL": "https://github.com/dcm4che/dcm4chee-arc-cdi/commit/ea25afc6a8906f88759ff60a2158193f2ebc40f9"
      }
    },
    {
      "Entry_ID": "63",
      "Base": {
        "Commit_ID": "cc8c842bd630dadc3670469fba283cd8f0b0e803",
        "Message": "Remove help button (? icon) from wizards\n\nMost EGit wizards showed a help button that was unusable, i.e. did\nnot link to documentation. This patch removes the help buttons.\n\nChange-Id: I425b1698b48dcc180e0e3967038543c2981e3394\nSigned-off-by: Philipp Thun <philipp.thun@sap.com>\nSigned-off-by: Matthias Sohn <matthias.sohn@sap.com>",
        "Bug_location": [
          {
            "File": "NP_NULL_ON_SOME_PATH/files/63/Base/TestUtil.java",
            "Locations": [ "68:5-99:6" ]
          }
        ],
        "API_URL": "https://api.github.com/repos/loetscher/egit/commits/cc8c842bd630dadc3670469fba283cd8f0b0e803",
        "HTML_URL": "https://github.com/loetscher/egit/commit/cc8c842bd630dadc3670469fba283cd8f0b0e803"
      },
      "Fix": {
        "Commit_ID": "dbaded0a30bd624d79e21c5b512de67fbe199d9b",
        "Message": "[findbugs] Fix possible NPE in TestUtil\n\nFixes bug reported by FindBugs:\nBug: Possible null pointer dereference of TestUtil.myBundle\nPattern id: NP_NULL_ON_SOME_PATH, type: NP, category: CORRECTNESS\n\nChange-Id: I03a584ec3d227fc26d898054a80e0120ac40938c\nSigned-off-by: Matthias Sohn <matthias.sohn@sap.com>",
        "Fix_location": [
          {
            "File": "NP_NULL_ON_SOME_PATH/files/63/Fix/TestUtil.java",
            "Locations": [ "68:5-101:6" ]
          }
        ],
        "API_URL": "https://api.github.com/repos/loetscher/egit/commits/dbaded0a30bd624d79e21c5b512de67fbe199d9b",
        "HTML_URL": "https://github.com/loetscher/egit/commit/dbaded0a30bd624d79e21c5b512de67fbe199d9b"
      }
    },
    {
      "Entry_ID": "64",
      "Base": {
        "Commit_ID": "5f1723f373f73c2d9ebfebb4b8eeb6fa27e75e62",
        "Message": "fixed findbugs SE_INNER_CLASS bad practice violation: org.apache.commons.functor.XXX$Helper is serializable and an inner class\n\ngit-svn-id: https://svn.apache.org/repos/asf/commons/sandbox/functor/trunk@1155555 13f79535-47bb-0310-9956-ffa450edef68",
        "Bug_location": [
          {
            "File": "NP_NULL_ON_SOME_PATH/files/64/Base/IsEquivalent.java",
            "Locations": [ "92:5-94:6" ]
          }
        ],
        "API_URL": "https://api.github.com/repos/apache/commons-functor/commits/5f1723f373f73c2d9ebfebb4b8eeb6fa27e75e62",
        "HTML_URL": "https://github.com/apache/commons-functor/commit/5f1723f373f73c2d9ebfebb4b8eeb6fa27e75e62"
      },
      "Fix": {
        "Commit_ID": "d4cdc442aefa148917b0fc55291e1acd8eb1997f",
        "Message": "fixed checkstyle NP_NULL_ON_SOME_PATH violation: There is a branch of statement that, if executed, guarantees that a null value will be dereferenced, which would generate a NullPointerException when the code is executed.\n\ngit-svn-id: https://svn.apache.org/repos/asf/commons/sandbox/functor/trunk@1155559 13f79535-47bb-0310-9956-ffa450edef68",
        "Fix_location": [
          {
            "File": "NP_NULL_ON_SOME_PATH/files/64/Fix/IsEquivalent.java",
            "Locations": [ "92:5-100:6" ]
          }
        ],
        "API_URL": "https://api.github.com/repos/apache/commons-functor/commits/d4cdc442aefa148917b0fc55291e1acd8eb1997f",
        "HTML_URL": "https://github.com/apache/commons-functor/commit/d4cdc442aefa148917b0fc55291e1acd8eb1997f"
      }
    },
    {
      "Entry_ID": "65",
      "Base": {
        "Commit_ID": "5f1723f373f73c2d9ebfebb4b8eeb6fa27e75e62",
        "Message": "fixed findbugs SE_INNER_CLASS bad practice violation: org.apache.commons.functor.XXX$Helper is serializable and an inner class\n\ngit-svn-id: https://svn.apache.org/repos/asf/commons/sandbox/functor/trunk@1155555 13f79535-47bb-0310-9956-ffa450edef68",
        "Bug_location": [
          {
            "File": "NP_NULL_ON_SOME_PATH/files/65/Base/IsGreaterThan.java",
            "Locations": [ "90:5-92:6" ]
          }
        ],
        "API_URL": "https://api.github.com/repos/apache/commons-functor/commits/5f1723f373f73c2d9ebfebb4b8eeb6fa27e75e62",
        "HTML_URL": "https://github.com/apache/commons-functor/commit/5f1723f373f73c2d9ebfebb4b8eeb6fa27e75e62"
      },
      "Fix": {
        "Commit_ID": "d4cdc442aefa148917b0fc55291e1acd8eb1997f",
        "Message": "fixed checkstyle NP_NULL_ON_SOME_PATH violation: There is a branch of statement that, if executed, guarantees that a null value will be dereferenced, which would generate a NullPointerException when the code is executed.\n\ngit-svn-id: https://svn.apache.org/repos/asf/commons/sandbox/functor/trunk@1155559 13f79535-47bb-0310-9956-ffa450edef68",
        "Fix_location": [
          {
            "File": "NP_NULL_ON_SOME_PATH/files/65/Fix/IsGreaterThan.java",
            "Locations": [ "90:5-98:6" ]
          }
        ],
        "API_URL": "https://api.github.com/repos/apache/commons-functor/commits/d4cdc442aefa148917b0fc55291e1acd8eb1997f",
        "HTML_URL": "https://github.com/apache/commons-functor/commit/d4cdc442aefa148917b0fc55291e1acd8eb1997f"
      }
    },
    {
      "Entry_ID": "66",
      "Base": {
        "Commit_ID": "5f1723f373f73c2d9ebfebb4b8eeb6fa27e75e62",
        "Message": "fixed findbugs SE_INNER_CLASS bad practice violation: org.apache.commons.functor.XXX$Helper is serializable and an inner class\n\ngit-svn-id: https://svn.apache.org/repos/asf/commons/sandbox/functor/trunk@1155555 13f79535-47bb-0310-9956-ffa450edef68",
        "Bug_location": [
          {
            "File": "NP_NULL_ON_SOME_PATH/files/66/Base/IsGreaterThanOrEqual.java",
            "Locations": [ "91:5-93:6" ]
          }
        ],
        "API_URL": "https://api.github.com/repos/apache/commons-functor/commits/5f1723f373f73c2d9ebfebb4b8eeb6fa27e75e62",
        "HTML_URL": "https://github.com/apache/commons-functor/commit/5f1723f373f73c2d9ebfebb4b8eeb6fa27e75e62"
      },
      "Fix": {
        "Commit_ID": "d4cdc442aefa148917b0fc55291e1acd8eb1997f",
        "Message": "fixed checkstyle NP_NULL_ON_SOME_PATH violation: There is a branch of statement that, if executed, guarantees that a null value will be dereferenced, which would generate a NullPointerException when the code is executed.\n\ngit-svn-id: https://svn.apache.org/repos/asf/commons/sandbox/functor/trunk@1155559 13f79535-47bb-0310-9956-ffa450edef68",
        "Fix_location": [
          {
            "File": "NP_NULL_ON_SOME_PATH/files/66/Fix/IsGreaterThanOrEqual.java",
            "Locations": [ "91:5-99:6" ]
          }
        ],
        "API_URL": "https://api.github.com/repos/apache/commons-functor/commits/d4cdc442aefa148917b0fc55291e1acd8eb1997f",
        "HTML_URL": "https://github.com/apache/commons-functor/commit/d4cdc442aefa148917b0fc55291e1acd8eb1997f"
      }
    },
    {
      "Entry_ID": "67",
      "Base": {
        "Commit_ID": "5f1723f373f73c2d9ebfebb4b8eeb6fa27e75e62",
        "Message": "fixed findbugs SE_INNER_CLASS bad practice violation: org.apache.commons.functor.XXX$Helper is serializable and an inner class\n\ngit-svn-id: https://svn.apache.org/repos/asf/commons/sandbox/functor/trunk@1155555 13f79535-47bb-0310-9956-ffa450edef68",
        "Bug_location": [
          {
            "File": "NP_NULL_ON_SOME_PATH/files/67/Base/IsLessThan.java",
            "Locations": [ "90:5-92:6" ]
          }
        ],
        "API_URL": "https://api.github.com/repos/apache/commons-functor/commits/5f1723f373f73c2d9ebfebb4b8eeb6fa27e75e62",
        "HTML_URL": "https://github.com/apache/commons-functor/commit/5f1723f373f73c2d9ebfebb4b8eeb6fa27e75e62"
      },
      "Fix": {
        "Commit_ID": "d4cdc442aefa148917b0fc55291e1acd8eb1997f",
        "Message": "fixed checkstyle NP_NULL_ON_SOME_PATH violation: There is a branch of statement that, if executed, guarantees that a null value will be dereferenced, which would generate a NullPointerException when the code is executed.\n\ngit-svn-id: https://svn.apache.org/repos/asf/commons/sandbox/functor/trunk@1155559 13f79535-47bb-0310-9956-ffa450edef68",
        "Fix_location": [
          {
            "File": "NP_NULL_ON_SOME_PATH/files/67/Fix/IsLessThan.java",
            "Locations": [ "90:5-98:6" ]
          }
        ],
        "API_URL": "https://api.github.com/repos/apache/commons-functor/commits/d4cdc442aefa148917b0fc55291e1acd8eb1997f",
        "HTML_URL": "https://github.com/apache/commons-functor/commit/d4cdc442aefa148917b0fc55291e1acd8eb1997f"
      }
    },
    {
      "Entry_ID": "68",
      "Base": {
        "Commit_ID": "5f1723f373f73c2d9ebfebb4b8eeb6fa27e75e62",
        "Message": "fixed findbugs SE_INNER_CLASS bad practice violation: org.apache.commons.functor.XXX$Helper is serializable and an inner class\n\ngit-svn-id: https://svn.apache.org/repos/asf/commons/sandbox/functor/trunk@1155555 13f79535-47bb-0310-9956-ffa450edef68",
        "Bug_location": [
          {
            "File": "NP_NULL_ON_SOME_PATH/files/68/Base/IsLessThanOrEqual.java",
            "Locations": [ "90:5-92:6" ]
          }
        ],
        "API_URL": "https://api.github.com/repos/apache/commons-functor/commits/5f1723f373f73c2d9ebfebb4b8eeb6fa27e75e62",
        "HTML_URL": "https://github.com/apache/commons-functor/commit/5f1723f373f73c2d9ebfebb4b8eeb6fa27e75e62"
      },
      "Fix": {
        "Commit_ID": "d4cdc442aefa148917b0fc55291e1acd8eb1997f",
        "Message": "fixed checkstyle NP_NULL_ON_SOME_PATH violation: There is a branch of statement that, if executed, guarantees that a null value will be dereferenced, which would generate a NullPointerException when the code is executed.\n\ngit-svn-id: https://svn.apache.org/repos/asf/commons/sandbox/functor/trunk@1155559 13f79535-47bb-0310-9956-ffa450edef68",
        "Fix_location": [
          {
            "File": "NP_NULL_ON_SOME_PATH/files/68/Fix/IsLessThanOrEqual.java",
            "Locations": [ "90:5-98:6" ]
          }
        ],
        "API_URL": "https://api.github.com/repos/apache/commons-functor/commits/d4cdc442aefa148917b0fc55291e1acd8eb1997f",
        "HTML_URL": "https://github.com/apache/commons-functor/commit/d4cdc442aefa148917b0fc55291e1acd8eb1997f"
      }
    },
    {
      "Entry_ID": "69",
      "Base": {
        "Commit_ID": "5f1723f373f73c2d9ebfebb4b8eeb6fa27e75e62",
        "Message": "fixed findbugs SE_INNER_CLASS bad practice violation: org.apache.commons.functor.XXX$Helper is serializable and an inner class\n\ngit-svn-id: https://svn.apache.org/repos/asf/commons/sandbox/functor/trunk@1155555 13f79535-47bb-0310-9956-ffa450edef68",
        "Bug_location": [
          {
            "File": "NP_NULL_ON_SOME_PATH/files/69/Base/IsNotEquivalent.java",
            "Locations": [ "92:5-94:6" ]
          }
        ],
        "API_URL": "https://api.github.com/repos/apache/commons-functor/commits/5f1723f373f73c2d9ebfebb4b8eeb6fa27e75e62",
        "HTML_URL": "https://github.com/apache/commons-functor/commit/5f1723f373f73c2d9ebfebb4b8eeb6fa27e75e62"
      },
      "Fix": {
        "Commit_ID": "d4cdc442aefa148917b0fc55291e1acd8eb1997f",
        "Message": "fixed checkstyle NP_NULL_ON_SOME_PATH violation: There is a branch of statement that, if executed, guarantees that a null value will be dereferenced, which would generate a NullPointerException when the code is executed.\n\ngit-svn-id: https://svn.apache.org/repos/asf/commons/sandbox/functor/trunk@1155559 13f79535-47bb-0310-9956-ffa450edef68",
        "Fix_location": [
          {
            "File": "NP_NULL_ON_SOME_PATH/files/69/Fix/IsNotEquivalent.java",
            "Locations": [ "92:5-100:6" ]
          }
        ],
        "API_URL": "https://api.github.com/repos/apache/commons-functor/commits/d4cdc442aefa148917b0fc55291e1acd8eb1997f",
        "HTML_URL": "https://github.com/apache/commons-functor/commit/d4cdc442aefa148917b0fc55291e1acd8eb1997f"
      }
    }
  ]
}