{
  "Spotbugs_id": "NP_NULL_PARAM_DEREF_NONVIRTUAL",
  "Spotbugs_name": "NP: Non-virtual method call passes null for non-null parameter",
  "Entries": [
    {
      "Entry_ID": "1",
      "Base": {
        "Commit_ID": "fbfa34bb37c72d221751b06bfa90cc24b7dbfe7a",
        "Message": "cleanup",
        "Bug_location": [
          {
            "File": "NP_NULL_PARAM_DEREF_NONVIRTUAL/files/1/Base/SerialDriverAdapter.java",
            "Locations": [ "28:9-28:21" ]
          }
        ],
        "API_URL": "https://api.github.com/repos/JMRI/JMRI/commits/fbfa34bb37c72d221751b06bfa90cc24b7dbfe7a",
        "HTML_URL": "https://github.com/JMRI/JMRI/commit/fbfa34bb37c72d221751b06bfa90cc24b7dbfe7a"
      },
      "Fix": {
        "Commit_ID": "8beb00dc516ff8be41159cd8aeaa2bc2d30ce012",
        "Message": "NP_NULL_PARAM_DEREF_NONVIRTUAL",
        "Fix_location": [
          {
            "File": "NP_NULL_PARAM_DEREF_NONVIRTUAL/files/1/Fix/SerialDriverAdapter.java",
            "Locations": [ "30:9-30:52" ]
          }
        ],
        "API_URL": "https://api.github.com/repos/JMRI/JMRI/commits/8beb00dc516ff8be41159cd8aeaa2bc2d30ce012",
        "HTML_URL": "https://github.com/JMRI/JMRI/commit/8beb00dc516ff8be41159cd8aeaa2bc2d30ce012"
      }
    },
    {
      "Entry_ID": "2",
      "Base": {
        "Commit_ID": "26b32141a821fe8dcfa7b17847890b085398a0e9",
        "Message": "Findbugs : Fixes for several findings\n\nMade a comment on the use of ConcurrentHashMap for _agent\nConflicts:\n\tengine/orchestration/src/com/cloud/vm/VirtualMachineManagerImpl.java",
        "Bug_location": [
          {
            "File": "NP_NULL_PARAM_DEREF_NONVIRTUAL/files/2/Base/SetStaticRouteAnswer.java",
            "Locations": [ "27:5-35:6" ]
          }
        ],
        "API_URL": "https://api.github.com/repos/Seifje/StorageTagAPI/commits/26b32141a821fe8dcfa7b17847890b085398a0e9",
        "HTML_URL": "https://github.com/Seifje/StorageTagAPI/commit/26b32141a821fe8dcfa7b17847890b085398a0e9"
      },
      "Fix": {
        "Commit_ID": "091694ceb2a546860f3259d9d562601790ee4e8b",
        "Message": "Findbugs : NP_NULL_PARAM_DEREF_NONVIRTUAL fixed",
        "Fix_location": [
          {
            "File": "NP_NULL_PARAM_DEREF_NONVIRTUAL/files/2/Fix/SetStaticRouteAnswer.java",
            "Locations": [ "29:5-42:6" ]
          }
        ],
        "API_URL": "https://api.github.com/repos/Seifje/StorageTagAPI/commits/091694ceb2a546860f3259d9d562601790ee4e8b",
        "HTML_URL": "https://github.com/Seifje/StorageTagAPI/commit/091694ceb2a546860f3259d9d562601790ee4e8b"
      }
    },
    {
      "Entry_ID": "3",
      "Base": {
        "Commit_ID": "375832ef8375930975694a3f138d948fd17db846",
        "Message": "+ [trunk] commit performance updates related to the issue #1310\nhttp://java.net/jira/browse/GRIZZLY-1310\n\"Investigate HTTP performance regression\"",
        "Bug_location": [
          {
            "File": "NP_NULL_PARAM_DEREF_NONVIRTUAL/files/3/Base/AbstractNIOAsyncQueueWriter.java",
            "Locations": [ "194:13-195:60" ]
          }
        ],
        "API_URL": "https://api.github.com/repos/crashd/grizzly/commits/375832ef8375930975694a3f138d948fd17db846",
        "HTML_URL": "https://github.com/crashd/grizzly/commit/375832ef8375930975694a3f138d948fd17db846"
      },
      "Fix": {
        "Commit_ID": "662cb8599ddee2162fb516f5d5bea34cf80d40d0",
        "Message": "+ [trunk] fix findbugs errors:\n- AbstractNIOAsyncQueueWriter.java, Line: 261, Type: NP_NULL_PARAM_DEREF_NONVIRTUAL, Priority: Normal\n- ApplicationDispatcher.java, Line: 799, Type: NP_NULL_PARAM_DEREF, Priority: Normal",
        "Fix_location": [
          {
            "File": "NP_NULL_PARAM_DEREF_NONVIRTUAL/files/3/Fix/AbstractNIOAsyncQueueWriter.java",
            "Locations": [ "194:13-194:78" ]
          }
        ],
        "API_URL": "https://api.github.com/repos/crashd/grizzly/commits/662cb8599ddee2162fb516f5d5bea34cf80d40d0",
        "HTML_URL": "https://github.com/crashd/grizzly/commit/662cb8599ddee2162fb516f5d5bea34cf80d40d0"
      }
    },
    {
      "Entry_ID": "4",
      "Base": {
        "Commit_ID": "78f5a086e99bfedb535e20b16758516efa4a6fb6",
        "Message": "fix findbugs RV_ABSOLUTE_VALUE_OF_RANDOM_INT\n\ngit-svn-id: https://svn.exedio.com/cope/persistence/trunk@24363 e7d4fc99-c606-0410-b9bf-843393a9eab7",
        "Bug_location": [
          {
            "File": "NP_NULL_PARAM_DEREF_NONVIRTUAL/files/4/Base/Wrapper.java",
            "Locations": [ "198:9-198:53" ]
          }
        ],
        "API_URL": "https://api.github.com/repos/exedio/persistence/commits/78f5a086e99bfedb535e20b16758516efa4a6fb6",
        "HTML_URL": "https://github.com/exedio/persistence/commit/78f5a086e99bfedb535e20b16758516efa4a6fb6"
      },
      "Fix": {
        "Commit_ID": "b16aea56263715ee0d2155eb4a2e2c2c6c902f35",
        "Message": "fix findbugs NP_NULL_PARAM_DEREF_NONVIRTUAL\n\ngit-svn-id: https://svn.exedio.com/cope/persistence/trunk@24364 e7d4fc99-c606-0410-b9bf-843393a9eab7",
        "Fix_location": [
          {
            "File": "NP_NULL_PARAM_DEREF_NONVIRTUAL/files/4/Fix/Wrapper.java",
            "Locations": [ "198:9-198:63" ]
          }
        ],
        "API_URL": "https://api.github.com/repos/exedio/persistence/commits/b16aea56263715ee0d2155eb4a2e2c2c6c902f35",
        "HTML_URL": "https://github.com/exedio/persistence/commit/b16aea56263715ee0d2155eb4a2e2c2c6c902f35"
      }
    }
  ]
}