{
  "Spotbugs_id": "XSS_REQUEST_PARAMETER_TO_SERVLET_WRITER",
  "Spotbugs_name": "XSS: Servlet reflected cross site scripting vulnerability",
  "Entries": [{
    "Entry_ID": "1",
    "Base": {
      "Commit_ID": "3897c4e102b223847e1ceedf363df59fe24eb294",
      "Message": "Revert \"HBASE-9393 Hbase does not closing a closed socket resulting in many CLOSE_WAIT\"\n\nThis reverts commit c8d133186b85a4e7298bab3376ad96899860b1c7.",
      "Bug_location": [{"File": "XSS_REQUEST_PARAMETER_TO_SERVLET_WRITER/Files/1/Base/JMXJsonServlet.java", "Locations": [ "170:11-170:39" ]}],
      "API_URL": "https://api.github.com/repos/wxb9027/hbase/commits/3897c4e102b223847e1ceedf363df59fe24eb294",
      "HTML_URL": "https://github.com/wxb9027/hbase/commit/3897c4e102b223847e1ceedf363df59fe24eb294"
    },
    "Fix": {
      "Commit_ID": "68b300173f82b2b3ae06da1ec303a8f6f072c414",
      "Message": "HBASE-15122 Servlets generate XSS_REQUEST_PARAMETER_TO_SERVLET_WRITER findbugs warnings (Samir Ahmic)",
      "Fix_location": [{"File": "XSS_REQUEST_PARAMETER_TO_SERVLET_WRITER/Files/1/Fix/JMXJsonServlet.java","Locations": [ "38:1-38:30", "171:11-171:49", "225:3-227:4" ]}],
      "API_URL": "https://api.github.com/repos/wxb9027/hbase/commits/68b300173f82b2b3ae06da1ec303a8f6f072c414",
      "HTML_URL": "https://github.com/wxb9027/hbase/commit/68b300173f82b2b3ae06da1ec303a8f6f072c414"
    }
},
    {
      "Entry_ID": "2",
      "Base": {
        "Commit_ID": "705989f726fb9f93f08821f2109ba6efb201e873",
        "Message": "Revert \"HBASE-9393 Hbase does not closing a closed socket resulting in many CLOSE_WAIT\"\n\nThis reverts commit 84bf0ec530a541d88f0a951eda9a570ad6e39615 [formerly c8d133186b85a4e7298bab3376ad96899860b1c7].\n\n\nFormer-commit-id: 3897c4e102b223847e1ceedf363df59fe24eb294",
        "API_URL": "https://api.github.com/repos/sho25/hbase/commits/705989f726fb9f93f08821f2109ba6efb201e873",
        "Bug_location": [{"File": "XSS_REQUEST_PARAMETER_TO_SERVLET_WRITER/Files/2/Base/JMXJsonServlet.java","Locations": [ "422:1-431:12" ]}],
        "HTML_URL": "https://github.com/sho25/hbase/commit/705989f726fb9f93f08821f2109ba6efb201e873"
      },
      "Fix": {
        "Commit_ID": "a3ef3e3132d8b89ed91b78cb1dc60a8b6519cc7f",
        "Message": "HBASE-15122 Servlets generate XSS_REQUEST_PARAMETER_TO_SERVLET_WRITER findbugs warnings (Samir Ahmic)\n\n\nFormer-commit-id: 68b300173f82b2b3ae06da1ec303a8f6f072c414",
        "Fix_location": [{"File": "XSS_REQUEST_PARAMETER_TO_SERVLET_WRITER/Files/2/Fix/JMXJsonServlet.java","Locations": [ "214:1-224:11", "434:1-446:12", "759:1-778:8" ]}],
        "API_URL": "https://api.github.com/repos/sho25/hbase/commits/a3ef3e3132d8b89ed91b78cb1dc60a8b6519cc7f",
        "HTML_URL": "https://github.com/sho25/hbase/commit/a3ef3e3132d8b89ed91b78cb1dc60a8b6519cc7f"
      }
    }
  ]
}
