{
  "Spotbugs_id": "NP_NULL_PARAM_DEREF_ALL_TARGETS_DANGEROUS",
  "Spotbugs_name": "NP: Method call passes null for non-null parameter",
  "Entries": [
    {
      "Entry_ID": "1",
      "Base": {
        "Commit_ID": "b41181d57205c993f384259ac9359d23bd39f092",
        "Message": "update the glassfish-version generation to use the maven way\n\nsvn path=/trunk/; revision=56193\n\n\nFormer-commit-id: 35317bec8ec7b1533461d4a4666b534ac2e968f6",
        "Bug_location": [
          {
            "File": "NP_NULL_PARAM_DEREF_ALL_TARGETS_DANGEROUS/files/1/Base/ApplicationLifecycle.java",
            "Locations": [ "647:9-647:80", "650:5-662:6" ]
          }
        ],
        "API_URL": "https://api.github.com/repos/javaee/glassfish/commits/b41181d57205c993f384259ac9359d23bd39f092",
        "HTML_URL": "https://github.com/javaee/glassfish/commit/b41181d57205c993f384259ac9359d23bd39f092"
      },
      "Fix": {
        "Commit_ID": "9beaceb8098b581fdd811a3710fe95e4185aa97e",
        "Message": "Fixed FindBug issue NP_NULL_PARAM_DEREF_ALL_TARGETS_DANGEROUS (Null \npassed for nonnull parameter of setupContainerInfos(ArchiveHandler, \nCollection, DeploymentContext)).\nRan QL, deployment dev tests. \n\nsvn path=/trunk/; revision=56194\n\n\nFormer-commit-id: f61cfb6196d7063feadd9b2a9658061218e90126",
        "Fix_location": [
          {
            "File": "NP_NULL_PARAM_DEREF_ALL_TARGETS_DANGEROUS/files/1/Fix/ApplicationLifecycle.java",
            "Locations": [ "646:9-646:131", "649:5-665:6" ]
          }
        ],
        "API_URL": "https://api.github.com/repos/javaee/glassfish/commits/9beaceb8098b581fdd811a3710fe95e4185aa97e",
        "HTML_URL": "https://github.com/javaee/glassfish/commit/9beaceb8098b581fdd811a3710fe95e4185aa97e"
      }
    }
  ]
}