{
  "Spotbugs_id": "FI_PUBLIC_SHOULD_BE_PROTECTED",
  "Spotbugs_name": "FI: Finalizer should be protected, not public",
  "Entries": [
    {
      "Entry_ID": "1",
      "Base": {
        "Commit_ID": "d24494829f7c1b14a7bac477b6fa7ac29cb622fd",
        "Message": "Merge pull request #518 from y-higuchi/fix_logs\n\nFix various logging related issues.",
        "Bug_location": [
          {
            "File": "FI_PUBLIC_SHOULD_BE_PROTECTED/files/1/Base/HazelcastDatagrid.java",
            "Locations": [ "398:5-400:6" ]
          }
        ],
        "API_URL": "https://api.github.com/repos/opennetworkinglab/spring-open/commits/d24494829f7c1b14a7bac477b6fa7ac29cb622fd",
        "HTML_URL": "https://github.com/opennetworkinglab/spring-open/commit/d24494829f7c1b14a7bac477b6fa7ac29cb622fd"
      },
      "Fix": {
        "Commit_ID": "d0ee192df5bbd16578bbef11d1befb78f473a342",
        "Message": "Merge pull request #522 from y-higuchi/fix_FI_PUBLIC_SHOULD_BE_PROTECTED\n\nFix fingbug warning FI_PUBLIC_SHOULD_BE_PROTECTED",
        "Fix_location": [
          {
            "File": "FI_PUBLIC_SHOULD_BE_PROTECTED/files/1/Fix/HazelcastDatagrid.java",
            "Locations": [ "414:5-417:6" ]
          }
        ],
        "API_URL": "https://api.github.com/repos/opennetworkinglab/spring-open/commits/d0ee192df5bbd16578bbef11d1befb78f473a342",
        "HTML_URL": "https://github.com/opennetworkinglab/spring-open/commit/d0ee192df5bbd16578bbef11d1befb78f473a342"
      }
    },
    {
      "Entry_ID": "2",
      "Base": {
        "Commit_ID": "d24494829f7c1b14a7bac477b6fa7ac29cb622fd",
        "Message": "Merge pull request #518 from y-higuchi/fix_logs\n\nFix various logging related issues.",
        "Bug_location": [
          {
            "File": "FI_PUBLIC_SHOULD_BE_PROTECTED/files/2/Base/DeviceStorageImpl.java",
            "Locations": [ "62:5-64:6" ]
          }
        ],
        "API_URL": "https://api.github.com/repos/opennetworkinglab/spring-open/commits/d24494829f7c1b14a7bac477b6fa7ac29cb622fd",
        "HTML_URL": "https://github.com/opennetworkinglab/spring-open/commit/d24494829f7c1b14a7bac477b6fa7ac29cb622fd"
      },
      "Fix": {
        "Commit_ID": "d0ee192df5bbd16578bbef11d1befb78f473a342",
        "Message": "Merge pull request #522 from y-higuchi/fix_FI_PUBLIC_SHOULD_BE_PROTECTED\n\nFix fingbug warning FI_PUBLIC_SHOULD_BE_PROTECTED",
        "Fix_location": [
          {
            "File": "FI_PUBLIC_SHOULD_BE_PROTECTED/files/2/Fix/DeviceStorageImpl.java",
            "Locations": [ "62:5-64:6" ]
          }
        ],
        "API_URL": "https://api.github.com/repos/opennetworkinglab/spring-open/commits/d0ee192df5bbd16578bbef11d1befb78f473a342",
        "HTML_URL": "https://github.com/opennetworkinglab/spring-open/commit/d0ee192df5bbd16578bbef11d1befb78f473a342"
      }
    },
    {
      "Entry_ID": "3",
      "Base": {
        "Commit_ID": "d24494829f7c1b14a7bac477b6fa7ac29cb622fd",
        "Message": "Merge pull request #518 from y-higuchi/fix_logs\n\nFix various logging related issues.",
        "Bug_location": [
          {
            "File": "FI_PUBLIC_SHOULD_BE_PROTECTED/files/3/Base/LinkStorageImpl.java",
            "Locations": [ "427:5-429:6" ]
          }
        ],
        "API_URL": "https://api.github.com/repos/opennetworkinglab/spring-open/commits/d24494829f7c1b14a7bac477b6fa7ac29cb622fd",
        "HTML_URL": "https://github.com/opennetworkinglab/spring-open/commit/d24494829f7c1b14a7bac477b6fa7ac29cb622fd"
      },
      "Fix": {
        "Commit_ID": "d0ee192df5bbd16578bbef11d1befb78f473a342",
        "Message": "Merge pull request #522 from y-higuchi/fix_FI_PUBLIC_SHOULD_BE_PROTECTED\n\nFix fingbug warning FI_PUBLIC_SHOULD_BE_PROTECTED",
        "Fix_location": [
          {
            "File": "FI_PUBLIC_SHOULD_BE_PROTECTED/files/3/Fix/LinkStorageImpl.java",
            "Locations": [ "428:5-431:6" ]
          }
        ],
        "API_URL": "https://api.github.com/repos/opennetworkinglab/spring-open/commits/d0ee192df5bbd16578bbef11d1befb78f473a342",
        "HTML_URL": "https://github.com/opennetworkinglab/spring-open/commit/d0ee192df5bbd16578bbef11d1befb78f473a342"
      }
    },
    {
      "Entry_ID": "4",
      "Base": {
        "Commit_ID": "d24494829f7c1b14a7bac477b6fa7ac29cb622fd",
        "Message": "Merge pull request #518 from y-higuchi/fix_logs\n\nFix various logging related issues.",
        "Bug_location": [
          {
            "File": "FI_PUBLIC_SHOULD_BE_PROTECTED/files/4/Base/SwitchStorageImpl.java",
            "Locations": [ "42:5-44:6" ]
          }
        ],
        "API_URL": "https://api.github.com/repos/opennetworkinglab/spring-open/commits/d24494829f7c1b14a7bac477b6fa7ac29cb622fd",
        "HTML_URL": "https://github.com/opennetworkinglab/spring-open/commit/d24494829f7c1b14a7bac477b6fa7ac29cb622fd"
      },
      "Fix": {
        "Commit_ID": "d0ee192df5bbd16578bbef11d1befb78f473a342",
        "Message": "Merge pull request #522 from y-higuchi/fix_FI_PUBLIC_SHOULD_BE_PROTECTED\n\nFix fingbug warning FI_PUBLIC_SHOULD_BE_PROTECTED",
        "Fix_location": [
          {
            "File": "FI_PUBLIC_SHOULD_BE_PROTECTED/files/4/Fix/SwitchStorageImpl.java",
            "Locations": [ "42:5-44:6" ]
          }
        ],
        "API_URL": "https://api.github.com/repos/opennetworkinglab/spring-open/commits/d0ee192df5bbd16578bbef11d1befb78f473a342",
        "HTML_URL": "https://github.com/opennetworkinglab/spring-open/commit/d0ee192df5bbd16578bbef11d1befb78f473a342"
      }
    },
    {
      "Entry_ID": "5",
      "Base": {
        "Commit_ID": "d24494829f7c1b14a7bac477b6fa7ac29cb622fd",
        "Message": "Merge pull request #518 from y-higuchi/fix_logs\n\nFix various logging related issues.",
        "Bug_location": [
          {
            "File": "FI_PUBLIC_SHOULD_BE_PROTECTED/files/5/Base/TopoLinkServiceImpl.java",
            "Locations": [ "25:5-27:6" ]
          }
        ],
        "API_URL": "https://api.github.com/repos/opennetworkinglab/spring-open/commits/d24494829f7c1b14a7bac477b6fa7ac29cb622fd",
        "HTML_URL": "https://github.com/opennetworkinglab/spring-open/commit/d24494829f7c1b14a7bac477b6fa7ac29cb622fd"
      },
      "Fix": {
        "Commit_ID": "d0ee192df5bbd16578bbef11d1befb78f473a342",
        "Message": "Merge pull request #522 from y-higuchi/fix_FI_PUBLIC_SHOULD_BE_PROTECTED\n\nFix fingbug warning FI_PUBLIC_SHOULD_BE_PROTECTED",
        "Fix_location": [
          {
            "File": "FI_PUBLIC_SHOULD_BE_PROTECTED/files/5/Fix/TopoLinkServiceImpl.java",
            "Locations": [ "25:5-28:6" ]
          }
        ],
        "API_URL": "https://api.github.com/repos/opennetworkinglab/spring-open/commits/d0ee192df5bbd16578bbef11d1befb78f473a342",
        "HTML_URL": "https://github.com/opennetworkinglab/spring-open/commit/d0ee192df5bbd16578bbef11d1befb78f473a342"
      }
    },
    {
      "Entry_ID": "6",
      "Base": {
        "Commit_ID": "d24494829f7c1b14a7bac477b6fa7ac29cb622fd",
        "Message": "Merge pull request #518 from y-higuchi/fix_logs\n\nFix various logging related issues.",
        "Bug_location": [
          {
            "File": "FI_PUBLIC_SHOULD_BE_PROTECTED/files/6/Base/TopoSwitchServiceImpl.java",
            "Locations": [ "24:5-26:6" ]
          }
        ],
        "API_URL": "https://api.github.com/repos/opennetworkinglab/spring-open/commits/d24494829f7c1b14a7bac477b6fa7ac29cb622fd",
        "HTML_URL": "https://github.com/opennetworkinglab/spring-open/commit/d24494829f7c1b14a7bac477b6fa7ac29cb622fd"
      },
      "Fix": {
        "Commit_ID": "d0ee192df5bbd16578bbef11d1befb78f473a342",
        "Message": "Merge pull request #522 from y-higuchi/fix_FI_PUBLIC_SHOULD_BE_PROTECTED\n\nFix fingbug warning FI_PUBLIC_SHOULD_BE_PROTECTED",
        "Fix_location": [
          {
            "File": "FI_PUBLIC_SHOULD_BE_PROTECTED/files/6/Fix/TopoSwitchServiceImpl.java",
            "Locations": [ "24:5-27:6" ]
          }
        ],
        "API_URL": "https://api.github.com/repos/opennetworkinglab/spring-open/commits/d0ee192df5bbd16578bbef11d1befb78f473a342",
        "HTML_URL": "https://github.com/opennetworkinglab/spring-open/commit/d0ee192df5bbd16578bbef11d1befb78f473a342"
      }
    },
    {
      "Entry_ID": "7",
      "Base": {
        "Commit_ID": "d24494829f7c1b14a7bac477b6fa7ac29cb622fd",
        "Message": "Merge pull request #518 from y-higuchi/fix_logs\n\nFix various logging related issues.",
        "Bug_location": [
          {
            "File": "FI_PUBLIC_SHOULD_BE_PROTECTED/files/7/Base/FlowManager.java",
            "Locations": [ "93:5-95:6" ]
          }
        ],
        "API_URL": "https://api.github.com/repos/opennetworkinglab/spring-open/commits/d24494829f7c1b14a7bac477b6fa7ac29cb622fd",
        "HTML_URL": "https://github.com/opennetworkinglab/spring-open/commit/d24494829f7c1b14a7bac477b6fa7ac29cb622fd"
      },
      "Fix": {
        "Commit_ID": "d0ee192df5bbd16578bbef11d1befb78f473a342",
        "Message": "Merge pull request #522 from y-higuchi/fix_FI_PUBLIC_SHOULD_BE_PROTECTED\n\nFix fingbug warning FI_PUBLIC_SHOULD_BE_PROTECTED",
        "Fix_location": [
          {
            "File": "FI_PUBLIC_SHOULD_BE_PROTECTED/files/7/Fix/FlowManager.java",
            "Locations": [ "93:5-95:6" ]
          }
        ],
        "API_URL": "https://api.github.com/repos/opennetworkinglab/spring-open/commits/d0ee192df5bbd16578bbef11d1befb78f473a342",
        "HTML_URL": "https://github.com/opennetworkinglab/spring-open/commit/d0ee192df5bbd16578bbef11d1befb78f473a342"
      }
    },
    {
      "Entry_ID": "8",
      "Base": {
        "Commit_ID": "d24494829f7c1b14a7bac477b6fa7ac29cb622fd",
        "Message": "Merge pull request #518 from y-higuchi/fix_logs\n\nFix various logging related issues.",
        "Bug_location": [
          {
            "File": "FI_PUBLIC_SHOULD_BE_PROTECTED/files/8/Base/TopologyManager.java",
            "Locations": [ "85:5-87:6" ]
          }
        ],
        "API_URL": "https://api.github.com/repos/opennetworkinglab/spring-open/commits/d24494829f7c1b14a7bac477b6fa7ac29cb622fd",
        "HTML_URL": "https://github.com/opennetworkinglab/spring-open/commit/d24494829f7c1b14a7bac477b6fa7ac29cb622fd"
      },
      "Fix": {
        "Commit_ID": "d0ee192df5bbd16578bbef11d1befb78f473a342",
        "Message": "Merge pull request #522 from y-higuchi/fix_FI_PUBLIC_SHOULD_BE_PROTECTED\n\nFix fingbug warning FI_PUBLIC_SHOULD_BE_PROTECTED",
        "Fix_location": [
          {
            "File": "FI_PUBLIC_SHOULD_BE_PROTECTED/files/8/Fix/TopologyManager.java",
            "Locations": [ "85:5-88:6" ]
          }
        ],
        "API_URL": "https://api.github.com/repos/opennetworkinglab/spring-open/commits/d0ee192df5bbd16578bbef11d1befb78f473a342",
        "HTML_URL": "https://github.com/opennetworkinglab/spring-open/commit/d0ee192df5bbd16578bbef11d1befb78f473a342"
      }
    },
    {
      "Entry_ID": "9",
      "Base": {
        "Commit_ID": "6d506263b3fd2a60e2abe51e363f9714d97fe892",
        "Message": "Add findbugs build file for ant.\n\nThis requires a findbugs installation and the findbugs ant library.",
        "Bug_location": [
          {
            "File": "FI_PUBLIC_SHOULD_BE_PROTECTED/files/9/Base/Connect.java",
            "Locations": [ "536:5-538:6" ]
          }
        ],
        "API_URL": "https://api.github.com/repos/libvirt/libvirt-java/commits/6d506263b3fd2a60e2abe51e363f9714d97fe892",
        "HTML_URL": "https://github.com/libvirt/libvirt-java/commit/6d506263b3fd2a60e2abe51e363f9714d97fe892"
      },
      "Fix": {
        "Commit_ID": "c827e87d958d1cb7a969747fcb6c8c1724a7889d",
        "Message": "Make finalize() methods protected.\n\nReported by findbugs:\n\nFinalizer should be protected, not public\nA class's finalize() method should have protected access, not public.\n\n Bug kind and pattern: FI - FI_PUBLIC_SHOULD_BE_PROTECTED",
        "Fix_location": [
          {
            "File": "FI_PUBLIC_SHOULD_BE_PROTECTED/files/9/Fix/Connect.java",
            "Locations": [ "536:5-538:6" ]
          }
        ],
        "API_URL": "https://api.github.com/repos/libvirt/libvirt-java/commits/c827e87d958d1cb7a969747fcb6c8c1724a7889d",
        "HTML_URL": "https://github.com/libvirt/libvirt-java/commit/c827e87d958d1cb7a969747fcb6c8c1724a7889d"
      }
    },
    {
      "Entry_ID": "10",
      "Base": {
        "Commit_ID": "6d506263b3fd2a60e2abe51e363f9714d97fe892",
        "Message": "Add findbugs build file for ant.\n\nThis requires a findbugs installation and the findbugs ant library.",
        "Bug_location": [
          {
            "File": "FI_PUBLIC_SHOULD_BE_PROTECTED/files/10/Base/Device.java",
            "Locations": [ "71:5-73:6" ]
          }
        ],
        "API_URL": "https://api.github.com/repos/libvirt/libvirt-java/commits/6d506263b3fd2a60e2abe51e363f9714d97fe892",
        "HTML_URL": "https://github.com/libvirt/libvirt-java/commit/6d506263b3fd2a60e2abe51e363f9714d97fe892"
      },
      "Fix": {
        "Commit_ID": "c827e87d958d1cb7a969747fcb6c8c1724a7889d",
        "Message": "Make finalize() methods protected.\n\nReported by findbugs:\n\nFinalizer should be protected, not public\nA class's finalize() method should have protected access, not public.\n\n Bug kind and pattern: FI - FI_PUBLIC_SHOULD_BE_PROTECTED",
        "Fix_location": [
          {
            "File": "FI_PUBLIC_SHOULD_BE_PROTECTED/files/10/Fix/Device.java",
            "Locations": [ "71:5-73:6" ]
          }
        ],
        "API_URL": "https://api.github.com/repos/libvirt/libvirt-java/commits/c827e87d958d1cb7a969747fcb6c8c1724a7889d",
        "HTML_URL": "https://github.com/libvirt/libvirt-java/commit/c827e87d958d1cb7a969747fcb6c8c1724a7889d"
      }
    },
    {
      "Entry_ID": "11",
      "Base": {
        "Commit_ID": "6d506263b3fd2a60e2abe51e363f9714d97fe892",
        "Message": "Add findbugs build file for ant.\n\nThis requires a findbugs installation and the findbugs ant library.",
        "Bug_location": [
          {
            "File": "FI_PUBLIC_SHOULD_BE_PROTECTED/files/11/Base/Domain.java",
            "Locations": [ "287:5-289:6" ]
          }
        ],
        "API_URL": "https://api.github.com/repos/libvirt/libvirt-java/commits/6d506263b3fd2a60e2abe51e363f9714d97fe892",
        "HTML_URL": "https://github.com/libvirt/libvirt-java/commit/6d506263b3fd2a60e2abe51e363f9714d97fe892"
      },
      "Fix": {
        "Commit_ID": "c827e87d958d1cb7a969747fcb6c8c1724a7889d",
        "Message": "Make finalize() methods protected.\n\nReported by findbugs:\n\nFinalizer should be protected, not public\nA class's finalize() method should have protected access, not public.\n\n Bug kind and pattern: FI - FI_PUBLIC_SHOULD_BE_PROTECTED",
        "Fix_location": [
          {
            "File": "FI_PUBLIC_SHOULD_BE_PROTECTED/files/11/Fix/Domain.java",
            "Locations": [ "287:5-289:6" ]
          }
        ],
        "API_URL": "https://api.github.com/repos/libvirt/libvirt-java/commits/c827e87d958d1cb7a969747fcb6c8c1724a7889d",
        "HTML_URL": "https://github.com/libvirt/libvirt-java/commit/c827e87d958d1cb7a969747fcb6c8c1724a7889d"
      }
    },
    {
      "Entry_ID": "12",
      "Base": {
        "Commit_ID": "6d506263b3fd2a60e2abe51e363f9714d97fe892",
        "Message": "Add findbugs build file for ant.\n\nThis requires a findbugs installation and the findbugs ant library.",
        "Bug_location": [
          {
            "File": "FI_PUBLIC_SHOULD_BE_PROTECTED/files/12/Base/DomainSnapshot.java",
            "Locations": [ "52:5-54:6" ]
          }
        ],
        "API_URL": "https://api.github.com/repos/libvirt/libvirt-java/commits/6d506263b3fd2a60e2abe51e363f9714d97fe892",
        "HTML_URL": "https://github.com/libvirt/libvirt-java/commit/6d506263b3fd2a60e2abe51e363f9714d97fe892"
      },
      "Fix": {
        "Commit_ID": "c827e87d958d1cb7a969747fcb6c8c1724a7889d",
        "Message": "Make finalize() methods protected.\n\nReported by findbugs:\n\nFinalizer should be protected, not public\nA class's finalize() method should have protected access, not public.\n\n Bug kind and pattern: FI - FI_PUBLIC_SHOULD_BE_PROTECTED",
        "Fix_location": [
          {
            "File": "FI_PUBLIC_SHOULD_BE_PROTECTED/files/12/Fix/DomainSnapshot.java",
            "Locations": [ "52:5-54:6" ]
          }
        ],
        "API_URL": "https://api.github.com/repos/libvirt/libvirt-java/commits/c827e87d958d1cb7a969747fcb6c8c1724a7889d",
        "HTML_URL": "https://github.com/libvirt/libvirt-java/commit/c827e87d958d1cb7a969747fcb6c8c1724a7889d"
      }
    },
    {
      "Entry_ID": "13",
      "Base": {
        "Commit_ID": "6d506263b3fd2a60e2abe51e363f9714d97fe892",
        "Message": "Add findbugs build file for ant.\n\nThis requires a findbugs installation and the findbugs ant library.",
        "Bug_location": [
          {
            "File": "FI_PUBLIC_SHOULD_BE_PROTECTED/files/13/Base/Interface.java",
            "Locations": [ "71:5-73:6" ]
          }
        ],
        "API_URL": "https://api.github.com/repos/libvirt/libvirt-java/commits/6d506263b3fd2a60e2abe51e363f9714d97fe892",
        "HTML_URL": "https://github.com/libvirt/libvirt-java/commit/6d506263b3fd2a60e2abe51e363f9714d97fe892"
      },
      "Fix": {
        "Commit_ID": "c827e87d958d1cb7a969747fcb6c8c1724a7889d",
        "Message": "Make finalize() methods protected.\n\nReported by findbugs:\n\nFinalizer should be protected, not public\nA class's finalize() method should have protected access, not public.\n\n Bug kind and pattern: FI - FI_PUBLIC_SHOULD_BE_PROTECTED",
        "Fix_location": [
          {
            "File": "FI_PUBLIC_SHOULD_BE_PROTECTED/files/13/Fix/Interface.java",
            "Locations": [ "71:5-73:6" ]
          }
        ],
        "API_URL": "https://api.github.com/repos/libvirt/libvirt-java/commits/c827e87d958d1cb7a969747fcb6c8c1724a7889d",
        "HTML_URL": "https://github.com/libvirt/libvirt-java/commit/c827e87d958d1cb7a969747fcb6c8c1724a7889d"
      }
    },
    {
      "Entry_ID": "14",
      "Base": {
        "Commit_ID": "6d506263b3fd2a60e2abe51e363f9714d97fe892",
        "Message": "Add findbugs build file for ant.\n\nThis requires a findbugs installation and the findbugs ant library.",
        "Bug_location": [
          {
            "File": "FI_PUBLIC_SHOULD_BE_PROTECTED/files/14/Base/Network.java",
            "Locations": [ "68:5-70:6" ]
          }
        ],
        "API_URL": "https://api.github.com/repos/libvirt/libvirt-java/commits/6d506263b3fd2a60e2abe51e363f9714d97fe892",
        "HTML_URL": "https://github.com/libvirt/libvirt-java/commit/6d506263b3fd2a60e2abe51e363f9714d97fe892"
      },
      "Fix": {
        "Commit_ID": "c827e87d958d1cb7a969747fcb6c8c1724a7889d",
        "Message": "Make finalize() methods protected.\n\nReported by findbugs:\n\nFinalizer should be protected, not public\nA class's finalize() method should have protected access, not public.\n\n Bug kind and pattern: FI - FI_PUBLIC_SHOULD_BE_PROTECTED",
        "Fix_location": [
          {
            "File": "FI_PUBLIC_SHOULD_BE_PROTECTED/files/14/Fix/Network.java",
            "Locations": [ "68:5-70:6" ]
          }
        ],
        "API_URL": "https://api.github.com/repos/libvirt/libvirt-java/commits/c827e87d958d1cb7a969747fcb6c8c1724a7889d",
        "HTML_URL": "https://github.com/libvirt/libvirt-java/commit/c827e87d958d1cb7a969747fcb6c8c1724a7889d"
      }
    },
    {
      "Entry_ID": "15",
      "Base": {
        "Commit_ID": "6d506263b3fd2a60e2abe51e363f9714d97fe892",
        "Message": "Add findbugs build file for ant.\n\nThis requires a findbugs installation and the findbugs ant library.",
        "Bug_location": [
          {
            "File": "FI_PUBLIC_SHOULD_BE_PROTECTED/files/15/Base/NetworkFilter.java",
            "Locations": [ "31:5-33:6" ]
          }
        ],
        "API_URL": "https://api.github.com/repos/libvirt/libvirt-java/commits/6d506263b3fd2a60e2abe51e363f9714d97fe892",
        "HTML_URL": "https://github.com/libvirt/libvirt-java/commit/6d506263b3fd2a60e2abe51e363f9714d97fe892"
      },
      "Fix": {
        "Commit_ID": "c827e87d958d1cb7a969747fcb6c8c1724a7889d",
        "Message": "Make finalize() methods protected.\n\nReported by findbugs:\n\nFinalizer should be protected, not public\nA class's finalize() method should have protected access, not public.\n\n Bug kind and pattern: FI - FI_PUBLIC_SHOULD_BE_PROTECTED",
        "Fix_location": [
          {
            "File": "FI_PUBLIC_SHOULD_BE_PROTECTED/files/15/Fix/NetworkFilter.java",
            "Locations": [ "31:5-33:6" ]
          }
        ],
        "API_URL": "https://api.github.com/repos/libvirt/libvirt-java/commits/c827e87d958d1cb7a969747fcb6c8c1724a7889d",
        "HTML_URL": "https://github.com/libvirt/libvirt-java/commit/c827e87d958d1cb7a969747fcb6c8c1724a7889d"
      }
    },
    {
      "Entry_ID": "16",
      "Base": {
        "Commit_ID": "6d506263b3fd2a60e2abe51e363f9714d97fe892",
        "Message": "Add findbugs build file for ant.\n\nThis requires a findbugs installation and the findbugs ant library.",
        "Bug_location": [
          {
            "File": "FI_PUBLIC_SHOULD_BE_PROTECTED/files/16/Base/Secret.java",
            "Locations": [ "39:5-41:6" ]
          }
        ],
        "API_URL": "https://api.github.com/repos/libvirt/libvirt-java/commits/6d506263b3fd2a60e2abe51e363f9714d97fe892",
        "HTML_URL": "https://github.com/libvirt/libvirt-java/commit/6d506263b3fd2a60e2abe51e363f9714d97fe892"
      },
      "Fix": {
        "Commit_ID": "c827e87d958d1cb7a969747fcb6c8c1724a7889d",
        "Message": "Make finalize() methods protected.\n\nReported by findbugs:\n\nFinalizer should be protected, not public\nA class's finalize() method should have protected access, not public.\n\n Bug kind and pattern: FI - FI_PUBLIC_SHOULD_BE_PROTECTED",
        "Fix_location": [
          {
            "File": "FI_PUBLIC_SHOULD_BE_PROTECTED/files/16/Fix/Secret.java",
            "Locations": [ "39:5-41:6" ]
          }
        ],
        "API_URL": "https://api.github.com/repos/libvirt/libvirt-java/commits/c827e87d958d1cb7a969747fcb6c8c1724a7889d",
        "HTML_URL": "https://github.com/libvirt/libvirt-java/commit/c827e87d958d1cb7a969747fcb6c8c1724a7889d"
      }
    },
    {
      "Entry_ID": "17",
      "Base": {
        "Commit_ID": "6d506263b3fd2a60e2abe51e363f9714d97fe892",
        "Message": "Add findbugs build file for ant.\n\nThis requires a findbugs installation and the findbugs ant library.",
        "Bug_location": [
          {
            "File": "FI_PUBLIC_SHOULD_BE_PROTECTED/files/17/Base/StoragePool.java",
            "Locations": [ "119:5-121:6" ]
          }
        ],
        "API_URL": "https://api.github.com/repos/libvirt/libvirt-java/commits/6d506263b3fd2a60e2abe51e363f9714d97fe892",
        "HTML_URL": "https://github.com/libvirt/libvirt-java/commit/6d506263b3fd2a60e2abe51e363f9714d97fe892"
      },
      "Fix": {
        "Commit_ID": "c827e87d958d1cb7a969747fcb6c8c1724a7889d",
        "Message": "Make finalize() methods protected.\n\nReported by findbugs:\n\nFinalizer should be protected, not public\nA class's finalize() method should have protected access, not public.\n\n Bug kind and pattern: FI - FI_PUBLIC_SHOULD_BE_PROTECTED",
        "Fix_location": [
          {
            "File": "FI_PUBLIC_SHOULD_BE_PROTECTED/files/17/Fix/StoragePool.java",
            "Locations": [ "119:5-121:6" ]
          }
        ],
        "API_URL": "https://api.github.com/repos/libvirt/libvirt-java/commits/c827e87d958d1cb7a969747fcb6c8c1724a7889d",
        "HTML_URL": "https://github.com/libvirt/libvirt-java/commit/c827e87d958d1cb7a969747fcb6c8c1724a7889d"
      }
    },
    {
      "Entry_ID": "18",
      "Base": {
        "Commit_ID": "6d506263b3fd2a60e2abe51e363f9714d97fe892",
        "Message": "Add findbugs build file for ant.\n\nThis requires a findbugs installation and the findbugs ant library.",
        "Bug_location": [
          {
            "File": "FI_PUBLIC_SHOULD_BE_PROTECTED/files/18/Base/StorageVol.java",
            "Locations": [ "79:5-81:6" ]
          }
        ],
        "API_URL": "https://api.github.com/repos/libvirt/libvirt-java/commits/6d506263b3fd2a60e2abe51e363f9714d97fe892",
        "HTML_URL": "https://github.com/libvirt/libvirt-java/commit/6d506263b3fd2a60e2abe51e363f9714d97fe892"
      },
      "Fix": {
        "Commit_ID": "c827e87d958d1cb7a969747fcb6c8c1724a7889d",
        "Message": "Make finalize() methods protected.\n\nReported by findbugs:\n\nFinalizer should be protected, not public\nA class's finalize() method should have protected access, not public.\n\n Bug kind and pattern: FI - FI_PUBLIC_SHOULD_BE_PROTECTED",
        "Fix_location": [
          {
            "File": "FI_PUBLIC_SHOULD_BE_PROTECTED/files/18/Fix/StorageVol.java",
            "Locations": [ "79:5-81:6" ]
          }
        ],
        "API_URL": "https://api.github.com/repos/libvirt/libvirt-java/commits/c827e87d958d1cb7a969747fcb6c8c1724a7889d",
        "HTML_URL": "https://github.com/libvirt/libvirt-java/commit/c827e87d958d1cb7a969747fcb6c8c1724a7889d"
      }
    },
    {
      "Entry_ID": "19",
      "Base": {
        "Commit_ID": "6d506263b3fd2a60e2abe51e363f9714d97fe892",
        "Message": "Add findbugs build file for ant.\n\nThis requires a findbugs installation and the findbugs ant library.",
        "Bug_location": [
          {
            "File": "FI_PUBLIC_SHOULD_BE_PROTECTED/files/19/Base/StorageVol.java",
            "Locations": [ "64:5-66:6" ]
          }
        ],
        "API_URL": "https://api.github.com/repos/libvirt/libvirt-java/commits/6d506263b3fd2a60e2abe51e363f9714d97fe892",
        "HTML_URL": "https://github.com/libvirt/libvirt-java/commit/6d506263b3fd2a60e2abe51e363f9714d97fe892"
      },
      "Fix": {
        "Commit_ID": "c827e87d958d1cb7a969747fcb6c8c1724a7889d",
        "Message": "Make finalize() methods protected.\n\nReported by findbugs:\n\nFinalizer should be protected, not public\nA class's finalize() method should have protected access, not public.\n\n Bug kind and pattern: FI - FI_PUBLIC_SHOULD_BE_PROTECTED",
        "Fix_location": [
          {
            "File": "FI_PUBLIC_SHOULD_BE_PROTECTED/files/19/Fix/StorageVol.java",
            "Locations": [ "64:5-66:6" ]
          }
        ],
        "API_URL": "https://api.github.com/repos/libvirt/libvirt-java/commits/c827e87d958d1cb7a969747fcb6c8c1724a7889d",
        "HTML_URL": "https://github.com/libvirt/libvirt-java/commit/c827e87d958d1cb7a969747fcb6c8c1724a7889d"
      }
    }
  ]
}