{
  "Spotbugs_id": "MS_MUTABLE_ARRAY",
  "Spotbugs_name": "MS: Field is a mutable array",
  "Entries": [
    {
      "Entry_ID": "1",
      "Base": {
        "Commit_ID": "806249a510f1e7285b39c601a4635833aa6f3435",
        "Message": "ghanshyam 28/06/2012 tag MS_MUTABLE_ARRAY",
        "Bug_location": [
          {
            "File": "MS_MUTABLE_ARRAY/files/1/Base/ActionValue.java",
            "Locations": [ "12:5-12:53" ]
          }
        ],
        "API_URL": "https://api.github.com/repos/hispindia/his-inventory/commits/806249a510f1e7285b39c601a4635833aa6f3435",
        "HTML_URL": "https://github.com/hispindia/his-inventory/commit/806249a510f1e7285b39c601a4635833aa6f3435"
      },
      "Fix": {
        "Commit_ID": "ad2171d9485ae1200b82d8cc29036bdaa2373dbe",
        "Message": "ghanshyam 28/06/2012 tag MS_MUTABLE_ARRAY",
        "Fix_location": [
          {
            "File": "MS_MUTABLE_ARRAY/files/1/Fix/ActionValue.java",
            "Locations": [ "12:5-12:59" ]
          }
        ],
        "API_URL": "https://api.github.com/repos/hispindia/his-inventory/commits/ad2171d9485ae1200b82d8cc29036bdaa2373dbe",
        "HTML_URL": "https://github.com/hispindia/his-inventory/commit/ad2171d9485ae1200b82d8cc29036bdaa2373dbe"
      }
    },
    {
      "Entry_ID": "2",
      "Base": {
        "Commit_ID": "806249a510f1e7285b39c601a4635833aa6f3435",
        "Message": "ghanshyam 28/06/2012 tag MS_MUTABLE_ARRAY",
        "Bug_location": [
          {
            "File": "MS_MUTABLE_ARRAY/files/2/Base/ActionValue.java",
            "Locations": [ "13:5-13:85" ]
          }
        ],
        "API_URL": "https://api.github.com/repos/hispindia/his-inventory/commits/806249a510f1e7285b39c601a4635833aa6f3435",
        "HTML_URL": "https://github.com/hispindia/his-inventory/commit/806249a510f1e7285b39c601a4635833aa6f3435"
      },
      "Fix": {
        "Commit_ID": "ad2171d9485ae1200b82d8cc29036bdaa2373dbe",
        "Message": "ghanshyam 28/06/2012 tag MS_MUTABLE_ARRAY",
        "Fix_location": [
          {
            "File": "MS_MUTABLE_ARRAY/files/2/Fix/ActionValue.java",
            "Locations": [ "13:5-13:91" ]
          }
        ],
        "API_URL": "https://api.github.com/repos/hispindia/his-inventory/commits/ad2171d9485ae1200b82d8cc29036bdaa2373dbe",
        "HTML_URL": "https://github.com/hispindia/his-inventory/commit/ad2171d9485ae1200b82d8cc29036bdaa2373dbe"
      }
    },
    {
      "Entry_ID": "3",
      "Base": {
        "Commit_ID": "806249a510f1e7285b39c601a4635833aa6f3435",
        "Message": "ghanshyam 28/06/2012 tag MS_MUTABLE_ARRAY",
        "Bug_location": [
          {
            "File": "MS_MUTABLE_ARRAY/files/3/Base/ActionValue.java",
            "Locations": [ "15:5-15:44" ]
          }
        ],
        "API_URL": "https://api.github.com/repos/hispindia/his-inventory/commits/806249a510f1e7285b39c601a4635833aa6f3435",
        "HTML_URL": "https://github.com/hispindia/his-inventory/commit/806249a510f1e7285b39c601a4635833aa6f3435"
      },
      "Fix": {
        "Commit_ID": "ad2171d9485ae1200b82d8cc29036bdaa2373dbe",
        "Message": "ghanshyam 28/06/2012 tag MS_MUTABLE_ARRAY",
        "Fix_location": [
          {
            "File": "MS_MUTABLE_ARRAY/files/3/Fix/ActionValue.java",
            "Locations": [ "15:5-15:50" ]
          }
        ],
        "API_URL": "https://api.github.com/repos/hispindia/his-inventory/commits/ad2171d9485ae1200b82d8cc29036bdaa2373dbe",
        "HTML_URL": "https://github.com/hispindia/his-inventory/commit/ad2171d9485ae1200b82d8cc29036bdaa2373dbe"
      }
    },
    {
      "Entry_ID": "4",
      "Base": {
        "Commit_ID": "806249a510f1e7285b39c601a4635833aa6f3435",
        "Message": "ghanshyam 28/06/2012 tag MS_MUTABLE_ARRAY",
        "Bug_location": [
          {
            "File": "MS_MUTABLE_ARRAY/files/4/Base/ActionValue.java",
            "Locations": [ "16:5-16:59" ]
          }
        ],
        "API_URL": "https://api.github.com/repos/hispindia/his-inventory/commits/806249a510f1e7285b39c601a4635833aa6f3435",
        "HTML_URL": "https://github.com/hispindia/his-inventory/commit/806249a510f1e7285b39c601a4635833aa6f3435"
      },
      "Fix": {
        "Commit_ID": "ad2171d9485ae1200b82d8cc29036bdaa2373dbe",
        "Message": "ghanshyam 28/06/2012 tag MS_MUTABLE_ARRAY",
        "Fix_location": [
          {
            "File": "MS_MUTABLE_ARRAY/files/4/Fix/ActionValue.java",
            "Locations": [ "16:5-16:65" ]
          }
        ],
        "API_URL": "https://api.github.com/repos/hispindia/his-inventory/commits/ad2171d9485ae1200b82d8cc29036bdaa2373dbe",
        "HTML_URL": "https://github.com/hispindia/his-inventory/commit/ad2171d9485ae1200b82d8cc29036bdaa2373dbe"
      }
    },
    {
      "Entry_ID": "5",
      "Base": {
        "Commit_ID": "806249a510f1e7285b39c601a4635833aa6f3435",
        "Message": "ghanshyam 28/06/2012 tag MS_MUTABLE_ARRAY",
        "Bug_location": [
          {
            "File": "MS_MUTABLE_ARRAY/files/5/Base/ActionValue.java",
            "Locations": [ "18:5-18:51" ]
          }
        ],
        "API_URL": "https://api.github.com/repos/hispindia/his-inventory/commits/806249a510f1e7285b39c601a4635833aa6f3435",
        "HTML_URL": "https://github.com/hispindia/his-inventory/commit/806249a510f1e7285b39c601a4635833aa6f3435"
      },
      "Fix": {
        "Commit_ID": "ad2171d9485ae1200b82d8cc29036bdaa2373dbe",
        "Message": "ghanshyam 28/06/2012 tag MS_MUTABLE_ARRAY",
        "Fix_location": [
          {
            "File": "MS_MUTABLE_ARRAY/files/5/Fix/ActionValue.java",
            "Locations": [ "18:5-18:57" ]
          }
        ],
        "API_URL": "https://api.github.com/repos/hispindia/his-inventory/commits/ad2171d9485ae1200b82d8cc29036bdaa2373dbe",
        "HTML_URL": "https://github.com/hispindia/his-inventory/commit/ad2171d9485ae1200b82d8cc29036bdaa2373dbe"
      }
    },
    {
      "Entry_ID": "6",
      "Base": {
        "Commit_ID": "806249a510f1e7285b39c601a4635833aa6f3435",
        "Message": "ghanshyam 28/06/2012 tag MS_MUTABLE_ARRAY",
        "Bug_location": [
          {
            "File": "MS_MUTABLE_ARRAY/files/6/Base/ActionValue.java",
            "Locations": [ "19:5-19:93" ]
          }
        ],
        "API_URL": "https://api.github.com/repos/hispindia/his-inventory/commits/806249a510f1e7285b39c601a4635833aa6f3435",
        "HTML_URL": "https://github.com/hispindia/his-inventory/commit/806249a510f1e7285b39c601a4635833aa6f3435"
      },
      "Fix": {
        "Commit_ID": "ad2171d9485ae1200b82d8cc29036bdaa2373dbe",
        "Message": "ghanshyam 28/06/2012 tag MS_MUTABLE_ARRAY",
        "Fix_location": [
          {
            "File": "MS_MUTABLE_ARRAY/files/6/Fix/ActionValue.java",
            "Locations": [ "19:5-19:99" ]
          }
        ],
        "API_URL": "https://api.github.com/repos/hispindia/his-inventory/commits/ad2171d9485ae1200b82d8cc29036bdaa2373dbe",
        "HTML_URL": "https://github.com/hispindia/his-inventory/commit/ad2171d9485ae1200b82d8cc29036bdaa2373dbe"
      }
    },
    {
      "Entry_ID": "7",
      "Base": {
        "Commit_ID": "806249a510f1e7285b39c601a4635833aa6f3435",
        "Message": "ghanshyam 28/06/2012 tag MS_MUTABLE_ARRAY",
        "Bug_location": [
          {
            "File": "MS_MUTABLE_ARRAY/files/7/Base/ActionValue.java",
            "Locations": [ "22:5-22:59" ]
          }
        ],
        "API_URL": "https://api.github.com/repos/hispindia/his-inventory/commits/806249a510f1e7285b39c601a4635833aa6f3435",
        "HTML_URL": "https://github.com/hispindia/his-inventory/commit/806249a510f1e7285b39c601a4635833aa6f3435"
      },
      "Fix": {
        "Commit_ID": "ad2171d9485ae1200b82d8cc29036bdaa2373dbe",
        "Message": "ghanshyam 28/06/2012 tag MS_MUTABLE_ARRAY",
        "Fix_location": [
          {
            "File": "MS_MUTABLE_ARRAY/files/7/Fix/ActionValue.java",
            "Locations": [ "22:5-22:65" ]
          }
        ],
        "API_URL": "https://api.github.com/repos/hispindia/his-inventory/commits/ad2171d9485ae1200b82d8cc29036bdaa2373dbe",
        "HTML_URL": "https://github.com/hispindia/his-inventory/commit/ad2171d9485ae1200b82d8cc29036bdaa2373dbe"
      }
    },
    {
      "Entry_ID": "8",
      "Base": {
        "Commit_ID": "806249a510f1e7285b39c601a4635833aa6f3435",
        "Message": "ghanshyam 28/06/2012 tag MS_MUTABLE_ARRAY",
        "Bug_location": [
          {
            "File": "MS_MUTABLE_ARRAY/files/8/Base/ActionValue.java",
            "Locations": [ "23:5-23:116" ]
          }
        ],
        "API_URL": "https://api.github.com/repos/hispindia/his-inventory/commits/806249a510f1e7285b39c601a4635833aa6f3435",
        "HTML_URL": "https://github.com/hispindia/his-inventory/commit/806249a510f1e7285b39c601a4635833aa6f3435"
      },
      "Fix": {
        "Commit_ID": "ad2171d9485ae1200b82d8cc29036bdaa2373dbe",
        "Message": "ghanshyam 28/06/2012 tag MS_MUTABLE_ARRAY",
        "Fix_location": [
          {
            "File": "MS_MUTABLE_ARRAY/files/8/Fix/ActionValue.java",
            "Locations": [ "23:5-23:122" ]
          }
        ],
        "API_URL": "https://api.github.com/repos/hispindia/his-inventory/commits/ad2171d9485ae1200b82d8cc29036bdaa2373dbe",
        "HTML_URL": "https://github.com/hispindia/his-inventory/commit/ad2171d9485ae1200b82d8cc29036bdaa2373dbe"
      }
    },
    {
      "Entry_ID": "9",
      "Base": {
        "Commit_ID": "806249a510f1e7285b39c601a4635833aa6f3435",
        "Message": "ghanshyam 28/06/2012 tag MS_MUTABLE_ARRAY",
        "Bug_location": [
          {
            "File": "MS_MUTABLE_ARRAY/files/9/Base/ActionValue.java",
            "Locations": [ "25:5-25:47" ]
          }
        ],
        "API_URL": "https://api.github.com/repos/hispindia/his-inventory/commits/806249a510f1e7285b39c601a4635833aa6f3435",
        "HTML_URL": "https://github.com/hispindia/his-inventory/commit/806249a510f1e7285b39c601a4635833aa6f3435"
      },
      "Fix": {
        "Commit_ID": "ad2171d9485ae1200b82d8cc29036bdaa2373dbe",
        "Message": "ghanshyam 28/06/2012 tag MS_MUTABLE_ARRAY",
        "Fix_location": [
          {
            "File": "MS_MUTABLE_ARRAY/files/9/Fix/ActionValue.java",
            "Locations": [ "25:5-25:53" ]
          }
        ],
        "API_URL": "https://api.github.com/repos/hispindia/his-inventory/commits/ad2171d9485ae1200b82d8cc29036bdaa2373dbe",
        "HTML_URL": "https://github.com/hispindia/his-inventory/commit/ad2171d9485ae1200b82d8cc29036bdaa2373dbe"
      }
    },
    {
      "Entry_ID": "10",
      "Base": {
        "Commit_ID": "806249a510f1e7285b39c601a4635833aa6f3435",
        "Message": "ghanshyam 28/06/2012 tag MS_MUTABLE_ARRAY",
        "Bug_location": [
          {
            "File": "MS_MUTABLE_ARRAY/files/10/Base/ActionValue.java",
            "Locations": [ "26:5-26:70" ]
          }
        ],
        "API_URL": "https://api.github.com/repos/hispindia/his-inventory/commits/806249a510f1e7285b39c601a4635833aa6f3435",
        "HTML_URL": "https://github.com/hispindia/his-inventory/commit/806249a510f1e7285b39c601a4635833aa6f3435"
      },
      "Fix": {
        "Commit_ID": "ad2171d9485ae1200b82d8cc29036bdaa2373dbe",
        "Message": "ghanshyam 28/06/2012 tag MS_MUTABLE_ARRAY",
        "Fix_location": [
          {
            "File": "MS_MUTABLE_ARRAY/files/10/Fix/ActionValue.java",
            "Locations": [ "26:5-26:76" ]
          }
        ],
        "API_URL": "https://api.github.com/repos/hispindia/his-inventory/commits/ad2171d9485ae1200b82d8cc29036bdaa2373dbe",
        "HTML_URL": "https://github.com/hispindia/his-inventory/commit/ad2171d9485ae1200b82d8cc29036bdaa2373dbe"
      }
    },
    {
      "Entry_ID": "11",
      "Base": {
        "Commit_ID": "57473eec1fa3757715cd76d9cfd193b786b5e0df",
        "Message": "Sagar Bele - 07-08-2012 New Requirement #302 [INVENTORY] Non Mandatory Drug Category filter for drug search",
        "Bug_location": [
          {
            "File": "MS_MUTABLE_ARRAY/files/11/Base/ActionValue.java",
            "Locations": [ "26:5-26:76" ]
          }
        ],
        "API_URL": "https://api.github.com/repos/hispindia/his-inventory/commits/57473eec1fa3757715cd76d9cfd193b786b5e0df",
        "HTML_URL": "https://github.com/hispindia/his-inventory/commit/57473eec1fa3757715cd76d9cfd193b786b5e0df"
      },
      "Fix": {
        "Commit_ID": "cd6fec3eef8710148d2260194e0aa369eab869da",
        "Message": "Fixed  MS_MUTABLE_ARRAY for:\norg.openmrs.module.inventory.util.ActionValue.TRANSACTION_NAMES",
        "Fix_location": [
          {
            "File": "MS_MUTABLE_ARRAY/files/11/Fix/ActionValue.java",
            "Locations": [ "26:5-26:122" ]
          }
        ],
        "API_URL": "https://api.github.com/repos/hispindia/his-inventory/commits/cd6fec3eef8710148d2260194e0aa369eab869da",
        "HTML_URL": "https://github.com/hispindia/his-inventory/commit/cd6fec3eef8710148d2260194e0aa369eab869da"
      }
    },
    {
      "Entry_ID": "12",
      "Base": {
        "Commit_ID": "1542b7fcd99713d23269a10166b5c5a39257be23",
        "Message": "Fix findbugs warning 'Vacuous ior operation on GifImageParser.java:[line 841]' by simplifing expression\n\ngit-svn-id: https://svn.apache.org/repos/asf/commons/proper/imaging/trunk@1678786 13f79535-47bb-0310-9956-ffa450edef68",
        "Bug_location": [
          {
            "File": "MS_MUTABLE_ARRAY/files/12/Base/GpsTagConstants.java",
            "Locations": [ "36:5-36:96" ]
          }
        ],
        "API_URL": "https://api.github.com/repos/apache/commons-imaging/commits/1542b7fcd99713d23269a10166b5c5a39257be23",
        "HTML_URL": "https://github.com/apache/commons-imaging/commit/1542b7fcd99713d23269a10166b5c5a39257be23"
      },
      "Fix": {
        "Commit_ID": "27ca378cc06390e2a46c1de9df243dfd1c548015",
        "Message": "Fix FindBugs warning: Field is a mutable array (MS_MUTABLE_ARRAY)\n\ngit-svn-id: https://svn.apache.org/repos/asf/commons/proper/imaging/trunk@1678789 13f79535-47bb-0310-9956-ffa450edef68",
        "Fix_location": [
          {
            "File": "MS_MUTABLE_ARRAY/files/12/Fix/GpsTagConstants.java",
            "Locations": [ "36:5-40:6" ]
          }
        ],
        "API_URL": "https://api.github.com/repos/apache/commons-imaging/commits/27ca378cc06390e2a46c1de9df243dfd1c548015",
        "HTML_URL": "https://github.com/apache/commons-imaging/commit/27ca378cc06390e2a46c1de9df243dfd1c548015"
      }
    },
    {
      "Entry_ID": "13",
      "Base": {
        "Commit_ID": "f54d65d2b3f9720f6bb0212ed2da2727f62a7b34",
        "Message": "Remove TLS support as it (1) not supported, (2) throws a ClassNotFound exception everytime the server is starting.\n\n- ALL QL passed\n- Tested SSL using openssl s_client -connect localhost:8181\n\n\nOriginal author: jfarcand\nDate: 2006-10-06 15:00:00+00:00\n\nsvn path=/trunk/; revision=592",
        "Bug_location": [
          {
            "File": "MS_MUTABLE_ARRAY/files/13/Base/Constants.java",
            "Locations": [ "64:5-68:7" ]
          }
        ],
        "API_URL": "https://api.github.com/repos/javaee/javaee-jsp-api/commits/f54d65d2b3f9720f6bb0212ed2da2727f62a7b34",
        "HTML_URL": "https://github.com/javaee/javaee-jsp-api/commit/f54d65d2b3f9720f6bb0212ed2da2727f62a7b34"
      },
      "Fix": {
        "Commit_ID": "5094fc1fcbb50b3195a566b2f94f13ec33db938e",
        "Message": "Moved Constants.STANDARD_IMPORTS into PageInfo.java, the only class\nthat references it, and changed it from public to private, to avoid\n\"MS_MUTABLE_ARRAY: Field is a mutable array\" warning.\n\n\nOriginal author: jluehe\nDate: 2006-10-06 15:56:38+00:00\n\nsvn path=/trunk/; revision=593",
        "Fix_location": [
          {
            "File": "MS_MUTABLE_ARRAY/files/13/Fix/PageInfo.java",
            "Locations": [ "45:5-49:7" ]
          }
        ],
        "API_URL": "https://api.github.com/repos/javaee/javaee-jsp-api/commits/5094fc1fcbb50b3195a566b2f94f13ec33db938e",
        "HTML_URL": "https://github.com/javaee/javaee-jsp-api/commit/5094fc1fcbb50b3195a566b2f94f13ec33db938e"
      }
    },
    {
      "Entry_ID": "14",
      "Base": {
        "Commit_ID": "1cc25633b78f99245abbe3c0404620d063d7089c",
        "Message": "update doc for multiple advertised listeners (#8810)",
        "Bug_location": [
          {
            "File": "MS_MUTABLE_ARRAY/files/14/Base/ProducerHandler.java",
            "Locations": [ "86:5-87:33" ]
          }
        ],
        "API_URL": "https://api.github.com/repos/nikosnikolaidis/pulsar/commits/1cc25633b78f99245abbe3c0404620d063d7089c",
        "HTML_URL": "https://github.com/nikosnikolaidis/pulsar/commit/1cc25633b78f99245abbe3c0404620d063d7089c"
      },
      "Fix": {
        "Commit_ID": "7853178e1a5c7ff7bd8491376b599950f0c96c58",
        "Message": "[WebSocket] Add spotbugs plugin for websocket module (#8788)\n\n### Motivation\r\n\r\nAdd spotbugs plugin for WebSocket module.\r\n\r\n### Modifications\r\n\r\nThere're 20 potential bugs after adding the plugin to check. Here're the modifications to fix:\r\n- MS_MUTABLE_ARRAY: Change the public static array `ENTRY_LATENCY_BUCKETS_USEC` to an unmodifiableList.\r\n- SE_BAD_FIELD: Make the `service` field of Servlet classes `transient` to avoid being serialized.\r\n- URF_UNREAD_PUBLIC_OR_PROTECTED_FIELD: Ignore these errors because it's just an encapsulation issue and some fields are used in other modules or existed clients.\r\n- IS2_INCONSISTENT_SYNC: Add `synchronized` keyword to the setter of `localCluster` to make all access synchronized.\r\n- EI_EXPOSE_REP: Return a clone of array as a snapshot.",
        "Fix_location": [
          {
            "File": "MS_MUTABLE_ARRAY/files/14/Fix/ProducerHandler.java",
            "Locations": [ "89:5-90:94" ]
          }
        ],
        "API_URL": "https://api.github.com/repos/nikosnikolaidis/pulsar/commits/7853178e1a5c7ff7bd8491376b599950f0c96c58",
        "HTML_URL": "https://github.com/nikosnikolaidis/pulsar/commit/7853178e1a5c7ff7bd8491376b599950f0c96c58"
      }
    },
    {
      "Entry_ID": "15",
      "Base": {
        "Commit_ID": "53a08ce3465770fa6029897fb522ba070cd02c9c",
        "Message": "nfsv4: mover: include all network interfaces in the reply\n\nutilize multipath capability of NFS device address. This\nwill allow to mount with IPv4 and still have data transvers\nwith IPv6. Client will choose the correct endpoind according\ninternal policies.\n\nAcked-by: Paul Millar\nPatch: http://rb.dcache.org/r/4364/\n\nRELEASE NOTES:\n\n  NFS mover/service on pools may includes all host interfaces into multi-path reply. This allows\n  a client to choose most appropriated network end point.",
        "Bug_location": [
          {
            "File": "MS_MUTABLE_ARRAY/files/15/Base/BillingHistory.java",
            "Locations": [ "105:5-106:66" ]
          }
        ],
        "API_URL": "https://api.github.com/repos/femiadeyemi/dCacheRESTful-API/commits/53a08ce3465770fa6029897fb522ba070cd02c9c",
        "HTML_URL": "https://github.com/femiadeyemi/dCacheRESTful-API/commit/53a08ce3465770fa6029897fb522ba070cd02c9c"
      },
      "Fix": {
        "Commit_ID": "cd3490e24627beba34a0aaf8fcf775898e345e65",
        "Message": "Findbugs fixes for billing code.\n\nThe following bugs have been fixed:\n\nBillingCell.java:246, RV_RETURN_VALUE_IGNORED_BAD_PRACTICE, Priority: Normal\norg.dcache.services.billing.cells.BillingCell.dumpPoolStatistics(String) ignores exceptional return value of java.io.File.delete()\n\nPoolStatusCollector.java:71, RV_RETURN_VALUE_IGNORED_BAD_PRACTICE, Priority: Normal\norg.dcache.services.billing.cells.PoolStatusCollector.run() ignores exceptional return value of java.io.File.delete()\n\nDataNucleusBillingInfo.java:57, OBL_UNSATISFIED_OBLIGATION, Priority: Normal\nMethod org.dcache.services.billing.db.impl.datanucleus.DataNucleusBillingInfo.initializeInternal() may fail to clean up java.io.InputStream\n\nDataNucleusBillingInfo.java:57, OS_OPEN_STREAM, Priority: Normal\norg.dcache.services.billing.db.impl.datanucleus.DataNucleusBillingInfo.initializeInternal() may fail to close stream\n\nDataNucleusBillingInfo.java:63, NP_LOAD_OF_KNOWN_NULL_VALUE, Priority: Normal\nLoad of known null value in org.dcache.services.billing.db.impl.datanucleus.DataNucleusBillingInfo.initializeInternal()\n\nDataNucleusBillingInfo.java:187, NP_NULL_PARAM_DEREF, Priority: Normal\nMethod call in org.dcache.services.billing.db.impl.datanucleus.DataNucleusBillingInfo.get(Class, String, String, Object[]) passes null for nonnull parameter of java.util.Arrays.asList(Object[])\n\nBillingHistory.java:-1, MS_MUTABLE_ARRAY, Priority: High\norg.dcache.services.billing.plots.BillingHistory.TITLE is a mutable array\n\nBillingHistory.java:105, MS_MUTABLE_ARRAY, Priority: High\norg.dcache.services.billing.plots.BillingHistory.TYPE is a mutable array\n\nBillingHistory.java:107, MS_MUTABLE_ARRAY, Priority: High\norg.dcache.services.billing.plots.BillingHistory.EXT is a mutable array\n\nBillingHistory.java:170, RV_RETURN_VALUE_IGNORED_BAD_PRACTICE, Priority: Normal\norg.dcache.services.billing.plots.BillingHistory.run() ignores exceptional return value of java.io.File.delete()\n\nBillingHistory.java:178, RV_RETURN_VALUE_IGNORED_BAD_PRACTICE, Priority: Normal\norg.dcache.services.billing.plots.BillingHistory.run() ignores exceptional return value of java.io.File.mkdirs()\n\nBillingHistory.java:261, OBL_UNSATISFIED_OBLIGATION, Priority: Normal\nMethod org.dcache.services.billing.plots.BillingHistory.initializeProperties(ClassLoader) may fail to clean up java.io.InputStream\n\nBillingHistory.java:261, OS_OPEN_STREAM, Priority: Normal\norg.dcache.services.billing.plots.BillingHistory.initializeProperties(ClassLoader) may fail to close stream\n\nBillingHistory.java:265, NP_LOAD_OF_KNOWN_NULL_VALUE, Priority: Normal\nLoad of known null value in org.dcache.services.billing.plots.BillingHistory.initializeProperties(ClassLoader)\n\nJaidaTimeFrameHistogramFactory.java:116, OS_OPEN_STREAM, Priority: Normal\norg.dcache.services.billing.plots.jaida.JaidaTimeFrameHistogramFactory.initialize(IBillingInfoAccess, String) may fail to close stream\n\nJaidaTimeFrameHistogramFactory.java:116, OBL_UNSATISFIED_OBLIGATION, Priority: Normal\nMethod org.dcache.services.billing.plots.jaida.JaidaTimeFrameHistogramFactory.initialize(IBillingInfoAccess, String) may fail to clean up java.io.InputStream\n\nJaidaTimeFramePlot.java:50, EI_EXPOSE_REP2, Priority: Normal\nnew org.dcache.services.billing.plots.jaida.JaidaTimeFramePlot(IAnalysisFactory, ITree, String, String[], Properties) may expose internal representation by storing an externally mutable object into JaidaTimeFramePlot.titles\n\nTimeFrame.java:182, EI_EXPOSE_REP, Priority: Normal\norg.dcache.services.billing.plots.util.TimeFrame.getLow() may expose internal representation by returning TimeFrame.low\n\nTimeFrame.java:189, EI_EXPOSE_REP, Priority: Normal\norg.dcache.services.billing.plots.util.TimeFrame.getHigh() may expose internal representation by returning TimeFrame.high\n\n\nPatch: http://rb.dcache.org/r/4373/\nAck'd-by: Paul\nTarget: trunk\n\nRELEASE NOTES:  No changes.",
        "Fix_location": [
          {
            "File": "MS_MUTABLE_ARRAY/files/15/Fix/BillingHistory.java",
            "Locations": [ "109:5-111:29" ]
          }
        ],
        "API_URL": "https://api.github.com/repos/femiadeyemi/dCacheRESTful-API/commits/cd3490e24627beba34a0aaf8fcf775898e345e65",
        "HTML_URL": "https://github.com/femiadeyemi/dCacheRESTful-API/commit/cd3490e24627beba34a0aaf8fcf775898e345e65"
      }
    },
    {
      "Entry_ID": "16",
      "Base": {
        "Commit_ID": "53a08ce3465770fa6029897fb522ba070cd02c9c",
        "Message": "nfsv4: mover: include all network interfaces in the reply\n\nutilize multipath capability of NFS device address. This\nwill allow to mount with IPv4 and still have data transvers\nwith IPv6. Client will choose the correct endpoind according\ninternal policies.\n\nAcked-by: Paul Millar\nPatch: http://rb.dcache.org/r/4364/\n\nRELEASE NOTES:\n\n  NFS mover/service on pools may includes all host interfaces into multi-path reply. This allows\n  a client to choose most appropriated network end point.",
        "Bug_location": [
          {
            "File": "MS_MUTABLE_ARRAY/files/16/Base/BillingHistory.java",
            "Locations": [ "107:5-107:71" ]
          }
        ],
        "API_URL": "https://api.github.com/repos/femiadeyemi/dCacheRESTful-API/commits/53a08ce3465770fa6029897fb522ba070cd02c9c",
        "HTML_URL": "https://github.com/femiadeyemi/dCacheRESTful-API/commit/53a08ce3465770fa6029897fb522ba070cd02c9c"
      },
      "Fix": {
        "Commit_ID": "cd3490e24627beba34a0aaf8fcf775898e345e65",
        "Message": "Findbugs fixes for billing code.\n\nThe following bugs have been fixed:\n\nBillingCell.java:246, RV_RETURN_VALUE_IGNORED_BAD_PRACTICE, Priority: Normal\norg.dcache.services.billing.cells.BillingCell.dumpPoolStatistics(String) ignores exceptional return value of java.io.File.delete()\n\nPoolStatusCollector.java:71, RV_RETURN_VALUE_IGNORED_BAD_PRACTICE, Priority: Normal\norg.dcache.services.billing.cells.PoolStatusCollector.run() ignores exceptional return value of java.io.File.delete()\n\nDataNucleusBillingInfo.java:57, OBL_UNSATISFIED_OBLIGATION, Priority: Normal\nMethod org.dcache.services.billing.db.impl.datanucleus.DataNucleusBillingInfo.initializeInternal() may fail to clean up java.io.InputStream\n\nDataNucleusBillingInfo.java:57, OS_OPEN_STREAM, Priority: Normal\norg.dcache.services.billing.db.impl.datanucleus.DataNucleusBillingInfo.initializeInternal() may fail to close stream\n\nDataNucleusBillingInfo.java:63, NP_LOAD_OF_KNOWN_NULL_VALUE, Priority: Normal\nLoad of known null value in org.dcache.services.billing.db.impl.datanucleus.DataNucleusBillingInfo.initializeInternal()\n\nDataNucleusBillingInfo.java:187, NP_NULL_PARAM_DEREF, Priority: Normal\nMethod call in org.dcache.services.billing.db.impl.datanucleus.DataNucleusBillingInfo.get(Class, String, String, Object[]) passes null for nonnull parameter of java.util.Arrays.asList(Object[])\n\nBillingHistory.java:-1, MS_MUTABLE_ARRAY, Priority: High\norg.dcache.services.billing.plots.BillingHistory.TITLE is a mutable array\n\nBillingHistory.java:105, MS_MUTABLE_ARRAY, Priority: High\norg.dcache.services.billing.plots.BillingHistory.TYPE is a mutable array\n\nBillingHistory.java:107, MS_MUTABLE_ARRAY, Priority: High\norg.dcache.services.billing.plots.BillingHistory.EXT is a mutable array\n\nBillingHistory.java:170, RV_RETURN_VALUE_IGNORED_BAD_PRACTICE, Priority: Normal\norg.dcache.services.billing.plots.BillingHistory.run() ignores exceptional return value of java.io.File.delete()\n\nBillingHistory.java:178, RV_RETURN_VALUE_IGNORED_BAD_PRACTICE, Priority: Normal\norg.dcache.services.billing.plots.BillingHistory.run() ignores exceptional return value of java.io.File.mkdirs()\n\nBillingHistory.java:261, OBL_UNSATISFIED_OBLIGATION, Priority: Normal\nMethod org.dcache.services.billing.plots.BillingHistory.initializeProperties(ClassLoader) may fail to clean up java.io.InputStream\n\nBillingHistory.java:261, OS_OPEN_STREAM, Priority: Normal\norg.dcache.services.billing.plots.BillingHistory.initializeProperties(ClassLoader) may fail to close stream\n\nBillingHistory.java:265, NP_LOAD_OF_KNOWN_NULL_VALUE, Priority: Normal\nLoad of known null value in org.dcache.services.billing.plots.BillingHistory.initializeProperties(ClassLoader)\n\nJaidaTimeFrameHistogramFactory.java:116, OS_OPEN_STREAM, Priority: Normal\norg.dcache.services.billing.plots.jaida.JaidaTimeFrameHistogramFactory.initialize(IBillingInfoAccess, String) may fail to close stream\n\nJaidaTimeFrameHistogramFactory.java:116, OBL_UNSATISFIED_OBLIGATION, Priority: Normal\nMethod org.dcache.services.billing.plots.jaida.JaidaTimeFrameHistogramFactory.initialize(IBillingInfoAccess, String) may fail to clean up java.io.InputStream\n\nJaidaTimeFramePlot.java:50, EI_EXPOSE_REP2, Priority: Normal\nnew org.dcache.services.billing.plots.jaida.JaidaTimeFramePlot(IAnalysisFactory, ITree, String, String[], Properties) may expose internal representation by storing an externally mutable object into JaidaTimeFramePlot.titles\n\nTimeFrame.java:182, EI_EXPOSE_REP, Priority: Normal\norg.dcache.services.billing.plots.util.TimeFrame.getLow() may expose internal representation by returning TimeFrame.low\n\nTimeFrame.java:189, EI_EXPOSE_REP, Priority: Normal\norg.dcache.services.billing.plots.util.TimeFrame.getHigh() may expose internal representation by returning TimeFrame.high\n\n\nPatch: http://rb.dcache.org/r/4373/\nAck'd-by: Paul\nTarget: trunk\n\nRELEASE NOTES:  No changes.",
        "Fix_location": [
          {
            "File": "MS_MUTABLE_ARRAY/files/16/Fix/BillingHistory.java",
            "Locations": [ "112:5-113:35" ]
          }
        ],
        "API_URL": "https://api.github.com/repos/femiadeyemi/dCacheRESTful-API/commits/cd3490e24627beba34a0aaf8fcf775898e345e65",
        "HTML_URL": "https://github.com/femiadeyemi/dCacheRESTful-API/commit/cd3490e24627beba34a0aaf8fcf775898e345e65"
      }
    },
    {
      "Entry_ID": "17",
      "Base": {
        "Commit_ID": "53a08ce3465770fa6029897fb522ba070cd02c9c",
        "Message": "nfsv4: mover: include all network interfaces in the reply\n\nutilize multipath capability of NFS device address. This\nwill allow to mount with IPv4 and still have data transvers\nwith IPv6. Client will choose the correct endpoind according\ninternal policies.\n\nAcked-by: Paul Millar\nPatch: http://rb.dcache.org/r/4364/\n\nRELEASE NOTES:\n\n  NFS mover/service on pools may includes all host interfaces into multi-path reply. This allows\n  a client to choose most appropriated network end point.",
        "Bug_location": [
          {
            "File": "MS_MUTABLE_ARRAY/files/17/Base/BillingHistory.java",
            "Locations": [ "124:5-124:34" ]
          }
        ],
        "API_URL": "https://api.github.com/repos/femiadeyemi/dCacheRESTful-API/commits/53a08ce3465770fa6029897fb522ba070cd02c9c",
        "HTML_URL": "https://github.com/femiadeyemi/dCacheRESTful-API/commit/53a08ce3465770fa6029897fb522ba070cd02c9c"
      },
      "Fix": {
        "Commit_ID": "cd3490e24627beba34a0aaf8fcf775898e345e65",
        "Message": "Findbugs fixes for billing code.\n\nThe following bugs have been fixed:\n\nBillingCell.java:246, RV_RETURN_VALUE_IGNORED_BAD_PRACTICE, Priority: Normal\norg.dcache.services.billing.cells.BillingCell.dumpPoolStatistics(String) ignores exceptional return value of java.io.File.delete()\n\nPoolStatusCollector.java:71, RV_RETURN_VALUE_IGNORED_BAD_PRACTICE, Priority: Normal\norg.dcache.services.billing.cells.PoolStatusCollector.run() ignores exceptional return value of java.io.File.delete()\n\nDataNucleusBillingInfo.java:57, OBL_UNSATISFIED_OBLIGATION, Priority: Normal\nMethod org.dcache.services.billing.db.impl.datanucleus.DataNucleusBillingInfo.initializeInternal() may fail to clean up java.io.InputStream\n\nDataNucleusBillingInfo.java:57, OS_OPEN_STREAM, Priority: Normal\norg.dcache.services.billing.db.impl.datanucleus.DataNucleusBillingInfo.initializeInternal() may fail to close stream\n\nDataNucleusBillingInfo.java:63, NP_LOAD_OF_KNOWN_NULL_VALUE, Priority: Normal\nLoad of known null value in org.dcache.services.billing.db.impl.datanucleus.DataNucleusBillingInfo.initializeInternal()\n\nDataNucleusBillingInfo.java:187, NP_NULL_PARAM_DEREF, Priority: Normal\nMethod call in org.dcache.services.billing.db.impl.datanucleus.DataNucleusBillingInfo.get(Class, String, String, Object[]) passes null for nonnull parameter of java.util.Arrays.asList(Object[])\n\nBillingHistory.java:-1, MS_MUTABLE_ARRAY, Priority: High\norg.dcache.services.billing.plots.BillingHistory.TITLE is a mutable array\n\nBillingHistory.java:105, MS_MUTABLE_ARRAY, Priority: High\norg.dcache.services.billing.plots.BillingHistory.TYPE is a mutable array\n\nBillingHistory.java:107, MS_MUTABLE_ARRAY, Priority: High\norg.dcache.services.billing.plots.BillingHistory.EXT is a mutable array\n\nBillingHistory.java:170, RV_RETURN_VALUE_IGNORED_BAD_PRACTICE, Priority: Normal\norg.dcache.services.billing.plots.BillingHistory.run() ignores exceptional return value of java.io.File.delete()\n\nBillingHistory.java:178, RV_RETURN_VALUE_IGNORED_BAD_PRACTICE, Priority: Normal\norg.dcache.services.billing.plots.BillingHistory.run() ignores exceptional return value of java.io.File.mkdirs()\n\nBillingHistory.java:261, OBL_UNSATISFIED_OBLIGATION, Priority: Normal\nMethod org.dcache.services.billing.plots.BillingHistory.initializeProperties(ClassLoader) may fail to clean up java.io.InputStream\n\nBillingHistory.java:261, OS_OPEN_STREAM, Priority: Normal\norg.dcache.services.billing.plots.BillingHistory.initializeProperties(ClassLoader) may fail to close stream\n\nBillingHistory.java:265, NP_LOAD_OF_KNOWN_NULL_VALUE, Priority: Normal\nLoad of known null value in org.dcache.services.billing.plots.BillingHistory.initializeProperties(ClassLoader)\n\nJaidaTimeFrameHistogramFactory.java:116, OS_OPEN_STREAM, Priority: Normal\norg.dcache.services.billing.plots.jaida.JaidaTimeFrameHistogramFactory.initialize(IBillingInfoAccess, String) may fail to close stream\n\nJaidaTimeFrameHistogramFactory.java:116, OBL_UNSATISFIED_OBLIGATION, Priority: Normal\nMethod org.dcache.services.billing.plots.jaida.JaidaTimeFrameHistogramFactory.initialize(IBillingInfoAccess, String) may fail to clean up java.io.InputStream\n\nJaidaTimeFramePlot.java:50, EI_EXPOSE_REP2, Priority: Normal\nnew org.dcache.services.billing.plots.jaida.JaidaTimeFramePlot(IAnalysisFactory, ITree, String, String[], Properties) may expose internal representation by storing an externally mutable object into JaidaTimeFramePlot.titles\n\nTimeFrame.java:182, EI_EXPOSE_REP, Priority: Normal\norg.dcache.services.billing.plots.util.TimeFrame.getLow() may expose internal representation by returning TimeFrame.low\n\nTimeFrame.java:189, EI_EXPOSE_REP, Priority: Normal\norg.dcache.services.billing.plots.util.TimeFrame.getHigh() may expose internal representation by returning TimeFrame.high\n\n\nPatch: http://rb.dcache.org/r/4373/\nAck'd-by: Paul\nTarget: trunk\n\nRELEASE NOTES:  No changes.",
        "Fix_location": [
          {
            "File": "MS_MUTABLE_ARRAY/files/17/Fix/BillingHistory.java",
            "Locations": [ "130:5-130:41" ]
          }
        ],
        "API_URL": "https://api.github.com/repos/femiadeyemi/dCacheRESTful-API/commits/cd3490e24627beba34a0aaf8fcf775898e345e65",
        "HTML_URL": "https://github.com/femiadeyemi/dCacheRESTful-API/commit/cd3490e24627beba34a0aaf8fcf775898e345e65"
      }
    },
    {
      "Entry_ID": "18",
      "Base": {
        "Commit_ID": "53a08ce3465770fa6029897fb522ba070cd02c9c",
        "Message": "nfsv4: mover: include all network interfaces in the reply\n\nutilize multipath capability of NFS device address. This\nwill allow to mount with IPv4 and still have data transvers\nwith IPv6. Client will choose the correct endpoind according\ninternal policies.\n\nAcked-by: Paul Millar\nPatch: http://rb.dcache.org/r/4364/\n\nRELEASE NOTES:\n\n  NFS mover/service on pools may includes all host interfaces into multi-path reply. This allows\n  a client to choose most appropriated network end point.",
        "Bug_location": [
          {
            "File": "MS_MUTABLE_ARRAY/files/18/Base/BillingHistory.java",
            "Locations": [ "272:9-279:75" ]
          }
        ],
        "API_URL": "https://api.github.com/repos/femiadeyemi/dCacheRESTful-API/commits/53a08ce3465770fa6029897fb522ba070cd02c9c",
        "HTML_URL": "https://github.com/femiadeyemi/dCacheRESTful-API/commit/53a08ce3465770fa6029897fb522ba070cd02c9c"
      },
      "Fix": {
        "Commit_ID": "cd3490e24627beba34a0aaf8fcf775898e345e65",
        "Message": "Findbugs fixes for billing code.\n\nThe following bugs have been fixed:\n\nBillingCell.java:246, RV_RETURN_VALUE_IGNORED_BAD_PRACTICE, Priority: Normal\norg.dcache.services.billing.cells.BillingCell.dumpPoolStatistics(String) ignores exceptional return value of java.io.File.delete()\n\nPoolStatusCollector.java:71, RV_RETURN_VALUE_IGNORED_BAD_PRACTICE, Priority: Normal\norg.dcache.services.billing.cells.PoolStatusCollector.run() ignores exceptional return value of java.io.File.delete()\n\nDataNucleusBillingInfo.java:57, OBL_UNSATISFIED_OBLIGATION, Priority: Normal\nMethod org.dcache.services.billing.db.impl.datanucleus.DataNucleusBillingInfo.initializeInternal() may fail to clean up java.io.InputStream\n\nDataNucleusBillingInfo.java:57, OS_OPEN_STREAM, Priority: Normal\norg.dcache.services.billing.db.impl.datanucleus.DataNucleusBillingInfo.initializeInternal() may fail to close stream\n\nDataNucleusBillingInfo.java:63, NP_LOAD_OF_KNOWN_NULL_VALUE, Priority: Normal\nLoad of known null value in org.dcache.services.billing.db.impl.datanucleus.DataNucleusBillingInfo.initializeInternal()\n\nDataNucleusBillingInfo.java:187, NP_NULL_PARAM_DEREF, Priority: Normal\nMethod call in org.dcache.services.billing.db.impl.datanucleus.DataNucleusBillingInfo.get(Class, String, String, Object[]) passes null for nonnull parameter of java.util.Arrays.asList(Object[])\n\nBillingHistory.java:-1, MS_MUTABLE_ARRAY, Priority: High\norg.dcache.services.billing.plots.BillingHistory.TITLE is a mutable array\n\nBillingHistory.java:105, MS_MUTABLE_ARRAY, Priority: High\norg.dcache.services.billing.plots.BillingHistory.TYPE is a mutable array\n\nBillingHistory.java:107, MS_MUTABLE_ARRAY, Priority: High\norg.dcache.services.billing.plots.BillingHistory.EXT is a mutable array\n\nBillingHistory.java:170, RV_RETURN_VALUE_IGNORED_BAD_PRACTICE, Priority: Normal\norg.dcache.services.billing.plots.BillingHistory.run() ignores exceptional return value of java.io.File.delete()\n\nBillingHistory.java:178, RV_RETURN_VALUE_IGNORED_BAD_PRACTICE, Priority: Normal\norg.dcache.services.billing.plots.BillingHistory.run() ignores exceptional return value of java.io.File.mkdirs()\n\nBillingHistory.java:261, OBL_UNSATISFIED_OBLIGATION, Priority: Normal\nMethod org.dcache.services.billing.plots.BillingHistory.initializeProperties(ClassLoader) may fail to clean up java.io.InputStream\n\nBillingHistory.java:261, OS_OPEN_STREAM, Priority: Normal\norg.dcache.services.billing.plots.BillingHistory.initializeProperties(ClassLoader) may fail to close stream\n\nBillingHistory.java:265, NP_LOAD_OF_KNOWN_NULL_VALUE, Priority: Normal\nLoad of known null value in org.dcache.services.billing.plots.BillingHistory.initializeProperties(ClassLoader)\n\nJaidaTimeFrameHistogramFactory.java:116, OS_OPEN_STREAM, Priority: Normal\norg.dcache.services.billing.plots.jaida.JaidaTimeFrameHistogramFactory.initialize(IBillingInfoAccess, String) may fail to close stream\n\nJaidaTimeFrameHistogramFactory.java:116, OBL_UNSATISFIED_OBLIGATION, Priority: Normal\nMethod org.dcache.services.billing.plots.jaida.JaidaTimeFrameHistogramFactory.initialize(IBillingInfoAccess, String) may fail to clean up java.io.InputStream\n\nJaidaTimeFramePlot.java:50, EI_EXPOSE_REP2, Priority: Normal\nnew org.dcache.services.billing.plots.jaida.JaidaTimeFramePlot(IAnalysisFactory, ITree, String, String[], Properties) may expose internal representation by storing an externally mutable object into JaidaTimeFramePlot.titles\n\nTimeFrame.java:182, EI_EXPOSE_REP, Priority: Normal\norg.dcache.services.billing.plots.util.TimeFrame.getLow() may expose internal representation by returning TimeFrame.low\n\nTimeFrame.java:189, EI_EXPOSE_REP, Priority: Normal\norg.dcache.services.billing.plots.util.TimeFrame.getHigh() may expose internal representation by returning TimeFrame.high\n\n\nPatch: http://rb.dcache.org/r/4373/\nAck'd-by: Paul\nTarget: trunk\n\nRELEASE NOTES:  No changes.",
        "Fix_location": [
          {
            "File": "MS_MUTABLE_ARRAY/files/18/Fix/BillingHistory.java",
            "Locations": [ "308:9-315:81" ]
          }
        ],
        "API_URL": "https://api.github.com/repos/femiadeyemi/dCacheRESTful-API/commits/cd3490e24627beba34a0aaf8fcf775898e345e65",
        "HTML_URL": "https://github.com/femiadeyemi/dCacheRESTful-API/commit/cd3490e24627beba34a0aaf8fcf775898e345e65"
      }
    },
    {
      "Entry_ID": "19",
      "Base": {
        "Commit_ID": "53a08ce3465770fa6029897fb522ba070cd02c9c",
        "Message": "nfsv4: mover: include all network interfaces in the reply\n\nutilize multipath capability of NFS device address. This\nwill allow to mount with IPv4 and still have data transvers\nwith IPv6. Client will choose the correct endpoind according\ninternal policies.\n\nAcked-by: Paul Millar\nPatch: http://rb.dcache.org/r/4364/\n\nRELEASE NOTES:\n\n  NFS mover/service on pools may includes all host interfaces into multi-path reply. This allows\n  a client to choose most appropriated network end point.",
        "Bug_location": [
          {
            "File": "MS_MUTABLE_ARRAY/files/19/Base/BillingHistory.java",
            "Locations": [ "281:9-285:75" ]
          }
        ],
        "API_URL": "https://api.github.com/repos/femiadeyemi/dCacheRESTful-API/commits/53a08ce3465770fa6029897fb522ba070cd02c9c",
        "HTML_URL": "https://github.com/femiadeyemi/dCacheRESTful-API/commit/53a08ce3465770fa6029897fb522ba070cd02c9c"
      },
      "Fix": {
        "Commit_ID": "cd3490e24627beba34a0aaf8fcf775898e345e65",
        "Message": "Findbugs fixes for billing code.\n\nThe following bugs have been fixed:\n\nBillingCell.java:246, RV_RETURN_VALUE_IGNORED_BAD_PRACTICE, Priority: Normal\norg.dcache.services.billing.cells.BillingCell.dumpPoolStatistics(String) ignores exceptional return value of java.io.File.delete()\n\nPoolStatusCollector.java:71, RV_RETURN_VALUE_IGNORED_BAD_PRACTICE, Priority: Normal\norg.dcache.services.billing.cells.PoolStatusCollector.run() ignores exceptional return value of java.io.File.delete()\n\nDataNucleusBillingInfo.java:57, OBL_UNSATISFIED_OBLIGATION, Priority: Normal\nMethod org.dcache.services.billing.db.impl.datanucleus.DataNucleusBillingInfo.initializeInternal() may fail to clean up java.io.InputStream\n\nDataNucleusBillingInfo.java:57, OS_OPEN_STREAM, Priority: Normal\norg.dcache.services.billing.db.impl.datanucleus.DataNucleusBillingInfo.initializeInternal() may fail to close stream\n\nDataNucleusBillingInfo.java:63, NP_LOAD_OF_KNOWN_NULL_VALUE, Priority: Normal\nLoad of known null value in org.dcache.services.billing.db.impl.datanucleus.DataNucleusBillingInfo.initializeInternal()\n\nDataNucleusBillingInfo.java:187, NP_NULL_PARAM_DEREF, Priority: Normal\nMethod call in org.dcache.services.billing.db.impl.datanucleus.DataNucleusBillingInfo.get(Class, String, String, Object[]) passes null for nonnull parameter of java.util.Arrays.asList(Object[])\n\nBillingHistory.java:-1, MS_MUTABLE_ARRAY, Priority: High\norg.dcache.services.billing.plots.BillingHistory.TITLE is a mutable array\n\nBillingHistory.java:105, MS_MUTABLE_ARRAY, Priority: High\norg.dcache.services.billing.plots.BillingHistory.TYPE is a mutable array\n\nBillingHistory.java:107, MS_MUTABLE_ARRAY, Priority: High\norg.dcache.services.billing.plots.BillingHistory.EXT is a mutable array\n\nBillingHistory.java:170, RV_RETURN_VALUE_IGNORED_BAD_PRACTICE, Priority: Normal\norg.dcache.services.billing.plots.BillingHistory.run() ignores exceptional return value of java.io.File.delete()\n\nBillingHistory.java:178, RV_RETURN_VALUE_IGNORED_BAD_PRACTICE, Priority: Normal\norg.dcache.services.billing.plots.BillingHistory.run() ignores exceptional return value of java.io.File.mkdirs()\n\nBillingHistory.java:261, OBL_UNSATISFIED_OBLIGATION, Priority: Normal\nMethod org.dcache.services.billing.plots.BillingHistory.initializeProperties(ClassLoader) may fail to clean up java.io.InputStream\n\nBillingHistory.java:261, OS_OPEN_STREAM, Priority: Normal\norg.dcache.services.billing.plots.BillingHistory.initializeProperties(ClassLoader) may fail to close stream\n\nBillingHistory.java:265, NP_LOAD_OF_KNOWN_NULL_VALUE, Priority: Normal\nLoad of known null value in org.dcache.services.billing.plots.BillingHistory.initializeProperties(ClassLoader)\n\nJaidaTimeFrameHistogramFactory.java:116, OS_OPEN_STREAM, Priority: Normal\norg.dcache.services.billing.plots.jaida.JaidaTimeFrameHistogramFactory.initialize(IBillingInfoAccess, String) may fail to close stream\n\nJaidaTimeFrameHistogramFactory.java:116, OBL_UNSATISFIED_OBLIGATION, Priority: Normal\nMethod org.dcache.services.billing.plots.jaida.JaidaTimeFrameHistogramFactory.initialize(IBillingInfoAccess, String) may fail to clean up java.io.InputStream\n\nJaidaTimeFramePlot.java:50, EI_EXPOSE_REP2, Priority: Normal\nnew org.dcache.services.billing.plots.jaida.JaidaTimeFramePlot(IAnalysisFactory, ITree, String, String[], Properties) may expose internal representation by storing an externally mutable object into JaidaTimeFramePlot.titles\n\nTimeFrame.java:182, EI_EXPOSE_REP, Priority: Normal\norg.dcache.services.billing.plots.util.TimeFrame.getLow() may expose internal representation by returning TimeFrame.low\n\nTimeFrame.java:189, EI_EXPOSE_REP, Priority: Normal\norg.dcache.services.billing.plots.util.TimeFrame.getHigh() may expose internal representation by returning TimeFrame.high\n\n\nPatch: http://rb.dcache.org/r/4373/\nAck'd-by: Paul\nTarget: trunk\n\nRELEASE NOTES:  No changes.",
        "Fix_location": [
          {
            "File": "MS_MUTABLE_ARRAY/files/19/Fix/BillingHistory.java",
            "Locations": [ "317:9-321:77" ]
          }
        ],
        "API_URL": "https://api.github.com/repos/femiadeyemi/dCacheRESTful-API/commits/cd3490e24627beba34a0aaf8fcf775898e345e65",
        "HTML_URL": "https://github.com/femiadeyemi/dCacheRESTful-API/commit/cd3490e24627beba34a0aaf8fcf775898e345e65"
      }
    },
    {
      "Entry_ID": "20",
      "Base": {
        "Commit_ID": "53a08ce3465770fa6029897fb522ba070cd02c9c",
        "Message": "nfsv4: mover: include all network interfaces in the reply\n\nutilize multipath capability of NFS device address. This\nwill allow to mount with IPv4 and still have data transvers\nwith IPv6. Client will choose the correct endpoind according\ninternal policies.\n\nAcked-by: Paul Millar\nPatch: http://rb.dcache.org/r/4364/\n\nRELEASE NOTES:\n\n  NFS mover/service on pools may includes all host interfaces into multi-path reply. This allows\n  a client to choose most appropriated network end point.",
        "Bug_location": [
          {
            "File": "MS_MUTABLE_ARRAY/files/20/Base/BillingHistory.java",
            "Locations": [ "131:5-131:34" ]
          }
        ],
        "API_URL": "https://api.github.com/repos/femiadeyemi/dCacheRESTful-API/commits/53a08ce3465770fa6029897fb522ba070cd02c9c",
        "HTML_URL": "https://github.com/femiadeyemi/dCacheRESTful-API/commit/53a08ce3465770fa6029897fb522ba070cd02c9c"
      },
      "Fix": {
        "Commit_ID": "cd3490e24627beba34a0aaf8fcf775898e345e65",
        "Message": "Findbugs fixes for billing code.\n\nThe following bugs have been fixed:\n\nBillingCell.java:246, RV_RETURN_VALUE_IGNORED_BAD_PRACTICE, Priority: Normal\norg.dcache.services.billing.cells.BillingCell.dumpPoolStatistics(String) ignores exceptional return value of java.io.File.delete()\n\nPoolStatusCollector.java:71, RV_RETURN_VALUE_IGNORED_BAD_PRACTICE, Priority: Normal\norg.dcache.services.billing.cells.PoolStatusCollector.run() ignores exceptional return value of java.io.File.delete()\n\nDataNucleusBillingInfo.java:57, OBL_UNSATISFIED_OBLIGATION, Priority: Normal\nMethod org.dcache.services.billing.db.impl.datanucleus.DataNucleusBillingInfo.initializeInternal() may fail to clean up java.io.InputStream\n\nDataNucleusBillingInfo.java:57, OS_OPEN_STREAM, Priority: Normal\norg.dcache.services.billing.db.impl.datanucleus.DataNucleusBillingInfo.initializeInternal() may fail to close stream\n\nDataNucleusBillingInfo.java:63, NP_LOAD_OF_KNOWN_NULL_VALUE, Priority: Normal\nLoad of known null value in org.dcache.services.billing.db.impl.datanucleus.DataNucleusBillingInfo.initializeInternal()\n\nDataNucleusBillingInfo.java:187, NP_NULL_PARAM_DEREF, Priority: Normal\nMethod call in org.dcache.services.billing.db.impl.datanucleus.DataNucleusBillingInfo.get(Class, String, String, Object[]) passes null for nonnull parameter of java.util.Arrays.asList(Object[])\n\nBillingHistory.java:-1, MS_MUTABLE_ARRAY, Priority: High\norg.dcache.services.billing.plots.BillingHistory.TITLE is a mutable array\n\nBillingHistory.java:105, MS_MUTABLE_ARRAY, Priority: High\norg.dcache.services.billing.plots.BillingHistory.TYPE is a mutable array\n\nBillingHistory.java:107, MS_MUTABLE_ARRAY, Priority: High\norg.dcache.services.billing.plots.BillingHistory.EXT is a mutable array\n\nBillingHistory.java:170, RV_RETURN_VALUE_IGNORED_BAD_PRACTICE, Priority: Normal\norg.dcache.services.billing.plots.BillingHistory.run() ignores exceptional return value of java.io.File.delete()\n\nBillingHistory.java:178, RV_RETURN_VALUE_IGNORED_BAD_PRACTICE, Priority: Normal\norg.dcache.services.billing.plots.BillingHistory.run() ignores exceptional return value of java.io.File.mkdirs()\n\nBillingHistory.java:261, OBL_UNSATISFIED_OBLIGATION, Priority: Normal\nMethod org.dcache.services.billing.plots.BillingHistory.initializeProperties(ClassLoader) may fail to clean up java.io.InputStream\n\nBillingHistory.java:261, OS_OPEN_STREAM, Priority: Normal\norg.dcache.services.billing.plots.BillingHistory.initializeProperties(ClassLoader) may fail to close stream\n\nBillingHistory.java:265, NP_LOAD_OF_KNOWN_NULL_VALUE, Priority: Normal\nLoad of known null value in org.dcache.services.billing.plots.BillingHistory.initializeProperties(ClassLoader)\n\nJaidaTimeFrameHistogramFactory.java:116, OS_OPEN_STREAM, Priority: Normal\norg.dcache.services.billing.plots.jaida.JaidaTimeFrameHistogramFactory.initialize(IBillingInfoAccess, String) may fail to close stream\n\nJaidaTimeFrameHistogramFactory.java:116, OBL_UNSATISFIED_OBLIGATION, Priority: Normal\nMethod org.dcache.services.billing.plots.jaida.JaidaTimeFrameHistogramFactory.initialize(IBillingInfoAccess, String) may fail to clean up java.io.InputStream\n\nJaidaTimeFramePlot.java:50, EI_EXPOSE_REP2, Priority: Normal\nnew org.dcache.services.billing.plots.jaida.JaidaTimeFramePlot(IAnalysisFactory, ITree, String, String[], Properties) may expose internal representation by storing an externally mutable object into JaidaTimeFramePlot.titles\n\nTimeFrame.java:182, EI_EXPOSE_REP, Priority: Normal\norg.dcache.services.billing.plots.util.TimeFrame.getLow() may expose internal representation by returning TimeFrame.low\n\nTimeFrame.java:189, EI_EXPOSE_REP, Priority: Normal\norg.dcache.services.billing.plots.util.TimeFrame.getHigh() may expose internal representation by returning TimeFrame.high\n\n\nPatch: http://rb.dcache.org/r/4373/\nAck'd-by: Paul\nTarget: trunk\n\nRELEASE NOTES:  No changes.",
        "Fix_location": [
          {
            "File": "MS_MUTABLE_ARRAY/files/20/Fix/BillingHistory.java",
            "Locations": [ "152:5-152:44" ]
          }
        ],
        "API_URL": "https://api.github.com/repos/femiadeyemi/dCacheRESTful-API/commits/cd3490e24627beba34a0aaf8fcf775898e345e65",
        "HTML_URL": "https://github.com/femiadeyemi/dCacheRESTful-API/commit/cd3490e24627beba34a0aaf8fcf775898e345e65"
      }
    },
    {
      "Entry_ID": "21",
      "Base": {
        "Commit_ID": "c030f2e0e438e97906e455f1c8b1c976a7080068",
        "Message": "Automated merge with main-silver",
        "Bug_location": [
          {
            "File": "MS_MUTABLE_ARRAY/files/21/Base/EnvWriter.java",
            "Locations": [ "60:5-64:7" ]
          }
        ],
        "API_URL": "https://api.github.com/repos/emilianbold/main-silver/commits/c030f2e0e438e97906e455f1c8b1c976a7080068",
        "HTML_URL": "https://github.com/emilianbold/main-silver/commit/c030f2e0e438e97906e455f1c8b1c976a7080068"
      },
      "Fix": {
        "Commit_ID": "1104371244fe2870176409e8ac28de8c0af6ec78",
        "Message": "fix of find bugs warning MS_MUTABLE_ARRAY)",
        "Fix_location": [
          {
            "File": "MS_MUTABLE_ARRAY/files/21/Fix/EnvWriter.java",
            "Locations": [ "63:5-66:25" ]
          }
        ],
        "API_URL": "https://api.github.com/repos/emilianbold/main-silver/commits/1104371244fe2870176409e8ac28de8c0af6ec78",
        "HTML_URL": "https://github.com/emilianbold/main-silver/commit/1104371244fe2870176409e8ac28de8c0af6ec78"
      }
    },
    {
      "Entry_ID": "22",
      "Base": {
        "Commit_ID": "c030f2e0e438e97906e455f1c8b1c976a7080068",
        "Message": "Automated merge with main-silver",
        "Bug_location": [
          {
            "File": "MS_MUTABLE_ARRAY/files/22/Base/MercurialAnnotator.java",
            "Locations": [ "135:5-135:95" ]
          }
        ],
        "API_URL": "https://api.github.com/repos/emilianbold/main-silver/commits/c030f2e0e438e97906e455f1c8b1c976a7080068",
        "HTML_URL": "https://github.com/emilianbold/main-silver/commit/c030f2e0e438e97906e455f1c8b1c976a7080068"
      },
      "Fix": {
        "Commit_ID": "1104371244fe2870176409e8ac28de8c0af6ec78",
        "Message": "fix of find bugs warning MS_MUTABLE_ARRAY)",
        "Fix_location": [
          {
            "File": "MS_MUTABLE_ARRAY/files/22/Fix/MercurialAnnotator.java",
            "Locations": [ "138:5-138:129" ]
          }
        ],
        "API_URL": "https://api.github.com/repos/emilianbold/main-silver/commits/1104371244fe2870176409e8ac28de8c0af6ec78",
        "HTML_URL": "https://github.com/emilianbold/main-silver/commit/1104371244fe2870176409e8ac28de8c0af6ec78"
      }
    },
    {
      "Entry_ID": "23",
      "Base": {
        "Commit_ID": "c030f2e0e438e97906e455f1c8b1c976a7080068",
        "Message": "Automated merge with main-silver",
        "Bug_location": [
          {
            "File": "MS_MUTABLE_ARRAY/files/23/Base/Annotator.java",
            "Locations": [ "124:5-125:107" ]
          }
        ],
        "API_URL": "https://api.github.com/repos/emilianbold/main-silver/commits/c030f2e0e438e97906e455f1c8b1c976a7080068",
        "HTML_URL": "https://github.com/emilianbold/main-silver/commit/c030f2e0e438e97906e455f1c8b1c976a7080068"
      },
      "Fix": {
        "Commit_ID": "1104371244fe2870176409e8ac28de8c0af6ec78",
        "Message": "fix of find bugs warning MS_MUTABLE_ARRAY)",
        "Fix_location": [
          {
            "File": "MS_MUTABLE_ARRAY/files/23/Fix/Annotator.java",
            "Locations": [ "126:5-127:108" ]
          }
        ],
        "API_URL": "https://api.github.com/repos/emilianbold/main-silver/commits/1104371244fe2870176409e8ac28de8c0af6ec78",
        "HTML_URL": "https://github.com/emilianbold/main-silver/commit/1104371244fe2870176409e8ac28de8c0af6ec78"
      }
    },
    {
      "Entry_ID": "24",
      "Base": {
        "Commit_ID": "8c5e26d301a86a3391ac90226eb2df6cc3fe7d56",
        "Message": "supported receipt item for Jas",
        "Bug_location": [
          {
            "File": "MS_MUTABLE_ARRAY/files/24/Base/ActionValue.java",
            "Locations": [ "44:5-44:60" ]
          }
        ],
        "API_URL": "https://api.github.com/repos/hispindia/his-jas/commits/8c5e26d301a86a3391ac90226eb2df6cc3fe7d56",
        "HTML_URL": "https://github.com/hispindia/his-jas/commit/8c5e26d301a86a3391ac90226eb2df6cc3fe7d56"
      },
      "Fix": {
        "Commit_ID": "6d77c894d819808334ed7aa7342fb2ef24bf9004",
        "Message": "Fixed  MS_MUTABLE_ARRAY for:\norg.openmrs.module.jas.util.ActionValue.INDENT_SUBSTORE\norg.openmrs.module.jas.util.ActionValue.TRANSACTION\norg.openmrs.module.jas.util.ActionValue.TRANSACTION_NAMES",
        "Fix_location": [
          {
            "File": "MS_MUTABLE_ARRAY/files/24/Fix/ActionValue.java",
            "Locations": [ "43:5-43:114" ]
          }
        ],
        "API_URL": "https://api.github.com/repos/hispindia/his-jas/commits/6d77c894d819808334ed7aa7342fb2ef24bf9004",
        "HTML_URL": "https://github.com/hispindia/his-jas/commit/6d77c894d819808334ed7aa7342fb2ef24bf9004"
      }
    },
    {
      "Entry_ID": "25",
      "Base": {
        "Commit_ID": "8c5e26d301a86a3391ac90226eb2df6cc3fe7d56",
        "Message": "supported receipt item for Jas",
        "Bug_location": [
          {
            "File": "MS_MUTABLE_ARRAY/files/25/Base/ActionValue.java",
            "Locations": [ "48:5-48:48" ]
          }
        ],
        "API_URL": "https://api.github.com/repos/hispindia/his-jas/commits/8c5e26d301a86a3391ac90226eb2df6cc3fe7d56",
        "HTML_URL": "https://github.com/hispindia/his-jas/commit/8c5e26d301a86a3391ac90226eb2df6cc3fe7d56"
      },
      "Fix": {
        "Commit_ID": "6d77c894d819808334ed7aa7342fb2ef24bf9004",
        "Message": "Fixed  MS_MUTABLE_ARRAY for:\norg.openmrs.module.jas.util.ActionValue.INDENT_SUBSTORE\norg.openmrs.module.jas.util.ActionValue.TRANSACTION\norg.openmrs.module.jas.util.ActionValue.TRANSACTION_NAMES",
        "Fix_location": [
          {
            "File": "MS_MUTABLE_ARRAY/files/25/Fix/ActionValue.java",
            "Locations": [ "48:5-48:102" ]
          }
        ],
        "API_URL": "https://api.github.com/repos/hispindia/his-jas/commits/6d77c894d819808334ed7aa7342fb2ef24bf9004",
        "HTML_URL": "https://github.com/hispindia/his-jas/commit/6d77c894d819808334ed7aa7342fb2ef24bf9004"
      }
    },
    {
      "Entry_ID": "26",
      "Base": {
        "Commit_ID": "8c5e26d301a86a3391ac90226eb2df6cc3fe7d56",
        "Message": "supported receipt item for Jas",
        "Bug_location": [
          {
            "File": "MS_MUTABLE_ARRAY/files/26/Base/ActionValue.java",
            "Locations": [ "51:5-51:70" ]
          }
        ],
        "API_URL": "https://api.github.com/repos/hispindia/his-jas/commits/8c5e26d301a86a3391ac90226eb2df6cc3fe7d56",
        "HTML_URL": "https://github.com/hispindia/his-jas/commit/8c5e26d301a86a3391ac90226eb2df6cc3fe7d56"
      },
      "Fix": {
        "Commit_ID": "6d77c894d819808334ed7aa7342fb2ef24bf9004",
        "Message": "Fixed  MS_MUTABLE_ARRAY for:\norg.openmrs.module.jas.util.ActionValue.INDENT_SUBSTORE\norg.openmrs.module.jas.util.ActionValue.TRANSACTION\norg.openmrs.module.jas.util.ActionValue.TRANSACTION_NAMES",
        "Fix_location": [
          {
            "File": "MS_MUTABLE_ARRAY/files/26/Fix/ActionValue.java",
            "Locations": [ "52:5-52:123" ]
          }
        ],
        "API_URL": "https://api.github.com/repos/hispindia/his-jas/commits/6d77c894d819808334ed7aa7342fb2ef24bf9004",
        "HTML_URL": "https://github.com/hispindia/his-jas/commit/6d77c894d819808334ed7aa7342fb2ef24bf9004"
      }
    }
  ]
}